main_champion,main_champion_games,counter_champion,delta,matchup_games
Ahri,,Heimerdinger,-0.68,6670
Ahri,,Singed,1.21,1941
Ahri,,Veigar,-0.95,81174
Ahri,,Rek'Sai,-0.88,161
Ahri,,Kalista,-2.45,750
Ahri,,Rakan,-3.74,271
Ahri,,Neeko,-2.18,4759
Ahri,,Xerath,0.21,46564
Ahri,,Fizz,-0.13,65997
Ahri,,Lux,-0.48,58889
Ahri,,Naafiri,-1.52,30801
Ahri,,Kayle,-0.37,3759
Ahri,,Maokai,-3.40,266
Ahri,,Swain,0.19,9378
Ahri,,Tahm Kench,-0.17,966
Ahri,,Malzahar,0.59,85160
Ahri,,Kled,1.85,1036
Ahri,,Karthus,-1.84,1707
Ahri,,Vex,0.08,45801
Ahri,,Morgana,-0.42,7869
Ahri,,Vladimir,-0.24,37025
Ahri,,Annie,-0.94,26311
Ahri,,Syndra,-0.48,80046
Ahri,,Teemo,0.19,4432
Ahri,,Mordekaiser,2.25,2321
Ahri,,Viktor,0.18,81486
Ahri,,Kog'Maw,-0.11,2378
Ahri,,Nasus,2.71,7032
Ahri,,Zed,-1.48,87277
Ahri,,Katarina,-1.26,70366
Ahri,,Ekko,-0.19,34845
Ahri,,Mel,-4.54,53935
Ahri,,Yasuo,-1.56,104896
Ahri,,Illaoi,1.26,934
Ahri,,Ziggs,-0.25,10211
Ahri,,Diana,0.07,45805
Ahri,,Kassadin,-0.15,22728
Ahri,,Twisted Fate,0.20,41075
Ahri,,Jhin,-2.83,2584
Ahri,,Vel'Koz,0.69,10159
Ahri,,Yorick,0.29,2794
Ahri,,Lissandra,0.62,42417
Ahri,,Fiddlesticks,1.85,863
Ahri,,Quinn,1.67,3292
Ahri,,Brand,0.67,13011
Ahri,,Hwei,0.80,39260
Ahri,,Akshan,-1.01,23957
Ahri,,Talon,-0.80,18959
Ahri,,Sylas,-0.51,103180
Ahri,,Camille,-1.07,574
Ahri,,Zilean,2.60,2654
Ahri,,Urgot,0.35,586
Ahri,,Gwen,2.45,9839
Ahri,,Draven,-2.41,810
Ahri,,Kennen,2.16,3784
Ahri,,Zoe,-0.66,28535
Ahri,,Gangplank,0.50,6383
Ahri,,Jarvan IV,0.36,710
Ahri,,Ambessa,1.72,2192
Ahri,,Dr. Mundo,-0.35,1712
Ahri,,LeBlanc,-0.26,47376
Ahri,,Zyra,0.20,2568
Ahri,,Poppy,0.89,224
Ahri,,Sion,2.28,5642
Ahri,,Tryndamere,4.35,3415
Ahri,,Irelia,0.28,28744
Ahri,,Malphite,1.91,8244
Ahri,,Vayne,-0.87,1651
Ahri,,Briar,4.52,2927
Ahri,,Garen,3.48,4267
Ahri,,Aurora,0.05,23439
Ahri,,Pantheon,2.68,9402
Ahri,,Olaf,2.23,493
Ahri,,Darius,0.44,739
Ahri,,Aurelion Sol,1.61,16717
Ahri,,Shen,2.35,806
Ahri,,Xin Zhao,1.77,2092
Ahri,,Wukong,2.26,982
Ahri,,Gragas,2.76,3460
Ahri,,Tristana,-1.03,8905
Ahri,,Seraphine,-0.40,3213
Ahri,,Evelynn,1.08,157
Ahri,,Karma,-0.78,1804
Ahri,,Zac,4.19,909
Ahri,,Twitch,-0.55,1963
Ahri,,Yone,1.62,90182
Ahri,,Locke,0.41,61360
Ahri,,Anivia,1.93,21756
Ahri,,Taliyah,-0.25,10925
Ahri,,Qiyana,-0.92,18743
Ahri,,Galio,1.80,43670
Ahri,,Nidalee,-1.92,684
Ahri,,Cho'Gath,2.43,5141
Ahri,,Ryze,-0.45,26044
Ahri,,Elise,1.83,295
Ahri,,Samira,-3.17,561
Ahri,,Aphelios,-0.90,585
Ahri,,Akali,1.25,74182
Ahri,,Caitlyn,-1.47,3249
Ahri,,Smolder,-0.44,4694
Ahri,,Master Yi,2.16,1686
Ahri,,Nocturne,3.94,713
Ahri,,Jinx,-0.38,467
Ahri,,Sett,6.00,1613
Ahri,,Fiora,4.51,717
Ahri,,Nunu & Willump,1.44,2234
Ahri,,Rumble,3.52,1264
Ahri,,Vi,2.23,826
Ahri,,Cassiopeia,0.60,16109
Ahri,,Varus,-0.89,2753
Ahri,,Pyke,-1.09,698
Ahri,,Xayah,0.40,218
Ahri,,Jayce,1.55,6139
Ahri,,Orianna,0.14,30514
Ahri,,Kayn,2.23,378
Ahri,,Miss Fortune,-0.49,2143
Ahri,,Zeri,0.81,619
Ahri,,Trundle,2.13,314
Ahri,,Sejuani,2.94,389
Ahri,,Viego,3.33,1999
Ahri,,Ornn,3.13,612
Ahri,,Kai'Sa,-0.10,3715
Ahri,,Warwick,5.09,364
Ahri,,Soraka,-2.25,274
Ahri,,Azir,0.82,17856
Ahri,,Kindred,-0.52,378
Ahri,,Aatrox,3.78,1257
Ahri,,Ezreal,-1.54,6016
Ahri,,Renekton,6.65,1371
Ahri,,Sivir,-1.87,544
Ahri,,Riven,5.61,4989
Ahri,,Graves,2.36,903
Ahri,,Ashe,-0.12,1953
Ahri,,Gnar,2.04,390
Ahri,,Leona,-4.88,101
Ahri,,Thresh,-1.64,303
Ahri,,Jax,5.44,828
Ahri,,Shaco,1.84,407
Ahri,,Lucian,-0.89,2329
Ahri,,Corki,1.55,2555
Ahri,,Zaahen,6.19,600
Ahri,,Lillia,4.44,226
Ahri,,Yunara,-1.17,440
Ahri,,Udyr,2.40,421
Ahri,,Nautilus,1.29,394
Ahri,,Volibear,6.20,497
Ahri,,Lee Sin,2.57,1136
Ahri,,K'Sante,5.41,641
Ahri,,Skarner,4.41,112
Ahri,,Kha'Zix,0.95,120
Ahri,,Ivern,6.69,189
Ahri,,Alistar,2.71,222
Ahri,,Lulu,3.52,290
Ahri,,Bel'Veth,1.52,294
Ahri,,Shyvana,4.98,200
Ahri,,Senna,5.30,505
Ahri,,Janna,2.70,127
Ahri,,Blitzcrank,0.21,254
Ahri,,Sona,5.46,123
Ahri,,Bard,1.02,103
Akali,,Fiddlesticks,-4.11,1040
Akali,,Illaoi,-3.32,1212
Akali,,Veigar,-3.11,47270
Akali,,Lillia,-7.22,143
Akali,,Elise,-5.05,224
Akali,,Kled,-1.44,947
Akali,,Heimerdinger,-1.13,4958
Akali,,Shen,-3.18,750
Akali,,Rumble,-3.69,1078
Akali,,Malzahar,-2.15,48890
Akali,,Nasus,-0.47,5417
Akali,,Zac,-1.47,737
Akali,,Singed,1.33,1316
Akali,,Mordekaiser,-0.48,2499
Akali,,Briar,0.04,2463
Akali,,Quinn,-1.93,2301
Akali,,Ornn,-4.55,517
Akali,,Vex,-2.19,36755
Akali,,Tahm Kench,-2.09,847
Akali,,Twisted Fate,-2.87,30849
Akali,,Zilean,-0.87,1671
Akali,,Lissandra,-2.26,35487
Akali,,Galio,-3.15,50076
Akali,,Pantheon,-1.29,13990
Akali,,Kennen,-1.17,2592
Akali,,Swain,-0.97,6547
Akali,,Gragas,-1.06,2651
Akali,,Lux,-1.00,34757
Akali,,Aurelion Sol,-1.98,10654
Akali,,Sett,0.96,1854
Akali,,Nidalee,-6.24,422
Akali,,Yorick,-1.69,2025
Akali,,Sion,-0.36,4702
Akali,,Teemo,-0.59,3267
Akali,,Ahri,-1.27,74182
Akali,,Vladimir,-0.93,24509
Akali,,Kassadin,-1.73,14476
Akali,,Gangplank,-1.88,4569
Akali,,Morgana,-0.88,5278
Akali,,Kalista,-1.20,467
Akali,,Hwei,-0.52,22593
Akali,,Urgot,-1.00,633
Akali,,Maokai,-2.59,236
Akali,,Brand,-0.23,8504
Akali,,Kog'Maw,-0.01,1374
Akali,,Annie,-0.62,13401
Akali,,Zyra,-1.35,1530
Akali,,Neeko,-0.70,3154
Akali,,Garen,1.86,4321
Akali,,Naafiri,-0.36,21845
Akali,,Wukong,0.22,813
Akali,,Tryndamere,2.95,2809
Akali,,Talon,-1.54,18574
Akali,,Rek'Sai,1.43,151
Akali,,Syndra,0.26,41321
Akali,,Aphelios,-3.63,390
Akali,,Riven,-0.08,4032
Akali,,Renekton,1.39,2019
Akali,,Vel'Koz,0.79,5697
Akali,,Diana,0.56,32794
Akali,,Karthus,-0.51,1097
Akali,,Kayle,1.52,2189
Akali,,Ambessa,1.25,1912
Akali,,Zed,-0.42,68390
Akali,,Cho'Gath,0.43,3780
Akali,,Seraphine,-1.64,1867
Akali,,LeBlanc,-0.67,30590
Akali,,Akshan,-0.75,13781
Akali,,Fizz,2.21,48952
Akali,,Anivia,0.31,12657
Akali,,Gwen,2.39,6521
Akali,,Zoe,-0.84,17228
Akali,,Poppy,0.60,335
Akali,,Jayce,-1.55,4920
Akali,,Malphite,1.56,6612
Akali,,Vayne,-1.20,1059
Akali,,Xerath,2.72,26056
Akali,,Shaco,-3.82,296
Akali,,Sejuani,-0.36,334
Akali,,Taliyah,-1.66,6387
Akali,,Aurora,-0.30,13943
Akali,,Varus,-3.56,2114
Akali,,Aatrox,-0.48,1235
Akali,,Yasuo,-0.14,97432
Akali,,Warwick,1.61,300
Akali,,Ziggs,1.11,6447
Akali,,Dr. Mundo,-0.14,1332
Akali,,Kayn,-0.49,350
Akali,,Ryze,-1.72,18731
Akali,,Darius,0.22,799
Akali,,Sylas,0.32,78553
Akali,,K'Sante,-1.42,752
Akali,,Xayah,-1.93,168
Akali,,Evelynn,0.65,110
Akali,,Qiyana,-1.79,14113
Akali,,Volibear,0.04,530
Akali,,Kai'Sa,-2.98,2419
Akali,,Karma,-1.02,1187
Akali,,Viktor,2.72,57613
Akali,,Ekko,2.19,23041
Akali,,Jinx,-1.41,309
Akali,,Fiora,3.28,519
Akali,,Smolder,-1.08,3216
Akali,,Jhin,-0.60,1747
Akali,,Trundle,0.46,253
Akali,,Miss Fortune,-1.94,1397
Akali,,Katarina,1.80,54934
Akali,,Zeri,-0.51,387
Akali,,Corki,-2.88,1923
Akali,,Xin Zhao,2.89,1421
Akali,,Rakan,1.46,183
Akali,,Jarvan IV,2.41,460
Akali,,Ashe,-2.89,1296
Akali,,Senna,-2.45,362
Akali,,Draven,0.24,510
Akali,,Vi,2.25,712
Akali,,Yone,2.87,88259
Akali,,Irelia,3.02,24407
Akali,,Cassiopeia,0.96,10152
Akali,,Zaahen,2.88,544
Akali,,Caitlyn,-0.39,2258
Akali,,Ivern,0.62,143
Akali,,Mel,0.03,25683
Akali,,Shyvana,-1.44,161
Akali,,Graves,0.93,659
Akali,,Nunu & Willump,2.33,1653
Akali,,Orianna,0.59,18675
Akali,,Master Yi,3.76,1127
Akali,,Twitch,1.86,1121
Akali,,Lee Sin,-0.91,1177
Akali,,Locke,2.76,59436
Akali,,Tristana,1.94,5319
Akali,,Lulu,-2.09,257
Akali,,Azir,1.14,11547
Akali,,Viego,4.22,1800
Akali,,Olaf,6.25,330
Akali,,Samira,-0.36,378
Akali,,Nocturne,6.45,524
Akali,,Jax,5.58,740
Akali,,Camille,4.87,409
Akali,,Kindred,1.14,232
Akali,,Ezreal,-0.12,4059
Akali,,Lucian,-0.73,1540
Akali,,Nautilus,0.32,354
Akali,,Thresh,-0.76,216
Akali,,Blitzcrank,-5.88,214
Akali,,Pyke,2.40,463
Akali,,Soraka,2.17,161
Akali,,Udyr,4.86,295
Akali,,Gnar,6.15,327
Akali,,Yunara,2.21,240
Akali,,Alistar,3.74,208
Akali,,Sivir,4.02,300
Akali,,Bel'Veth,4.72,215
Aatrox,,Zoe,-7.32,346
Aatrox,,Vel'Koz,-6.01,604
Aatrox,,Syndra,-4.59,386
Aatrox,,Naafiri,-4.90,2282
Aatrox,,Azir,-5.81,431
Aatrox,,Katarina,-6.91,478
Aatrox,,Heimerdinger,-4.10,12295
Aatrox,,Singed,-1.76,14768
Aatrox,,Morgana,-5.10,809
Aatrox,,LeBlanc,-4.91,434
Aatrox,,Zyra,-5.66,222
Aatrox,,Zilean,-1.65,1260
Aatrox,,Lissandra,-2.06,1277
Aatrox,,Briar,-2.46,1897
Aatrox,,Malphite,-1.78,41667
Aatrox,,Illaoi,-1.28,23877
Aatrox,,Kled,-0.93,9075
Aatrox,,Yorick,-0.73,27324
Aatrox,,Urgot,-0.94,17718
Aatrox,,Garen,-0.51,45705
Aatrox,,Irelia,-2.56,24360
Aatrox,,Zed,-0.63,2250
Aatrox,,Wukong,-0.49,6610
Aatrox,,Zac,0.14,2230
Aatrox,,Kayle,-0.37,12142
Aatrox,,Annie,-0.70,371
Aatrox,,Warwick,0.18,9242
Aatrox,,Yone,-1.33,58986
Aatrox,,Mordekaiser,0.24,68479
Aatrox,,Brand,-1.42,3088
Aatrox,,Fiora,-2.29,25842
Aatrox,,Rek'Sai,-0.44,426
Aatrox,,Ahri,0.92,822
Aatrox,,Pantheon,-1.75,17824
Aatrox,,Ornn,0.04,14862
Aatrox,,Kennen,-2.16,7436
Aatrox,,Malzahar,-0.84,3224
Aatrox,,Renekton,-0.48,38952
Aatrox,,Orianna,-3.53,133
Aatrox,,Cassiopeia,-1.57,2056
Aatrox,,Teemo,1.47,41066
Aatrox,,Karma,-3.00,739
Aatrox,,Volibear,-0.55,21490
Aatrox,,Quinn,-0.13,4442
Aatrox,,Jax,-0.08,33980
Aatrox,,Nocturne,-0.08,592
Aatrox,,Lillia,-4.75,396
Aatrox,,Vayne,-1.33,18237
Aatrox,,Yasuo,-1.52,21586
Aatrox,,Tryndamere,0.91,22631
Aatrox,,Fizz,-1.57,745
Aatrox,,Zaahen,0.18,18254
Aatrox,,Darius,-0.71,53591
Aatrox,,Gwen,-1.04,11769
Aatrox,,Qiyana,-0.62,541
Aatrox,,Gnar,-1.22,19567
Aatrox,,Lux,-0.82,472
Aatrox,,Poppy,0.47,5031
Aatrox,,Ambessa,-1.15,21904
Aatrox,,Senna,-1.83,455
Aatrox,,Nasus,2.67,39341
Aatrox,,Kog'Maw,0.42,546
Aatrox,,Jhin,-2.71,799
Aatrox,,Veigar,1.19,1257
Aatrox,,Shen,1.48,18004
Aatrox,,Diana,-1.26,683
Aatrox,,Sett,2.33,46967
Aatrox,,Kalista,-1.05,1496
Aatrox,,Shaco,-3.28,1051
Aatrox,,Tahm Kench,1.16,12654
Aatrox,,Kai'Sa,-2.62,988
Aatrox,,Sejuani,0.88,1179
Aatrox,,Fiddlesticks,1.26,1324
Aatrox,,Anivia,1.82,2627
Aatrox,,Gangplank,1.10,31821
Aatrox,,Akali,0.30,13430
Aatrox,,Gragas,-0.17,9331
Aatrox,,Viktor,1.88,1110
Aatrox,,Galio,0.94,883
Aatrox,,Camille,0.69,11138
Aatrox,,Udyr,-0.34,2571
Aatrox,,Graves,-2.01,1487
Aatrox,,Neeko,0.99,344
Aatrox,,Aurora,0.75,1778
Aatrox,,Trundle,1.40,10021
Aatrox,,Cho'Gath,1.72,14512
Aatrox,,Riven,-0.27,12996
Aatrox,,Hwei,3.99,382
Aatrox,,Corki,-2.34,409
Aatrox,,Jayce,-0.51,31093
Aatrox,,Aurelion Sol,3.01,489
Aatrox,,Vladimir,1.07,4659
Aatrox,,Olaf,2.70,13674
Aatrox,,Ziggs,-0.05,290
Aatrox,,Draven,-0.48,633
Aatrox,,Master Yi,-0.12,4229
Aatrox,,Sion,2.83,17314
Aatrox,,Akshan,2.23,610
Aatrox,,Swain,1.82,3494
Aatrox,,Rumble,0.43,9484
Aatrox,,K'Sante,-0.98,20082
Aatrox,,Xin Zhao,1.98,1823
Aatrox,,Seraphine,-0.91,110
Aatrox,,Maokai,2.57,2610
Aatrox,,Dr. Mundo,4.63,35635
Aatrox,,Ekko,1.08,782
Aatrox,,Sylas,3.03,4767
Aatrox,,Ashe,-1.62,1051
Aatrox,,Mel,-2.29,400
Aatrox,,Viego,0.47,815
Aatrox,,Nautilus,-1.37,464
Aatrox,,Locke,-1.16,3019
Aatrox,,Twisted Fate,0.94,1031
Aatrox,,Rengar,-1.74,1744
Aatrox,,Xerath,0.98,153
Aatrox,,Vi,-0.38,697
Aatrox,,Taliyah,3.79,136
Aatrox,,Caitlyn,-0.43,1472
Aatrox,,Varus,1.90,3483
Aatrox,,Tristana,0.23,1028
Aatrox,,Kayn,2.17,2456
Aatrox,,Karthus,2.35,365
Aatrox,,Shyvana,0.93,1141
Aatrox,,Lulu,-2.68,246
Aatrox,,Ivern,0.87,362
Aatrox,,Vex,5.23,189
Aatrox,,Ryze,3.44,2604
Aatrox,,Skarner,0.23,1055
Aatrox,,Rammus,2.68,400
Aatrox,,Smolder,1.67,1887
Aatrox,,Jarvan IV,0.20,433
Aatrox,,Lee Sin,-0.44,1390
Aatrox,,Thresh,-4.15,200
Aatrox,,Aphelios,2.55,132
Aatrox,,Elise,5.92,363
Aatrox,,Kassadin,7.87,382
Aatrox,,Twitch,-0.98,126
Aatrox,,Nidalee,-0.49,408
Aatrox,,Bel'Veth,-0.68,375
Aatrox,,Miss Fortune,-0.08,211
Aatrox,,Talon,4.21,281
Aatrox,,Alistar,2.85,553
Aatrox,,Zeri,5.14,174
Aatrox,,Soraka,3.85,214
Aatrox,,Ezreal,1.07,777
Aatrox,,Leona,-2.18,213
Aatrox,,Lucian,2.66,535
Aatrox,,Evelynn,7.51,104
Aatrox,,Taric,4.21,117
Aatrox,,Jinx,6.78,132
Aatrox,,Amumu,3.45,145
Aatrox,,Hecarim,3.59,104
Aatrox,,Blitzcrank,4.32,130
Ambessa,,Vex,-9.15,211
Ambessa,,Taliyah,-8.81,113
Ambessa,,Neeko,-6.00,250
Ambessa,,Qiyana,-5.91,399
Ambessa,,Rek'Sai,-3.83,329
Ambessa,,Fiddlesticks,-4.27,1130
Ambessa,,Warwick,-2.66,7453
Ambessa,,Illaoi,-2.39,11641
Ambessa,,Wukong,-2.37,3181
Ambessa,,Syndra,-1.62,199
Ambessa,,Teemo,-1.64,19493
Ambessa,,Tryndamere,-2.72,13114
Ambessa,,Renekton,-3.02,36144
Ambessa,,Singed,-0.37,8042
Ambessa,,Yorick,-1.19,13741
Ambessa,,Lissandra,-1.50,922
Ambessa,,Zeri,-5.89,118
Ambessa,,Zyra,-4.56,107
Ambessa,,Morgana,-3.31,438
Ambessa,,Irelia,-2.82,12426
Ambessa,,Zed,-0.93,1514
Ambessa,,Cassiopeia,-3.24,1339
Ambessa,,Azir,-2.24,319
Ambessa,,Malphite,-0.56,19100
Ambessa,,Zoe,-1.09,249
Ambessa,,Kennen,-2.58,4056
Ambessa,,Kled,-0.07,5022
Ambessa,,Poppy,-1.45,5629
Ambessa,,Draven,-4.44,324
Ambessa,,Zilean,0.35,826
Ambessa,,Malzahar,-0.91,1667
Ambessa,,Briar,-0.50,1066
Ambessa,,Kalista,-3.10,722
Ambessa,,Camille,-2.23,8256
Ambessa,,Volibear,-1.28,10807
Ambessa,,Quinn,-1.04,2666
Ambessa,,Garen,0.55,24039
Ambessa,,Shen,-0.42,10694
Ambessa,,Swain,-2.18,1947
Ambessa,,Ahri,1.20,519
Ambessa,,Pantheon,-1.31,9430
Ambessa,,Kassadin,0.26,270
Ambessa,,Kayle,0.42,6613
Ambessa,,Heimerdinger,-0.01,5804
Ambessa,,Sett,0.68,21551
Ambessa,,Mordekaiser,0.92,28842
Ambessa,,Zaahen,-0.68,11377
Ambessa,,Katarina,-2.14,280
Ambessa,,Gangplank,-0.39,16323
Ambessa,,Aurora,-1.52,1133
Ambessa,,Urgot,0.96,8345
Ambessa,,Darius,-1.30,25703
Ambessa,,Shyvana,-3.67,696
Ambessa,,Varus,-2.24,2069
Ambessa,,Nasus,2.28,18807
Ambessa,,Zac,2.06,1375
Ambessa,,Akshan,-0.14,450
Ambessa,,Olaf,0.69,8254
Ambessa,,Trundle,-0.16,5366
Ambessa,,Lux,-0.71,217
Ambessa,,Jax,0.72,18022
Ambessa,,Vayne,-0.71,9198
Ambessa,,Brand,0.64,1253
Ambessa,,Yone,0.82,27310
Ambessa,,Talon,-3.10,165
Ambessa,,Tahm Kench,1.05,6893
Ambessa,,Veigar,1.60,698
Ambessa,,Master Yi,-1.58,2266
Ambessa,,Gwen,-0.17,6945
Ambessa,,Sylas,0.79,2649
Ambessa,,Ornn,2.52,8740
Ambessa,,Rammus,-2.00,226
Ambessa,,Soraka,-3.68,135
Ambessa,,Riven,-1.10,8078
Ambessa,,Anivia,2.17,1762
Ambessa,,Viktor,1.93,693
Ambessa,,Tristana,-2.57,618
Ambessa,,Aatrox,1.15,21904
Ambessa,,Gnar,0.08,11472
Ambessa,,Twisted Fate,-1.05,750
Ambessa,,Xin Zhao,0.57,1093
Ambessa,,Akali,1.12,8104
Ambessa,,Maokai,1.23,1678
Ambessa,,Fiora,1.24,11226
Ambessa,,Gragas,0.61,5439
Ambessa,,Vi,-2.30,509
Ambessa,,Cho'Gath,1.85,7806
Ambessa,,Kog'Maw,2.11,409
Ambessa,,Dr. Mundo,3.66,15224
Ambessa,,Ryze,0.61,1655
Ambessa,,Aurelion Sol,3.03,359
Ambessa,,Naafiri,3.18,1092
Ambessa,,Elise,1.71,205
Ambessa,,Jayce,-0.36,15743
Ambessa,,Udyr,0.36,1542
Ambessa,,Kayn,0.44,1361
Ambessa,,Yasuo,1.10,10993
Ambessa,,Fizz,1.04,393
Ambessa,,Graves,-0.86,743
Ambessa,,Vladimir,1.77,2823
Ambessa,,Corki,-1.42,301
Ambessa,,Senna,0.88,320
Ambessa,,Sion,3.36,9590
Ambessa,,Lulu,-3.81,147
Ambessa,,Rumble,0.87,5405
Ambessa,,Diana,1.46,355
Ambessa,,Hwei,5.26,245
Ambessa,,Nocturne,3.61,312
Ambessa,,Sejuani,3.54,770
Ambessa,,Rengar,-1.27,1035
Ambessa,,Alistar,-0.94,284
Ambessa,,Nautilus,-0.30,299
Ambessa,,Jarvan IV,-1.11,226
Ambessa,,Kai'Sa,1.61,589
Ambessa,,Annie,6.09,228
Ambessa,,Shaco,1.21,572
Ambessa,,Viego,2.55,496
Ambessa,,Vel'Koz,6.82,291
Ambessa,,Lee Sin,-0.90,765
Ambessa,,Ivern,2.49,266
Ambessa,,K'Sante,2.19,11023
Ambessa,,LeBlanc,5.87,243
Ambessa,,Karthus,4.88,286
Ambessa,,Skarner,1.30,693
Ambessa,,Caitlyn,2.48,657
Ambessa,,Locke,2.37,1824
Ambessa,,Ziggs,4.84,149
Ambessa,,Galio,6.88,552
Ambessa,,Nidalee,0.51,253
Ambessa,,Lucian,-0.33,260
Ambessa,,Ashe,2.89,496
Ambessa,,Smolder,3.97,963
Ambessa,,Karma,5.76,461
Ambessa,,Ekko,6.48,480
Ambessa,,Mel,4.09,203
Ambessa,,Jhin,6.53,416
Ambessa,,Lillia,6.06,232
Ambessa,,Ezreal,3.15,373
Ambessa,,Miss Fortune,6.18,101
Ambessa,,Bel'Veth,9.23,227
Ambessa,,Thresh,9.53,111
Akshan,,Fiddlesticks,-9.90,223
Akshan,,Camille,-10.27,105
Akshan,,Malphite,-4.72,4625
Akshan,,Teemo,-4.49,1029
Akshan,,Shen,-4.52,217
Akshan,,Singed,0.01,370
Akshan,,Yorick,-4.33,466
Akshan,,Wukong,-3.66,221
Akshan,,Fiora,-3.14,160
Akshan,,Mordekaiser,-0.80,451
Akshan,,Swain,-2.14,1743
Akshan,,Heimerdinger,-0.48,1293
Akshan,,Yasuo,-4.75,18493
Akshan,,Irelia,-4.24,6456
Akshan,,Draven,-6.63,230
Akshan,,Tahm Kench,-2.26,207
Akshan,,Pantheon,-1.80,3278
Akshan,,Xin Zhao,-2.77,477
Akshan,,Master Yi,-3.34,345
Akshan,,Neeko,-2.60,908
Akshan,,Vex,-1.24,8983
Akshan,,Zac,-0.08,196
Akshan,,Tryndamere,1.08,762
Akshan,,Zilean,0.04,581
Akshan,,Veigar,-0.29,14696
Akshan,,Gwen,-0.14,2102
Akshan,,Diana,-1.60,9336
Akshan,,Vladimir,-1.03,8605
Akshan,,Gragas,-0.48,791
Akshan,,Kayle,-0.40,945
Akshan,,Nasus,1.75,1493
Akshan,,Lux,-0.27,10911
Akshan,,Nidalee,-5.80,127
Akshan,,Anivia,-1.58,4333
Akshan,,Vi,-2.38,198
Akshan,,Naafiri,-1.09,6461
Akshan,,Quinn,0.19,737
Akshan,,Sett,1.84,328
Akshan,,Rumble,-0.95,269
Akshan,,Fizz,0.53,12538
Akshan,,Malzahar,0.62,17189
Akshan,,Brand,-0.64,2381
Akshan,,Briar,2.44,583
Akshan,,Annie,-0.75,4903
Akshan,,Darius,-1.74,173
Akshan,,Viktor,0.33,15894
Akshan,,Riven,-0.62,1383
Akshan,,Sion,1.04,1131
Akshan,,Syndra,0.23,15424
Akshan,,Aphelios,-3.69,136
Akshan,,Lissandra,0.34,8143
Akshan,,Katarina,-0.66,15239
Akshan,,Dr. Mundo,-1.22,320
Akshan,,Twisted Fate,0.20,8078
Akshan,,Ambessa,1.12,608
Akshan,,Viego,-0.48,334
Akshan,,Xerath,2.39,9179
Akshan,,Aatrox,-1.03,289
Akshan,,Hwei,0.96,8362
Akshan,,Galio,-0.06,7536
Akshan,,Illaoi,2.01,185
Akshan,,Jax,-0.15,272
Akshan,,Ahri,1.01,23957
Akshan,,Ekko,1.05,7626
Akshan,,Olaf,1.72,109
Akshan,,Ornn,-0.30,139
Akshan,,Zoe,-0.54,5501
Akshan,,K'Sante,-1.75,153
Akshan,,Nunu & Willump,-0.88,368
Akshan,,Sylas,0.29,12860
Akshan,,Aurora,0.09,4564
Akshan,,Vel'Koz,1.93,2200
Akshan,,Kennen,2.70,829
Akshan,,Taliyah,-1.07,2374
Akshan,,Cho'Gath,1.47,1131
Akshan,,Zed,0.65,17789
Akshan,,Varus,-2.90,624
Akshan,,Zyra,0.98,468
Akshan,,Kled,4.80,245
Akshan,,Locke,0.20,14142
Akshan,,Kog'Maw,2.60,574
Akshan,,Aurelion Sol,2.20,3525
Akshan,,Seraphine,0.00,543
Akshan,,Akali,0.75,13781
Akshan,,Graves,-1.12,169
Akshan,,LeBlanc,1.06,8686
Akshan,,Ziggs,2.34,2075
Akshan,,Azir,-1.23,3453
Akshan,,Kalista,2.76,177
Akshan,,Yone,2.32,17423
Akshan,,Qiyana,-0.36,4195
Akshan,,Karthus,2.07,382
Akshan,,Vayne,1.06,327
Akshan,,Miss Fortune,-1.39,437
Akshan,,Ryze,0.15,5159
Akshan,,Orianna,-0.61,5525
Akshan,,Volibear,1.54,110
Akshan,,Renekton,4.56,318
Akshan,,Cassiopeia,0.39,3603
Akshan,,Caitlyn,-1.00,768
Akshan,,Urgot,3.14,140
Akshan,,Kassadin,3.37,5340
Akshan,,Mel,-0.34,7893
Akshan,,Jayce,1.52,1447
Akshan,,Tristana,1.22,1985
Akshan,,Morgana,4.39,1399
Akshan,,Talon,2.72,3790
Akshan,,Gangplank,3.66,1408
Akshan,,Jhin,1.44,605
Akshan,,Garen,6.80,828
Akshan,,Lee Sin,-0.48,205
Akshan,,Corki,-0.07,645
Akshan,,Twitch,2.79,423
Akshan,,Kai'Sa,1.28,844
Akshan,,Ashe,0.67,405
Akshan,,Senna,1.21,110
Akshan,,Sivir,-0.55,117
Akshan,,Smolder,3.86,983
Akshan,,Yunara,-1.47,116
Akshan,,Jarvan IV,6.88,139
Akshan,,Karma,4.70,415
Akshan,,Pyke,4.36,128
Akshan,,Ezreal,2.46,1190
Akshan,,Zaahen,8.42,124
Akshan,,Lucian,2.11,561
Akshan,,Nocturne,10.73,101
Akshan,,Samira,4.89,123
Akshan,,Zeri,9.81,112
Alistar,,Aurora,-13.00,112
Alistar,,Senna,-3.24,19553
Alistar,,Taric,-0.46,5760
Alistar,,Janna,-1.45,9378
Alistar,,Swain,-3.80,15947
Alistar,,Taliyah,-5.29,425
Alistar,,Hwei,-2.59,2130
Alistar,,Morgana,-1.81,23255
Alistar,,Poppy,-0.79,14852
Alistar,,Seraphine,-1.33,30906
Alistar,,Soraka,-0.88,11693
Alistar,,Brand,-1.16,13008
Alistar,,Amumu,0.06,2495
Alistar,,Vel'Koz,-0.92,9774
Alistar,,Zilean,-0.09,7718
Alistar,,Quinn,-2.59,284
Alistar,,Milio,0.07,13361
Alistar,,Zaahen,-4.93,166
Alistar,,Rakan,-0.69,11028
Alistar,,Leona,0.75,47026
Alistar,,Lux,-1.15,33130
Alistar,,Maokai,0.07,7889
Alistar,,Teemo,-0.05,3433
Alistar,,Nami,0.23,19813
Alistar,,Sona,0.89,7588
Alistar,,Renata Glasc,-0.34,2944
Alistar,,Ziggs,-3.30,960
Alistar,,Zyra,0.66,9858
Alistar,,Braum,0.51,14725
Alistar,,Vex,-3.49,445
Alistar,,Thresh,0.65,48256
Alistar,,Lulu,-0.53,20814
Alistar,,Karma,-1.11,13487
Alistar,,Bard,-1.27,12001
Alistar,,Annie,0.02,937
Alistar,,Galio,0.98,4612
Alistar,,Rell,1.76,16740
Alistar,,Syndra,-1.36,747
Alistar,,LeBlanc,-0.12,2398
Alistar,,Shaco,0.13,5511
Alistar,,Tahm Kench,0.25,13226
Alistar,,Ahri,-2.20,601
Alistar,,Rammus,1.10,536
Alistar,,Xerath,1.10,10537
Alistar,,Veigar,-1.62,2688
Alistar,,Fiddlesticks,0.95,2027
Alistar,,Fizz,-0.92,409
Alistar,,Gragas,-0.66,1020
Alistar,,Evelynn,0.56,152
Alistar,,Cho'Gath,-1.75,1093
Alistar,,Nidalee,-0.61,827
Alistar,,Jax,-1.17,622
Alistar,,Pyke,0.24,27066
Alistar,,Nautilus,1.73,46543
Alistar,,Pantheon,1.11,20285
Alistar,,Neeko,-0.26,6654
Alistar,,Sylas,0.65,6421
Alistar,,Rek'Sai,-0.46,118
Alistar,,Blitzcrank,2.20,27543
Alistar,,Kog'Maw,-0.49,175
Alistar,,Shen,2.37,7384
Alistar,,Anivia,-0.23,1691
Alistar,,Rumble,-3.15,186
Alistar,,Skarner,-0.19,1015
Alistar,,Zac,1.52,1200
Alistar,,Zoe,-0.25,2087
Alistar,,Kled,-1.36,149
Alistar,,Twisted Fate,1.77,790
Alistar,,Jarvan IV,1.91,1847
Alistar,,Elise,3.39,1516
Alistar,,Singed,0.14,625
Alistar,,Sion,2.87,1220
Alistar,,Viktor,-1.27,197
Alistar,,Camille,1.22,23205
Alistar,,Ivern,1.11,657
Alistar,,Wukong,1.67,373
Alistar,,Sett,0.88,1339
Alistar,,Malphite,1.33,3964
Alistar,,Trundle,0.07,578
Alistar,,Aurelion Sol,1.92,343
Alistar,,Mordekaiser,-2.93,381
Alistar,,Briar,0.17,414
Alistar,,Warwick,-1.45,118
Alistar,,K'Sante,-2.81,245
Alistar,,Jayce,0.26,270
Alistar,,Master Yi,1.04,382
Alistar,,Cassiopeia,-1.23,114
Alistar,,Volibear,-2.33,202
Alistar,,Lee Sin,-1.05,1188
Alistar,,Vayne,-6.33,137
Alistar,,Yuumi,1.91,15877
Alistar,,Ashe,0.76,3248
Alistar,,Malzahar,1.67,689
Alistar,,Locke,0.04,659
Alistar,,Ornn,1.42,346
Alistar,,Heimerdinger,3.90,978
Alistar,,Diana,-1.12,170
Alistar,,Jhin,-2.02,442
Alistar,,Kennen,4.04,388
Alistar,,Lissandra,3.71,860
Alistar,,Zed,-0.15,546
Alistar,,Nunu & Willump,2.07,576
Alistar,,Aatrox,-0.88,292
Alistar,,Mel,0.15,9556
Alistar,,Ezreal,-1.85,876
Alistar,,Karthus,1.89,210
Alistar,,Sejuani,4.69,388
Alistar,,Orianna,0.09,257
Alistar,,Twitch,-0.26,1570
Alistar,,Yasuo,-2.04,477
Alistar,,Katarina,-0.65,303
Alistar,,Dr. Mundo,2.82,357
Alistar,,Qiyana,3.42,326
Alistar,,Ekko,4.13,394
Alistar,,Kai'Sa,-2.51,184
Alistar,,Vi,4.48,962
Alistar,,Xin Zhao,2.85,239
Alistar,,Yorick,1.08,142
Alistar,,Miss Fortune,0.17,1506
Alistar,,Naafiri,2.61,230
Alistar,,Illaoi,1.71,156
Alistar,,Akshan,2.15,137
Alistar,,Rengar,4.67,484
Alistar,,Nasus,4.27,373
Alistar,,Akali,2.97,138
Alistar,,Darius,5.31,337
Alistar,,Kayle,8.75,158
Alistar,,Garen,2.60,218
Alistar,,Viego,7.52,159
Alistar,,Caitlyn,1.67,217
Alistar,,Yone,3.87,298
Alistar,,Varus,5.58,154
Amumu,,Ornn,-12.56,186
Amumu,,Mordekaiser,-4.26,4715
Amumu,,Kayle,-7.90,110
Amumu,,Olaf,-4.82,2624
Amumu,,Shyvana,-0.93,25642
Amumu,,Sion,-1.62,1006
Amumu,,Nasus,-1.50,12894
Amumu,,Lillia,-1.79,14260
Amumu,,Fizz,-2.41,2079
Amumu,,Rumble,-4.83,346
Amumu,,Dr. Mundo,-1.43,4095
Amumu,,Zaahen,-1.10,1897
Amumu,,Maokai,-2.05,1917
Amumu,,Aatrox,-1.14,3574
Amumu,,Tryndamere,-0.74,3311
Amumu,,Nocturne,-0.71,36673
Amumu,,Sylas,-2.59,24902
Amumu,,Zyra,-0.42,1927
Amumu,,Yorick,-1.43,830
Amumu,,Briar,0.72,27363
Amumu,,Trundle,-0.94,5008
Amumu,,Volibear,-1.11,7892
Amumu,,Cho'Gath,0.32,2522
Amumu,,Ambessa,-2.30,2775
Amumu,,Kayn,-0.70,43043
Amumu,,Jarvan IV,-0.75,16513
Amumu,,Shaco,-1.39,23355
Amumu,,Morgana,-1.42,1520
Amumu,,Ekko,-1.18,12426
Amumu,,Taliyah,-1.16,1101
Amumu,,Xin Zhao,-0.72,13546
Amumu,,Karthus,-2.43,4857
Amumu,,Gwen,-1.29,3367
Amumu,,Zac,-0.44,9073
Amumu,,Evelynn,-0.79,9250
Amumu,,Naafiri,-0.89,14531
Amumu,,Bel'Veth,0.72,15805
Amumu,,Teemo,0.31,4971
Amumu,,Brand,-2.76,1201
Amumu,,Shen,-0.34,1661
Amumu,,Jayce,-2.15,2240
Amumu,,Sejuani,0.84,9000
Amumu,,Wukong,1.90,19102
Amumu,,Vi,0.08,20393
Amumu,,Warwick,1.80,32990
Amumu,,Ivern,0.00,3175
Amumu,,Udyr,0.71,8392
Amumu,,Rammus,3.37,9838
Amumu,,Rek'Sai,0.56,2446
Amumu,,Jax,1.18,15183
Amumu,,Fiddlesticks,0.86,9629
Amumu,,Graves,0.75,32216
Amumu,,Diana,-0.38,14592
Amumu,,Zed,-1.91,6233
Amumu,,Taric,-0.73,146
Amumu,,Kindred,-0.51,9390
Amumu,,Singed,-1.12,485
Amumu,,Darius,2.79,3726
Amumu,,Lee Sin,-0.26,30223
Amumu,,Viego,1.65,46244
Amumu,,Talon,1.39,10646
Amumu,,Pantheon,0.10,3799
Amumu,,Master Yi,1.45,39407
Amumu,,Quinn,1.88,4538
Amumu,,Kha'Zix,0.44,13274
Amumu,,Vayne,-2.10,497
Amumu,,Elise,1.92,3850
Amumu,,Hecarim,0.93,11522
Amumu,,Aurelion Sol,-1.54,258
Amumu,,Poppy,2.66,1963
Amumu,,Sett,0.48,560
Amumu,,Nunu & Willump,1.85,9080
Amumu,,Gragas,2.28,1715
Amumu,,Malphite,2.66,5186
Amumu,,Kai'Sa,-3.19,264
Amumu,,Skarner,1.43,3639
Amumu,,Urgot,0.96,226
Amumu,,Riven,0.02,556
Amumu,,Nautilus,0.35,619
Amumu,,Camille,-0.08,347
Amumu,,Nidalee,2.89,4702
Amumu,,Yone,-0.85,381
Amumu,,Rengar,-0.05,13789
Amumu,,Garen,-0.77,764
Amumu,,Qiyana,1.87,5562
Amumu,,Tristana,-3.87,101
Amumu,,Neeko,4.85,260
Amumu,,Leona,-1.51,108
Amumu,,Twitch,-1.15,1209
Amumu,,Locke,0.11,7027
Amumu,,Tahm Kench,1.67,172
Amumu,,Zeri,4.37,147
Amumu,,Twisted Fate,0.06,153
Amumu,,Jhin,0.46,335
Amumu,,Galio,3.90,158
Amumu,,Yasuo,0.88,204
Amumu,,Malzahar,8.00,112
Annie,,Sion,-4.63,1171
Annie,,Aphelios,-9.06,117
Annie,,Mordekaiser,-2.15,501
Annie,,Naafiri,-4.94,6310
Annie,,Rumble,-4.51,181
Annie,,Tryndamere,-1.30,710
Annie,,Heimerdinger,-1.36,1137
Annie,,Nasus,-0.71,1425
Annie,,Neeko,-4.09,747
Annie,,Malzahar,-2.03,14634
Annie,,Veigar,-1.78,15051
Annie,,Syndra,-2.93,15789
Annie,,Quinn,-1.91,555
Annie,,Diana,-2.95,8462
Annie,,Fiora,-1.99,141
Annie,,Zilean,-1.06,472
Annie,,Fizz,-1.41,12738
Annie,,Xerath,-0.89,9306
Annie,,Kog'Maw,-2.26,416
Annie,,Lux,-1.46,10936
Annie,,Swain,-1.06,1568
Annie,,Xin Zhao,-2.20,429
Annie,,Ornn,-3.43,136
Annie,,Malphite,-1.18,1544
Annie,,Gwen,-0.27,1885
Annie,,Viktor,-0.96,14321
Annie,,Pantheon,-0.49,1641
Annie,,Illaoi,-0.31,189
Annie,,Jarvan IV,-2.37,108
Annie,,Garen,0.56,851
Annie,,Dr. Mundo,-3.05,334
Annie,,Vi,-2.89,170
Annie,,Nocturne,-0.64,120
Annie,,Tahm Kench,-0.61,211
Annie,,Ziggs,-1.59,1897
Annie,,Kled,1.37,194
Annie,,Vladimir,-0.73,7145
Annie,,Morgana,-0.51,1476
Annie,,Hwei,-0.50,7236
Annie,,Cho'Gath,-1.06,1019
Annie,,Seraphine,-3.06,577
Annie,,Gragas,0.34,633
Annie,,Vel'Koz,-0.18,1991
Annie,,Aurora,-1.89,4286
Annie,,Aurelion Sol,-0.54,3301
Annie,,Renekton,0.82,263
Annie,,Galio,-0.89,8194
Annie,,Yorick,-0.12,505
Annie,,Kassadin,-0.33,4486
Annie,,Ekko,0.10,7021
Annie,,Karthus,-0.93,335
Annie,,Twisted Fate,0.05,7150
Annie,,Riven,0.02,1040
Annie,,Zed,-0.83,17353
Annie,,Graves,-3.00,171
Annie,,Ambessa,1.21,397
Annie,,Briar,3.92,575
Annie,,Olaf,1.33,117
Annie,,Zyra,-0.20,475
Annie,,Wukong,1.26,184
Annie,,Ahri,0.94,26311
Annie,,Brand,1.06,2369
Annie,,Talon,-0.57,3674
Annie,,Anivia,0.42,3926
Annie,,Teemo,1.97,788
Annie,,LeBlanc,-0.27,8378
Annie,,Sylas,-0.02,13268
Annie,,Singed,5.96,349
Annie,,Gangplank,0.72,1201
Annie,,Pyke,-3.61,135
Annie,,Lissandra,1.58,8112
Annie,,Jhin,-1.49,461
Annie,,Sett,4.67,302
Annie,,Locke,-0.10,13327
Annie,,Vex,2.82,8701
Annie,,Katarina,1.14,16520
Annie,,Kayle,3.20,712
Annie,,Kennen,3.37,598
Annie,,Akshan,0.75,4903
Annie,,Akali,0.62,13401
Annie,,Aatrox,0.72,255
Annie,,Shen,3.23,149
Annie,,Jayce,0.16,1035
Annie,,Volibear,1.03,116
Annie,,Irelia,1.91,5426
Annie,,Qiyana,-0.51,3640
Annie,,Zaahen,1.79,129
Annie,,Zoe,1.42,4967
Annie,,K'Sante,0.33,132
Annie,,Orianna,-0.62,5334
Annie,,Fiddlesticks,4.71,177
Annie,,Nunu & Willump,1.26,333
Annie,,Mel,-0.82,7362
Annie,,Urgot,2.95,124
Annie,,Ryze,0.43,4933
Annie,,Nidalee,-0.78,127
Annie,,Yone,3.12,19591
Annie,,Yasuo,2.51,28289
Annie,,Cassiopeia,1.28,2689
Annie,,Tristana,1.53,1515
Annie,,Caitlyn,-0.02,629
Annie,,Camille,2.74,105
Annie,,Lee Sin,-1.07,219
Annie,,Taliyah,1.88,1777
Annie,,Zeri,1.73,104
Annie,,Zac,7.03,166
Annie,,Viego,4.25,372
Annie,,Master Yi,4.44,330
Annie,,Karma,2.56,322
Annie,,Jinx,2.03,103
Annie,,Kai'Sa,0.76,670
Annie,,Smolder,2.15,969
Annie,,Ashe,-0.35,378
Annie,,Azir,2.15,2779
Annie,,Vayne,4.42,277
Annie,,Draven,3.73,153
Annie,,Corki,1.93,420
Annie,,Miss Fortune,3.08,402
Annie,,Kalista,7.73,111
Annie,,Ezreal,1.00,1059
Annie,,Varus,3.46,459
Annie,,Darius,7.00,150
Annie,,Twitch,5.80,421
Annie,,Jax,8.35,166
Annie,,Lucian,3.83,382
Annie,,Senna,7.70,106
Anivia,,Jarvan IV,-7.92,156
Anivia,,Zilean,-3.20,561
Anivia,,Kalista,-4.71,138
Anivia,,Kled,-1.08,245
Anivia,,Briar,-0.37,663
Anivia,,Ornn,-4.88,152
Anivia,,Xerath,-1.56,10729
Anivia,,Vel'Koz,-2.72,2371
Anivia,,Ziggs,-3.26,2242
Anivia,,Gwen,-1.27,2027
Anivia,,Wukong,-2.15,190
Anivia,,Singed,2.24,498
Anivia,,Naafiri,-2.49,6231
Anivia,,Aurelion Sol,-2.38,4281
Anivia,,Ahri,-1.93,21756
Anivia,,Kog'Maw,-1.62,514
Anivia,,Garen,0.36,1019
Anivia,,Syndra,-1.57,15973
Anivia,,Veigar,-0.23,13974
Anivia,,Morgana,-1.10,1428
Anivia,,Fiddlesticks,0.04,189
Anivia,,Nidalee,-5.85,110
Anivia,,Malzahar,0.27,17240
Anivia,,Karthus,-2.13,335
Anivia,,Fizz,0.36,12116
Anivia,,Rumble,-1.09,254
Anivia,,Gragas,-0.07,700
Anivia,,Fiora,-0.03,132
Anivia,,Vi,-2.24,179
Anivia,,Nocturne,-0.05,146
Anivia,,Camille,-2.59,113
Anivia,,Hwei,-0.42,9042
Anivia,,Kayle,0.28,765
Anivia,,Kassadin,-1.02,4876
Anivia,,Quinn,0.57,614
Anivia,,Lux,0.41,10146
Anivia,,Viego,-1.56,353
Anivia,,Diana,-0.31,7958
Anivia,,Karma,-3.17,272
Anivia,,Annie,-0.42,3926
Anivia,,Katarina,-1.09,13067
Anivia,,Brand,0.07,2394
Anivia,,Zyra,-1.04,415
Anivia,,Twisted Fate,-0.15,9176
Anivia,,Swain,1.14,1904
Anivia,,Teemo,1.05,777
Anivia,,Illaoi,1.53,165
Anivia,,Viktor,0.99,19231
Anivia,,Ekko,0.34,6547
Anivia,,Riven,0.09,1137
Anivia,,Yorick,0.38,563
Anivia,,Smolder,-3.02,1333
Anivia,,Vayne,-1.61,316
Anivia,,Zed,-0.54,16855
Anivia,,Talon,-0.89,3617
Anivia,,Irelia,-0.22,5778
Anivia,,Yone,0.09,17404
Anivia,,Cho'Gath,0.70,1134
Anivia,,Volibear,-0.82,111
Anivia,,Lissandra,1.34,8853
Anivia,,Heimerdinger,4.09,1187
Anivia,,Seraphine,-1.09,548
Anivia,,Aurora,-0.13,4225
Anivia,,Akali,-0.31,12657
Anivia,,Galio,0.68,8000
Anivia,,Urgot,0.90,112
Anivia,,LeBlanc,0.02,7782
Anivia,,Jax,0.68,186
Anivia,,Zoe,-0.03,5060
Anivia,,Neeko,1.33,762
Anivia,,Tahm Kench,2.52,211
Anivia,,Yasuo,0.30,20277
Anivia,,Locke,-0.14,11937
Anivia,,Mordekaiser,4.88,517
Anivia,,Vladimir,2.52,8056
Anivia,,Sylas,0.90,15885
Anivia,,Qiyana,-1.25,3593
Anivia,,Graves,-1.33,180
Anivia,,Nasus,5.32,1857
Anivia,,Malphite,2.95,1468
Anivia,,Caitlyn,-2.02,624
Anivia,,Vex,3.29,6980
Anivia,,Olaf,3.13,129
Anivia,,Tristana,-0.22,1722
Anivia,,Taliyah,-0.06,2043
Anivia,,Jhin,-0.45,533
Anivia,,Gangplank,2.36,1357
Anivia,,Jayce,0.54,1321
Anivia,,Pantheon,4.14,1757
Anivia,,Orianna,-0.87,6263
Anivia,,Xin Zhao,3.07,415
Anivia,,Akshan,1.58,4333
Anivia,,Azir,-0.95,3638
Anivia,,Shen,3.86,186
Anivia,,Corki,-2.37,538
Anivia,,Tryndamere,6.57,801
Anivia,,Mel,-0.70,7597
Anivia,,Sion,4.69,1454
Anivia,,Master Yi,2.77,282
Anivia,,Pyke,-1.04,118
Anivia,,Renekton,5.18,357
Anivia,,Dr. Mundo,2.54,314
Anivia,,Kai'Sa,-0.80,682
Anivia,,Ryze,0.90,8102
Anivia,,Ashe,-1.92,324
Anivia,,Aphelios,0.71,102
Anivia,,Ambessa,5.06,482
Anivia,,Cassiopeia,1.64,4167
Anivia,,Kennen,5.86,653
Anivia,,Sett,7.93,313
Anivia,,Aatrox,3.69,372
Anivia,,Miss Fortune,0.82,377
Anivia,,Ezreal,-1.37,1237
Anivia,,Sivir,-1.71,121
Anivia,,Draven,2.54,130
Anivia,,Twitch,3.66,325
Anivia,,Zac,8.58,189
Anivia,,Zaahen,5.47,123
Anivia,,Zeri,3.56,126
Anivia,,Lucian,0.05,500
Anivia,,Varus,3.61,493
Anivia,,Darius,7.12,166
Anivia,,Nunu & Willump,6.73,504
Anivia,,K'Sante,6.16,140
Anivia,,Lee Sin,3.86,256
Aphelios,,Heimerdinger,-3.11,710
Aphelios,,Lux,-3.52,4175
Aphelios,,Vel'Koz,-3.11,2327
Aphelios,,Seraphine,-2.10,9265
Aphelios,,Xerath,-2.70,9982
Aphelios,,Sett,-3.96,210
Aphelios,,Nilah,-1.78,4095
Aphelios,,Hwei,-1.65,4462
Aphelios,,Zyra,-3.05,517
Aphelios,,Karthus,-0.36,1489
Aphelios,,Swain,-0.67,3852
Aphelios,,Briar,-2.66,169
Aphelios,,Ziggs,-1.24,17201
Aphelios,,Viktor,-1.22,10983
Aphelios,,Kog'Maw,-0.85,7094
Aphelios,,Veigar,0.55,8199
Aphelios,,Vladimir,-1.19,1760
Aphelios,,Tahm Kench,0.52,802
Aphelios,,Quinn,-4.02,270
Aphelios,,Twitch,-1.50,19513
Aphelios,,Katarina,0.01,2457
Aphelios,,Aurelion Sol,1.06,1744
Aphelios,,Nasus,-4.68,130
Aphelios,,Samira,-1.76,21415
Aphelios,,Jinx,-0.25,57107
Aphelios,,Syndra,-1.49,8915
Aphelios,,Aurora,-3.00,298
Aphelios,,Miss Fortune,-0.73,57327
Aphelios,,Brand,1.31,3488
Aphelios,,Yasuo,-0.23,6897
Aphelios,,Xayah,0.04,13832
Aphelios,,Senna,1.00,8763
Aphelios,,Olaf,1.71,261
Aphelios,,Ashe,-0.94,34122
Aphelios,,Mordekaiser,-1.31,171
Aphelios,,Gwen,2.01,189
Aphelios,,Orianna,-4.34,266
Aphelios,,Lissandra,-2.88,274
Aphelios,,Teemo,1.07,1183
Aphelios,,Caitlyn,-0.90,82402
Aphelios,,Master Yi,2.43,442
Aphelios,,Smolder,1.59,18743
Aphelios,,Vex,-0.62,295
Aphelios,,Tristana,0.56,29715
Aphelios,,Jhin,-0.09,61744
Aphelios,,Zeri,1.51,11619
Aphelios,,Singed,2.47,205
Aphelios,,Fizz,0.45,209
Aphelios,,Kayle,0.25,127
Aphelios,,Draven,-0.41,12386
Aphelios,,Sivir,1.14,13497
Aphelios,,Corki,-0.45,4895
Aphelios,,Riven,0.42,146
Aphelios,,Malzahar,2.35,1812
Aphelios,,Yunara,0.31,23857
Aphelios,,Varus,-1.97,10408
Aphelios,,Mel,-1.45,12520
Aphelios,,Cassiopeia,-0.09,1321
Aphelios,,Taliyah,-0.52,758
Aphelios,,Kindred,-1.88,217
Aphelios,,Lucian,0.27,28626
Aphelios,,Fiora,4.10,263
Aphelios,,Neeko,-2.56,170
Aphelios,,Sion,1.36,422
Aphelios,,Jayce,-1.97,339
Aphelios,,Vayne,2.35,21442
Aphelios,,Viego,3.81,938
Aphelios,,Twisted Fate,-0.74,635
Aphelios,,Kai'Sa,2.39,83873
Aphelios,,Zilean,1.52,144
Aphelios,,Graves,0.69,193
Aphelios,,Yone,2.85,1148
Aphelios,,Kalista,1.68,5955
Aphelios,,Naafiri,3.78,311
Aphelios,,Ezreal,0.12,52090
Aphelios,,Anivia,2.13,515
Aphelios,,Irelia,2.44,597
Aphelios,,Morgana,1.46,386
Aphelios,,Nidalee,-5.53,106
Aphelios,,Ahri,4.39,533
Aphelios,,Sylas,0.09,812
Aphelios,,Ekko,4.13,262
Aphelios,,Locke,1.90,758
Aphelios,,Cho'Gath,1.94,296
Aphelios,,Annie,4.67,236
Aphelios,,Akshan,3.92,488
Aphelios,,Dr. Mundo,3.74,175
Aphelios,,Pantheon,2.44,239
Aphelios,,Darius,0.70,149
Aphelios,,Ryze,4.20,276
Aphelios,,Zed,5.50,313
Aphelios,,Jax,4.77,124
Aphelios,,Malphite,1.81,160
Aphelios,,Garen,4.57,145
Aphelios,,Kennen,4.15,112
Aphelios,,LeBlanc,2.84,187
Aphelios,,Azir,3.31,227
Aphelios,,Gangplank,4.03,114
Aphelios,,Akali,1.91,322
Aphelios,,Zoe,5.38,246
Aphelios,,Diana,5.86,136
Aphelios,,Aatrox,5.13,152
Aphelios,,Rengar,5.59,190
Ashe,,Olaf,-8.90,474
Ashe,,Briar,-5.92,420
Ashe,,Volibear,-9.08,124
Ashe,,Karthus,-2.39,3146
Ashe,,Aurelion Sol,-2.51,3851
Ashe,,Talon,-10.69,102
Ashe,,Wukong,-6.61,167
Ashe,,Master Yi,-2.22,987
Ashe,,Hwei,-1.68,9128
Ashe,,Swain,-1.30,9131
Ashe,,Gwen,-1.73,493
Ashe,,Seraphine,-0.87,20694
Ashe,,Xerath,-1.49,20819
Ashe,,Brand,-1.04,9345
Ashe,,Katarina,-1.21,5193
Ashe,,Veigar,-0.25,20486
Ashe,,Heimerdinger,-0.47,1875
Ashe,,Mordekaiser,-4.12,471
Ashe,,Fiora,-1.30,497
Ashe,,Lux,-0.73,10213
Ashe,,Kayle,-3.64,368
Ashe,,Tryndamere,-4.63,230
Ashe,,Tahm Kench,0.33,2088
Ashe,,Fizz,-2.96,562
Ashe,,Teemo,-1.37,3459
Ashe,,Twitch,-1.67,51416
Ashe,,Jarvan IV,-6.24,178
Ashe,,Zaahen,-5.94,108
Ashe,,Ziggs,-0.61,38166
Ashe,,Singed,-0.44,463
Ashe,,Nilah,0.28,9253
Ashe,,Kog'Maw,-0.20,15250
Ashe,,Ahri,-1.83,1437
Ashe,,Senna,-0.07,22153
Ashe,,Ekko,-2.36,593
Ashe,,Viktor,0.22,20451
Ashe,,Naafiri,-1.05,774
Ashe,,Tristana,-1.08,82938
Ashe,,Sion,-2.30,921
Ashe,,Yasuo,-0.38,15906
Ashe,,Viego,-0.15,1685
Ashe,,Vel'Koz,0.77,4787
Ashe,,Smolder,0.24,44587
Ashe,,Irelia,-2.64,1223
Ashe,,Miss Fortune,-0.49,183434
Ashe,,Jinx,0.36,133304
Ashe,,Malzahar,0.51,4702
Ashe,,Annie,-1.48,638
Ashe,,Zilean,-2.27,288
Ashe,,Sylas,-4.78,1829
Ashe,,Yone,-0.94,2475
Ashe,,Aurora,-2.13,712
Ashe,,Ambessa,-1.84,181
Ashe,,Zeri,0.57,21996
Ashe,,Zyra,0.81,1104
Ashe,,Jax,-3.01,275
Ashe,,Anivia,-1.52,1050
Ashe,,Samira,0.10,50603
Ashe,,Syndra,-0.05,16759
Ashe,,Xayah,1.09,32131
Ashe,,Cassiopeia,-1.35,2746
Ashe,,Kennen,-3.86,326
Ashe,,Jhin,0.12,150232
Ashe,,Caitlyn,-0.05,225889
Ashe,,Shen,1.47,239
Ashe,,Vladimir,2.12,3477
Ashe,,Vayne,0.69,55521
Ashe,,Sett,1.67,552
Ashe,,Locke,-2.27,1808
Ashe,,Sivir,1.14,35591
Ashe,,Pantheon,-2.43,668
Ashe,,Yunara,0.22,50566
Ashe,,Mel,-1.62,35635
Ashe,,Aphelios,0.94,34122
Ashe,,Diana,-2.72,367
Ashe,,Quinn,-0.02,890
Ashe,,Kai'Sa,0.96,160344
Ashe,,Morgana,-1.02,1248
Ashe,,Zed,0.17,670
Ashe,,Gragas,-4.24,119
Ashe,,Nasus,-0.82,328
Ashe,,Kled,0.90,132
Ashe,,Corki,0.54,9508
Ashe,,Draven,0.80,28411
Ashe,,Twisted Fate,-1.31,1518
Ashe,,Vex,1.51,753
Ashe,,Malphite,-3.61,440
Ashe,,Kalista,1.01,15868
Ashe,,Yorick,-0.26,306
Ashe,,Lucian,1.06,61261
Ashe,,Taliyah,0.89,1425
Ashe,,Ezreal,-0.15,120581
Ashe,,LeBlanc,-2.38,460
Ashe,,Orianna,-0.46,661
Ashe,,Aatrox,-2.27,339
Ashe,,Varus,0.21,27145
Ashe,,Akshan,1.90,1312
Ashe,,Lissandra,1.26,607
Ashe,,Galio,0.18,279
Ashe,,Akali,-3.79,696
Ashe,,Vi,-1.57,138
Ashe,,Jayce,0.32,753
Ashe,,Xin Zhao,0.83,249
Ashe,,Neeko,0.66,444
Ashe,,Gnar,-3.29,194
Ashe,,Cho'Gath,2.14,802
Ashe,,Darius,0.40,419
Ashe,,Qiyana,3.96,175
Ashe,,Dr. Mundo,3.95,419
Ashe,,Azir,0.61,512
Ashe,,Riven,5.66,297
Ashe,,Garen,2.68,366
Ashe,,Gangplank,1.52,297
Ashe,,Trundle,1.30,174
Ashe,,Kindred,2.87,561
Ashe,,Pyke,0.46,255
Ashe,,Zoe,2.63,578
Ashe,,Lee Sin,-1.30,242
Ashe,,Graves,4.65,435
Ashe,,Camille,-0.19,182
Ashe,,Illaoi,2.06,116
Ashe,,Ryze,6.21,604
Ashe,,Rengar,1.44,511
Ashe,,Urgot,6.85,242
Ashe,,Nidalee,-0.03,314
Ashe,,Lulu,-4.73,102
Ashe,,Shaco,2.65,118
Ashe,,Soraka,7.82,117
Ashe,,Thresh,1.02,275
Ashe,,Renekton,8.35,100
Ashe,,Nautilus,0.48,134
Ashe,,Blitzcrank,0.22,178
Ashe,,Karma,11.76,165
Aurelion Sol,,Fizz,-5.28,11715
Aurelion Sol,,Briar,-2.96,549
Aurelion Sol,,Yone,-6.19,16504
Aurelion Sol,,Heimerdinger,-2.52,1344
Aurelion Sol,,Naafiri,-5.24,5630
Aurelion Sol,,Kled,-2.25,180
Aurelion Sol,,Kennen,-3.79,633
Aurelion Sol,,Nocturne,-3.83,128
Aurelion Sol,,Riven,-4.78,1016
Aurelion Sol,,Quinn,-2.94,585
Aurelion Sol,,Tahm Kench,-2.76,220
Aurelion Sol,,Xerath,-1.52,7762
Aurelion Sol,,Viego,-4.08,328
Aurelion Sol,,Zed,-3.97,11807
Aurelion Sol,,Mordekaiser,0.08,501
Aurelion Sol,,Kassadin,-2.44,4480
Aurelion Sol,,Ahri,-1.62,16717
Aurelion Sol,,Hwei,-1.42,6613
Aurelion Sol,,Kayle,-0.66,758
Aurelion Sol,,Sett,1.15,267
Aurelion Sol,,Gragas,-0.55,599
Aurelion Sol,,Vi,-2.82,198
Aurelion Sol,,Gwen,0.12,2096
Aurelion Sol,,Tristana,-4.20,1573
Aurelion Sol,,Xin Zhao,-1.20,429
Aurelion Sol,,Vel'Koz,-0.72,1949
Aurelion Sol,,Master Yi,-1.64,327
Aurelion Sol,,Akshan,-2.20,3525
Aurelion Sol,,Tryndamere,2.60,694
Aurelion Sol,,Ekko,-0.36,6401
Aurelion Sol,,Zilean,1.46,509
Aurelion Sol,,Camille,-2.21,103
Aurelion Sol,,Nunu & Willump,-2.37,326
Aurelion Sol,,Graves,-3.76,167
Aurelion Sol,,Irelia,-1.13,5005
Aurelion Sol,,Veigar,1.36,15533
Aurelion Sol,,Katarina,-1.00,11554
Aurelion Sol,,Viktor,0.72,13670
Aurelion Sol,,Morgana,0.33,1426
Aurelion Sol,,Vladimir,0.53,6320
Aurelion Sol,,Diana,0.09,7293
Aurelion Sol,,Jayce,-2.28,1034
Aurelion Sol,,Sylas,-0.99,12271
Aurelion Sol,,Lux,1.23,9663
Aurelion Sol,,Garen,2.44,882
Aurelion Sol,,Ambessa,0.90,424
Aurelion Sol,,Jarvan IV,-0.43,189
Aurelion Sol,,Pantheon,1.60,1617
Aurelion Sol,,Ziggs,0.41,2053
Aurelion Sol,,Twisted Fate,0.55,6706
Aurelion Sol,,Talon,-0.80,2655
Aurelion Sol,,Annie,0.54,3301
Aurelion Sol,,Gangplank,0.24,1159
Aurelion Sol,,Karthus,-0.20,335
Aurelion Sol,,LeBlanc,-0.59,6291
Aurelion Sol,,Aatrox,-0.76,293
Aurelion Sol,,Zoe,-0.73,3864
Aurelion Sol,,Vex,1.85,6264
Aurelion Sol,,Locke,-0.90,10417
Aurelion Sol,,Qiyana,-2.32,3081
Aurelion Sol,,Lissandra,1.37,6296
Aurelion Sol,,Wukong,1.71,215
Aurelion Sol,,Syndra,1.48,12092
Aurelion Sol,,Aurora,-0.11,3408
Aurelion Sol,,Zyra,0.34,484
Aurelion Sol,,Malzahar,2.96,19330
Aurelion Sol,,Singed,6.45,362
Aurelion Sol,,Galio,1.06,6788
Aurelion Sol,,Fiddlesticks,3.15,174
Aurelion Sol,,Draven,-1.58,145
Aurelion Sol,,Caitlyn,-2.66,632
Aurelion Sol,,Twitch,-1.06,344
Aurelion Sol,,Swain,3.03,1719
Aurelion Sol,,Brand,2.09,2330
Aurelion Sol,,Taliyah,-0.58,1688
Aurelion Sol,,Pyke,-2.43,122
Aurelion Sol,,Anivia,2.35,4281
Aurelion Sol,,Sion,3.97,1200
Aurelion Sol,,Kalista,2.73,106
Aurelion Sol,,Seraphine,0.56,545
Aurelion Sol,,Kog'Maw,3.36,412
Aurelion Sol,,Zaahen,1.85,136
Aurelion Sol,,Jax,2.16,149
Aurelion Sol,,Cassiopeia,0.07,2672
Aurelion Sol,,Teemo,4.21,878
Aurelion Sol,,Ornn,2.01,103
Aurelion Sol,,Akali,1.98,10654
Aurelion Sol,,Dr. Mundo,2.17,362
Aurelion Sol,,Yasuo,2.78,20775
Aurelion Sol,,Jhin,1.29,550
Aurelion Sol,,Corki,-1.20,408
Aurelion Sol,,Lee Sin,-1.10,246
Aurelion Sol,,Cho'Gath,4.34,1102
Aurelion Sol,,Neeko,4.31,769
Aurelion Sol,,Renekton,5.92,298
Aurelion Sol,,Zac,6.95,173
Aurelion Sol,,Vayne,3.16,277
Aurelion Sol,,Nidalee,0.83,141
Aurelion Sol,,Kai'Sa,0.72,627
Aurelion Sol,,Smolder,2.07,1288
Aurelion Sol,,Nasus,8.73,1722
Aurelion Sol,,Miss Fortune,1.26,396
Aurelion Sol,,Azir,1.77,3015
Aurelion Sol,,Aphelios,2.19,111
Aurelion Sol,,Yorick,6.04,539
Aurelion Sol,,Ryze,3.27,5112
Aurelion Sol,,Urgot,6.19,143
Aurelion Sol,,Malphite,7.38,1509
Aurelion Sol,,Darius,5.50,180
Aurelion Sol,,Orianna,2.99,4830
Aurelion Sol,,Volibear,5.17,116
Aurelion Sol,,Karma,4.10,272
Aurelion Sol,,Shen,8.03,157
Aurelion Sol,,Ezreal,1.08,1096
Aurelion Sol,,Mel,4.10,7757
Aurelion Sol,,Fiora,10.55,126
Aurelion Sol,,K'Sante,6.96,117
Aurelion Sol,,Lucian,2.63,352
Aurelion Sol,,Rumble,10.56,185
Aurelion Sol,,Ashe,4.49,393
Aurelion Sol,,Varus,6.14,449
Aurelion Sol,,Illaoi,12.40,213
Aurelion Sol,,Senna,5.80,109
Aurora,,Nocturne,-7.02,103
Aurora,,Mordekaiser,-0.95,476
Aurora,,Zyra,-4.12,493
Aurora,,Veigar,-1.56,14170
Aurora,,Kennen,-1.78,742
Aurora,,Fizz,-0.75,11934
Aurora,,Katarina,-2.90,12713
Aurora,,Malzahar,-0.41,14655
Aurora,,Swain,-0.53,1675
Aurora,,Briar,1.57,650
Aurora,,Lux,-0.38,10480
Aurora,,Kled,1.41,205
Aurora,,Diana,-1.16,8919
Aurora,,Heimerdinger,1.65,1255
Aurora,,Vex,-0.33,8070
Aurora,,Shen,-0.45,160
Aurora,,Vel'Koz,-0.67,1930
Aurora,,Ashe,-7.17,351
Aurora,,Zed,-2.08,15094
Aurora,,Syndra,-0.76,14942
Aurora,,Xerath,0.98,8785
Aurora,,Morgana,-0.40,1471
Aurora,,Talon,-2.20,3943
Aurora,,Zilean,1.21,528
Aurora,,Viego,-1.69,425
Aurora,,Camille,-2.34,102
Aurora,,Neeko,-0.71,831
Aurora,,Irelia,-1.27,5724
Aurora,,Ahri,-0.05,23439
Aurora,,Lissandra,0.01,7717
Aurora,,Viktor,0.58,15712
Aurora,,Naafiri,-0.09,5590
Aurora,,Hwei,0.38,7695
Aurora,,Aurelion Sol,0.11,3408
Aurora,,Ekko,0.27,6701
Aurora,,Twisted Fate,0.16,8414
Aurora,,Nunu & Willump,-1.87,434
Aurora,,Nasus,3.34,1519
Aurora,,Gwen,1.86,1942
Aurora,,Brand,0.53,2390
Aurora,,Zoe,-1.34,5529
Aurora,,Tryndamere,3.60,711
Aurora,,Ambessa,1.10,442
Aurora,,Ziggs,0.29,1935
Aurora,,Sett,3.30,342
Aurora,,Gragas,1.52,696
Aurora,,Quinn,1.79,624
Aurora,,Anivia,0.13,4225
Aurora,,Yasuo,-0.63,19005
Aurora,,Yorick,0.81,558
Aurora,,Fiddlesticks,2.25,192
Aurora,,Fiora,2.01,137
Aurora,,Vladimir,1.62,6905
Aurora,,Xin Zhao,1.20,448
Aurora,,Kassadin,0.89,4064
Aurora,,Riven,1.05,1063
Aurora,,Malphite,1.96,1523
Aurora,,Teemo,2.19,837
Aurora,,LeBlanc,-0.04,8578
Aurora,,Singed,6.12,402
Aurora,,Akshan,-0.09,4564
Aurora,,Yone,0.73,18150
Aurora,,Galio,0.78,8759
Aurora,,Kayle,2.67,730
Aurora,,Sion,2.76,1257
Aurora,,Locke,-0.24,12245
Aurora,,Sylas,0.69,16400
Aurora,,Akali,0.29,13943
Aurora,,Aatrox,0.41,294
Aurora,,Annie,1.89,4286
Aurora,,Cassiopeia,-0.74,3125
Aurora,,Cho'Gath,2.04,1004
Aurora,,Varus,-2.35,561
Aurora,,Jarvan IV,1.80,174
Aurora,,Kai'Sa,-2.07,615
Aurora,,Qiyana,-0.51,3729
Aurora,,Pantheon,4.42,1995
Aurora,,Urgot,2.86,127
Aurora,,Jayce,1.06,1430
Aurora,,Tristana,0.67,1668
Aurora,,Ryze,0.40,5594
Aurora,,Seraphine,1.29,584
Aurora,,Darius,2.41,134
Aurora,,Orianna,-0.26,5733
Aurora,,Lee Sin,-1.99,243
Aurora,,Zac,5.76,210
Aurora,,K'Sante,0.88,145
Aurora,,Vi,2.57,158
Aurora,,Caitlyn,-0.27,610
Aurora,,Taliyah,1.53,2057
Aurora,,Gangplank,3.70,1177
Aurora,,Dr. Mundo,2.79,331
Aurora,,Rumble,4.28,274
Aurora,,Mel,0.09,7323
Aurora,,Garen,6.65,887
Aurora,,Kog'Maw,4.96,457
Aurora,,Smolder,1.34,915
Aurora,,Ornn,3.44,129
Aurora,,Kalista,4.76,142
Aurora,,Twitch,2.08,381
Aurora,,Wukong,5.77,206
Aurora,,Tahm Kench,6.18,202
Aurora,,Azir,1.27,3416
Aurora,,Karthus,4.40,337
Aurora,,Karma,2.69,354
Aurora,,Master Yi,4.79,300
Aurora,,Illaoi,7.52,208
Aurora,,Ezreal,-0.80,1149
Aurora,,Lucian,-1.33,464
Aurora,,Olaf,7.07,100
Aurora,,Jax,5.54,178
Aurora,,Nidalee,1.95,147
Aurora,,Renekton,8.15,331
Aurora,,Miss Fortune,2.51,402
Aurora,,Jhin,4.08,534
Aurora,,Vayne,6.09,308
Aurora,,Zaahen,7.26,107
Aurora,,Pyke,3.70,117
Aurora,,Graves,5.77,171
Aurora,,Corki,4.74,537
Aurora,,Sivir,2.83,105
Aurora,,Draven,7.36,118
Aurora,,Volibear,11.15,104
Aurora,,Samira,8.16,110
Azir,,Nunu & Willump,-9.12,458
Azir,,Xerath,-3.64,8880
Azir,,Kog'Maw,-4.61,438
Azir,,Camille,-6.06,101
Azir,,Singed,0.41,310
Azir,,Nasus,-0.62,1541
Azir,,Veigar,-1.97,10795
Azir,,Yorick,-3.33,472
Azir,,Zac,-0.88,179
Azir,,Lux,-1.73,8365
Azir,,Morgana,-2.38,1124
Azir,,Viktor,-1.76,14609
Azir,,Darius,-3.65,122
Azir,,Teemo,-1.48,604
Azir,,Dr. Mundo,-3.57,297
Azir,,LeBlanc,-3.38,7072
Azir,,Annie,-2.15,2779
Azir,,Ekko,-1.81,5717
Azir,,Karthus,-2.75,306
Azir,,Aurelion Sol,-1.77,3015
Azir,,Syndra,-1.46,12637
Azir,,Hwei,-1.26,6742
Azir,,Ornn,-2.97,106
Azir,,Kled,1.31,173
Azir,,Twisted Fate,-1.39,7453
Azir,,Heimerdinger,1.54,951
Azir,,Brand,-0.97,1928
Azir,,Neeko,-1.50,731
Azir,,Vladimir,-0.53,5741
Azir,,Ahri,-0.84,17856
Azir,,Ziggs,-1.15,1752
Azir,,Cho'Gath,-1.06,901
Azir,,Shen,-0.12,153
Azir,,Malzahar,0.77,12322
Azir,,Sion,0.56,1065
Azir,,Mordekaiser,2.41,423
Azir,,Seraphine,-2.75,462
Azir,,Vel'Koz,0.06,1745
Azir,,Karma,-3.22,261
Azir,,Swain,0.95,1449
Azir,,Kennen,0.93,554
Azir,,Briar,3.06,639
Azir,,Sylas,-1.23,14351
Azir,,Zilean,1.85,445
Azir,,Zoe,-1.63,4372
Azir,,Aurora,-1.27,3416
Azir,,Vex,1.05,6176
Azir,,Tahm Kench,1.06,180
Azir,,Kassadin,0.13,3352
Azir,,Diana,0.51,6689
Azir,,Yone,-0.26,16219
Azir,,Akali,-1.14,11547
Azir,,Jhin,-2.57,405
Azir,,Pantheon,1.78,1505
Azir,,Fizz,2.20,9000
Azir,,Naafiri,0.77,4447
Azir,,Zed,0.02,13346
Azir,,Pyke,-3.76,119
Azir,,Galio,0.50,6302
Azir,,Malphite,1.89,1293
Azir,,Anivia,0.93,3638
Azir,,Fiddlesticks,2.83,131
Azir,,Tryndamere,4.81,622
Azir,,Jax,0.99,157
Azir,,Katarina,1.13,10669
Azir,,Xin Zhao,2.22,335
Azir,,Talon,0.80,3272
Azir,,Lissandra,2.57,6000
Azir,,Gwen,3.92,1409
Azir,,Sett,5.17,290
Azir,,Kai'Sa,-2.38,536
Azir,,Jarvan IV,1.72,120
Azir,,Zyra,1.53,333
Azir,,Taliyah,-0.13,2085
Azir,,Varus,-2.12,456
Azir,,Rumble,2.61,202
Azir,,Qiyana,-0.70,2758
Azir,,Akshan,1.23,3453
Azir,,Vi,1.51,158
Azir,,Kayle,4.00,577
Azir,,Quinn,4.26,472
Azir,,Miss Fortune,-1.48,296
Azir,,Irelia,2.19,4821
Azir,,Caitlyn,-1.21,503
Azir,,Locke,1.26,9794
Azir,,Cassiopeia,0.26,2678
Azir,,Gragas,4.26,531
Azir,,Ezreal,-3.53,887
Azir,,Twitch,0.91,272
Azir,,Ryze,0.70,4884
Azir,,Ambessa,4.45,356
Azir,,Corki,-1.82,551
Azir,,Wukong,4.62,152
Azir,,Jayce,1.75,1039
Azir,,Gangplank,3.70,926
Azir,,Garen,6.62,707
Azir,,Renekton,5.70,246
Azir,,Mel,0.49,5823
Azir,,Smolder,1.33,864
Azir,,Graves,1.38,132
Azir,,Tristana,2.26,1470
Azir,,Orianna,1.19,5619
Azir,,Yasuo,3.86,19498
Azir,,Riven,5.09,778
Azir,,Illaoi,6.60,172
Azir,,Vayne,3.36,296
Azir,,Ashe,-0.60,282
Azir,,Aatrox,4.59,259
Azir,,Viego,5.36,390
Azir,,Lee Sin,1.53,181
Azir,,Draven,3.82,115
Azir,,Nocturne,8.08,111
Azir,,Master Yi,6.45,246
Azir,,Senna,2.16,106
Azir,,Kalista,8.31,127
Azir,,Lucian,4.31,406
Azir,,K'Sante,10.11,146
Bard,,Maokai,-2.23,7493
Bard,,Amumu,-1.00,2232
Bard,,Brand,-1.57,12266
Bard,,Poppy,-0.44,11490
Bard,,Taric,0.78,4401
Bard,,Sona,-0.12,10924
Bard,,Rell,-0.05,11259
Bard,,Ornn,-5.40,294
Bard,,Rammus,-1.05,554
Bard,,Syndra,-3.08,902
Bard,,Aurora,-8.63,152
Bard,,Kog'Maw,-4.01,190
Bard,,Vel'Koz,-0.95,11858
Bard,,Zilean,-0.23,11223
Bard,,Thresh,-0.35,46202
Bard,,Senna,-0.67,23381
Bard,,Elise,-1.02,2914
Bard,,Morgana,-0.50,21647
Bard,,Janna,0.31,12587
Bard,,Leona,0.63,28786
Bard,,Nami,0.21,26630
Bard,,Tahm Kench,-1.05,10583
Bard,,Zyra,0.32,11341
Bard,,Milio,0.57,16649
Bard,,Kennen,-2.16,354
Bard,,Nautilus,-0.58,37911
Bard,,Galio,0.30,4409
Bard,,LeBlanc,-0.74,3255
Bard,,Xerath,0.11,12418
Bard,,Teemo,0.56,3397
Bard,,Blitzcrank,0.18,21529
Bard,,Soraka,1.20,15114
Bard,,Seraphine,0.98,37698
Bard,,Pantheon,-0.50,19608
Bard,,Braum,1.21,10522
Bard,,Caitlyn,-11.73,216
Bard,,Lux,0.05,38250
Bard,,Sion,-0.11,1236
Bard,,Renata Glasc,0.65,2820
Bard,,Lissandra,-1.73,958
Bard,,Ahri,-2.43,606
Bard,,Hwei,0.62,2443
Bard,,Lulu,0.27,26621
Bard,,Shen,0.84,8270
Bard,,Alistar,1.27,12001
Bard,,Shaco,0.61,6781
Bard,,Rengar,-5.54,501
Bard,,Pyke,-0.55,28959
Bard,,Jarvan IV,-0.14,1915
Bard,,Camille,-0.84,24009
Bard,,Swain,0.36,13191
Bard,,Twisted Fate,0.10,1054
Bard,,Taliyah,-1.16,482
Bard,,Rakan,1.84,11104
Bard,,Jax,-1.39,578
Bard,,Sylas,0.21,6450
Bard,,Zaahen,-2.09,178
Bard,,Malzahar,-1.63,577
Bard,,Fiddlesticks,1.76,1995
Bard,,Karma,0.89,20936
Bard,,Anivia,-0.44,2006
Bard,,Veigar,-0.29,2834
Bard,,Ivern,-0.34,666
Bard,,Neeko,-0.06,7443
Bard,,Heimerdinger,0.76,892
Bard,,Rumble,-3.16,196
Bard,,Aurelion Sol,0.22,350
Bard,,Gragas,0.38,779
Bard,,Zoe,-0.21,2729
Bard,,Vex,-0.53,360
Bard,,Nidalee,0.22,1043
Bard,,Yorick,-3.60,142
Bard,,Qiyana,-0.73,359
Bard,,Yuumi,-0.32,17238
Bard,,Annie,2.75,1187
Bard,,Locke,-2.30,708
Bard,,Evelynn,1.99,145
Bard,,Quinn,1.78,352
Bard,,Volibear,-4.14,150
Bard,,Malphite,0.72,2926
Bard,,Zac,2.70,1160
Bard,,Sejuani,2.01,363
Bard,,Ekko,0.90,387
Bard,,Fizz,1.89,404
Bard,,Kayle,0.54,235
Bard,,Skarner,1.58,1269
Bard,,Briar,-0.43,392
Bard,,Cho'Gath,0.86,845
Bard,,Kled,0.39,162
Bard,,Garen,-5.52,145
Bard,,Cassiopeia,-1.50,105
Bard,,Singed,1.51,522
Bard,,Katarina,-2.33,251
Bard,,Vi,2.35,1095
Bard,,Nunu & Willump,1.29,732
Bard,,Akshan,-3.53,163
Bard,,Master Yi,1.66,323
Bard,,Varus,-4.80,142
Bard,,Ziggs,2.82,922
Bard,,Dr. Mundo,1.80,270
Bard,,Sett,2.75,812
Bard,,Lee Sin,-0.27,1121
Bard,,Darius,-0.98,247
Bard,,Mel,-0.01,9125
Bard,,Ashe,1.69,3951
Bard,,Trundle,2.03,460
Bard,,Warwick,0.00,113
Bard,,Kai'Sa,-3.01,173
Bard,,Wukong,4.81,365
Bard,,Karthus,2.54,230
Bard,,Mordekaiser,-0.45,237
Bard,,Zed,1.94,526
Bard,,Rek'Sai,5.71,128
Bard,,Twitch,1.63,1840
Bard,,Jhin,0.98,522
Bard,,Illaoi,0.30,121
Bard,,Orianna,3.19,285
Bard,,Xin Zhao,5.32,234
Bard,,Miss Fortune,2.82,1589
Bard,,Ezreal,2.21,1184
Bard,,Viktor,5.63,210
Bard,,Viego,4.92,216
Bard,,K'Sante,3.17,180
Bard,,Akali,1.78,121
Bard,,Jayce,6.95,367
Bard,,Nasus,4.47,316
Bard,,Naafiri,5.23,228
Bard,,Diana,5.99,181
Bard,,Aatrox,5.78,291
Bard,,Yasuo,4.19,336
Bard,,Yone,3.24,210
Bard,,Vayne,4.40,113
Bel'Veth,,Taliyah,-4.24,2202
Bel'Veth,,Zyra,-2.12,2588
Bel'Veth,,Rammus,-0.23,11364
Bel'Veth,,Ivern,-2.92,4311
Bel'Veth,,Teemo,-1.84,4787
Bel'Veth,,Wukong,-0.25,22461
Bel'Veth,,Amumu,-0.72,15805
Bel'Veth,,Briar,0.24,30980
Bel'Veth,,Lillia,-0.77,14678
Bel'Veth,,Shyvana,0.94,28268
Bel'Veth,,Vi,-1.57,22716
Bel'Veth,,Sejuani,-0.57,8414
Bel'Veth,,Elise,-2.21,5337
Bel'Veth,,Poppy,-1.88,2665
Bel'Veth,,Darius,-0.40,5045
Bel'Veth,,Rumble,-3.65,382
Bel'Veth,,Udyr,-1.02,10166
Bel'Veth,,Jarvan IV,-0.83,19740
Bel'Veth,,Rek'Sai,-1.46,4212
Bel'Veth,,Maokai,-0.87,2186
Bel'Veth,,Jax,-0.63,16009
Bel'Veth,,Kindred,-2.79,11936
Bel'Veth,,Warwick,0.89,28886
Bel'Veth,,Nocturne,0.53,38317
Bel'Veth,,Xin Zhao,-0.55,14176
Bel'Veth,,Cho'Gath,0.97,2543
Bel'Veth,,Shen,-0.62,1848
Bel'Veth,,Fiddlesticks,-0.68,10573
Bel'Veth,,Tryndamere,0.91,2998
Bel'Veth,,Graves,-0.70,41815
Bel'Veth,,Master Yi,-0.88,36528
Bel'Veth,,Jayce,-2.10,3263
Bel'Veth,,Ekko,-0.31,14540
Bel'Veth,,Quinn,-0.25,5726
Bel'Veth,,Aatrox,0.99,4707
Bel'Veth,,Kayle,-3.76,133
Bel'Veth,,Fizz,0.37,2463
Bel'Veth,,Kayn,0.72,45378
Bel'Veth,,Zac,0.65,9527
Bel'Veth,,Evelynn,0.29,10885
Bel'Veth,,Trundle,0.98,4031
Bel'Veth,,Hecarim,-1.07,16742
Bel'Veth,,Viego,0.56,53891
Bel'Veth,,Taric,-1.24,154
Bel'Veth,,Zaahen,1.97,2259
Bel'Veth,,Shaco,0.50,26444
Bel'Veth,,Lee Sin,-1.19,33077
Bel'Veth,,Sion,2.90,1051
Bel'Veth,,Dr. Mundo,2.10,3477
Bel'Veth,,Morgana,0.57,1332
Bel'Veth,,Talon,0.54,14634
Bel'Veth,,Singed,-1.66,437
Bel'Veth,,Gragas,0.12,2178
Bel'Veth,,Mordekaiser,3.34,3556
Bel'Veth,,Zeri,-4.95,195
Bel'Veth,,Malphite,0.44,5036
Bel'Veth,,Ambessa,0.32,3238
Bel'Veth,,Kha'Zix,-0.32,18407
Bel'Veth,,Nunu & Willump,0.07,9414
Bel'Veth,,Volibear,1.81,7434
Bel'Veth,,Nasus,2.91,13350
Bel'Veth,,Nidalee,-0.91,6650
Bel'Veth,,Pantheon,-0.01,4366
Bel'Veth,,Naafiri,1.48,15071
Bel'Veth,,Diana,0.37,14462
Bel'Veth,,Yorick,2.34,661
Bel'Veth,,Brand,-0.12,1084
Bel'Veth,,Zed,-0.92,7179
Bel'Veth,,Sett,-0.11,472
Bel'Veth,,Skarner,0.17,4018
Bel'Veth,,Sylas,1.89,19781
Bel'Veth,,Nautilus,-1.38,579
Bel'Veth,,Qiyana,-1.84,8099
Bel'Veth,,Karthus,2.16,4767
Bel'Veth,,Kai'Sa,-2.72,323
Bel'Veth,,Vayne,-0.24,463
Bel'Veth,,Olaf,3.65,1793
Bel'Veth,,Gwen,4.22,3726
Bel'Veth,,Garen,-1.83,655
Bel'Veth,,Urgot,2.56,184
Bel'Veth,,Ornn,2.39,140
Bel'Veth,,Neeko,3.41,315
Bel'Veth,,Yone,-0.21,396
Bel'Veth,,Riven,1.90,603
Bel'Veth,,Aurelion Sol,2.03,311
Bel'Veth,,Rengar,1.89,18927
Bel'Veth,,Jhin,-1.66,435
Bel'Veth,,Camille,4.23,433
Bel'Veth,,Tahm Kench,1.87,123
Bel'Veth,,Locke,1.67,7038
Bel'Veth,,Twisted Fate,-0.57,134
Bel'Veth,,Twitch,2.99,1143
Bel'Veth,,Ezreal,1.66,100
Bel'Veth,,Yasuo,2.51,171
Brand,,Rammus,-6.91,475
Brand,,Xerath,-2.70,22772
Brand,,Sona,-1.18,12177
Brand,,Galio,-1.70,7167
Brand,,Zyra,-1.17,19909
Brand,,Amumu,-0.77,2703
Brand,,Milio,-1.07,17856
Brand,,LeBlanc,-2.55,2882
Brand,,Janna,-0.68,7812
Brand,,Maokai,-0.89,9335
Brand,,Annie,-1.93,1417
Brand,,Zilean,-0.70,10205
Brand,,Vel'Koz,-1.33,19090
Brand,,Nami,-0.71,27817
Brand,,Syndra,-3.34,1094
Brand,,Taric,0.90,5489
Brand,,Elise,-1.45,1223
Brand,,Shaco,-1.58,7225
Brand,,Fizz,-3.08,863
Brand,,Rell,0.49,11891
Brand,,Karma,-2.01,19490
Brand,,Teemo,-0.16,6027
Brand,,Quinn,-2.33,381
Brand,,Lux,-1.13,81101
Brand,,Senna,-0.20,28300
Brand,,Leona,0.96,41254
Brand,,Soraka,0.44,19530
Brand,,Poppy,0.97,9458
Brand,,Wukong,-2.54,494
Brand,,Twisted Fate,-1.76,897
Brand,,Blitzcrank,-0.29,28533
Brand,,Qiyana,-3.87,433
Brand,,Heimerdinger,-1.82,1254
Brand,,Morgana,0.25,45220
Brand,,Ekko,-3.11,602
Brand,,Renata Glasc,0.16,3037
Brand,,Seraphine,0.61,60158
Brand,,Braum,0.91,13277
Brand,,Rakan,0.36,10202
Brand,,Jayce,-4.48,301
Brand,,Hwei,0.17,3406
Brand,,Yuumi,-2.90,18783
Brand,,Nautilus,0.18,49672
Brand,,Kog'Maw,-2.29,305
Brand,,Lulu,-0.05,24371
Brand,,Sylas,-1.02,6190
Brand,,Thresh,1.31,51985
Brand,,Shen,0.71,7589
Brand,,Alistar,1.15,13008
Brand,,Briar,-3.54,568
Brand,,Pyke,-0.47,32817
Brand,,Zoe,-1.55,3026
Brand,,Ashe,-3.15,6805
Brand,,Kayle,-2.27,296
Brand,,Pantheon,0.70,24447
Brand,,Sion,1.25,1724
Brand,,Fiddlesticks,1.70,2285
Brand,,Zac,0.95,1279
Brand,,Master Yi,-1.89,571
Brand,,Ziggs,-0.81,2519
Brand,,Jarvan IV,0.70,2193
Brand,,Camille,-0.21,19851
Brand,,Tahm Kench,1.85,20853
Brand,,Nunu & Willump,-1.71,653
Brand,,Vex,-0.96,687
Brand,,Vi,-0.57,949
Brand,,Sett,-0.44,1599
Brand,,Ahri,-0.19,1003
Brand,,Nidalee,0.33,1345
Brand,,Veigar,0.33,5215
Brand,,Nocturne,-2.10,124
Brand,,Warwick,-3.31,199
Brand,,Bard,1.57,12266
Brand,,Akali,-6.06,210
Brand,,Dr. Mundo,-1.04,660
Brand,,Skarner,0.45,736
Brand,,Anivia,0.50,2534
Brand,,Kennen,1.29,415
Brand,,Jax,0.20,777
Brand,,Malphite,0.64,8506
Brand,,Neeko,1.22,10692
Brand,,Sejuani,1.93,489
Brand,,Kled,-0.40,174
Brand,,Aurora,-3.61,196
Brand,,Gragas,1.52,941
Brand,,Lissandra,1.50,994
Brand,,Ivern,1.31,713
Brand,,Rengar,-2.49,549
Brand,,Volibear,-2.99,372
Brand,,Swain,3.34,27860
Brand,,Rek'Sai,1.95,120
Brand,,Karthus,0.18,389
Brand,,Ornn,0.77,580
Brand,,Cho'Gath,1.42,1993
Brand,,Singed,1.55,690
Brand,,Ambessa,-3.99,105
Brand,,Malzahar,1.32,1315
Brand,,Taliyah,2.21,414
Brand,,Mel,-0.70,21218
Brand,,Akshan,-3.40,172
Brand,,Orianna,-0.90,426
Brand,,Lee Sin,-0.60,1867
Brand,,Evelynn,4.54,225
Brand,,Aurelion Sol,3.37,573
Brand,,Ezreal,-2.42,1091
Brand,,Jhin,-1.84,733
Brand,,Kayn,-0.38,110
Brand,,Aatrox,-1.06,353
Brand,,Naafiri,-1.05,337
Brand,,Twitch,-0.84,2661
Brand,,Cassiopeia,-0.08,209
Brand,,Katarina,-1.12,374
Brand,,Zed,0.41,805
Brand,,Zaahen,2.76,203
Brand,,Ryze,-3.14,126
Brand,,Rumble,1.64,186
Brand,,Miss Fortune,0.17,2987
Brand,,Mordekaiser,0.03,553
Brand,,Trundle,3.51,514
Brand,,Locke,2.30,950
Brand,,Talon,1.15,105
Brand,,Diana,1.10,313
Brand,,Yorick,1.50,292
Brand,,Darius,1.03,454
Brand,,Illaoi,-0.87,245
Brand,,Viktor,3.27,387
Brand,,Yasuo,0.47,955
Brand,,Nasus,1.80,741
Brand,,Graves,0.68,104
Brand,,Urgot,4.62,143
Brand,,Gnar,1.65,105
Brand,,Yone,-0.23,521
Brand,,K'Sante,3.15,234
Brand,,Viego,5.25,230
Brand,,Caitlyn,-1.08,502
Brand,,Xin Zhao,6.58,369
Brand,,Vayne,0.13,192
Brand,,Varus,1.98,284
Brand,,Kai'Sa,2.58,349
Brand,,Garen,3.06,382
Brand,,Gangplank,-0.83,135
Brand,,Tryndamere,3.44,221
Brand,,Jinx,-1.64,234
Brand,,Riven,4.48,143
Brand,,Tristana,4.08,250
Brand,,Smolder,7.07,140
Brand,,Lucian,7.20,101
Blitzcrank,,Lillia,-10.71,122
Blitzcrank,,Taric,-2.55,8099
Blitzcrank,,Rammus,-3.95,932
Blitzcrank,,Leona,-2.46,64788
Blitzcrank,,Sejuani,-4.85,656
Blitzcrank,,Braum,-2.18,23491
Blitzcrank,,Rakan,-2.59,17505
Blitzcrank,,Wukong,-4.97,793
Blitzcrank,,Rell,-1.45,19432
Blitzcrank,,Alistar,-2.21,27543
Blitzcrank,,Swain,-3.37,29345
Blitzcrank,,Ekko,-4.99,683
Blitzcrank,,Sion,-2.31,2287
Blitzcrank,,Poppy,-0.26,15661
Blitzcrank,,Zac,-2.66,1723
Blitzcrank,,Amumu,-0.16,3972
Blitzcrank,,Morgana,-1.06,60805
Blitzcrank,,Maokai,-0.67,12693
Blitzcrank,,Zilean,-0.48,13973
Blitzcrank,,Teemo,-0.61,7251
Blitzcrank,,Shen,-1.19,11621
Blitzcrank,,Thresh,-0.13,80361
Blitzcrank,,Nautilus,-1.16,71819
Blitzcrank,,Tahm Kench,-1.20,23539
Blitzcrank,,Zyra,0.29,19218
Blitzcrank,,Shaco,-0.95,9888
Blitzcrank,,Rek'Sai,-3.16,192
Blitzcrank,,Galio,0.23,8247
Blitzcrank,,Seraphine,0.31,80383
Blitzcrank,,Jax,-3.25,1333
Blitzcrank,,Brand,0.29,28533
Blitzcrank,,Janna,1.55,14143
Blitzcrank,,Sona,1.86,15802
Blitzcrank,,Nami,1.24,36575
Blitzcrank,,Quinn,-1.20,461
Blitzcrank,,Pantheon,-0.51,34260
Blitzcrank,,Hwei,0.28,4171
Blitzcrank,,Soraka,1.42,25236
Blitzcrank,,Renata Glasc,0.69,4173
Blitzcrank,,Lissandra,-1.53,1407
Blitzcrank,,Elise,0.83,2218
Blitzcrank,,Vel'Koz,1.16,23545
Blitzcrank,,Malzahar,-2.73,1501
Blitzcrank,,Annie,0.63,1664
Blitzcrank,,Bard,-0.21,21529
Blitzcrank,,Heimerdinger,-0.41,2621
Blitzcrank,,Neeko,-1.00,13699
Blitzcrank,,Malphite,-1.44,8353
Blitzcrank,,Jarvan IV,-0.01,2757
Blitzcrank,,Senna,1.92,37059
Blitzcrank,,Xerath,1.78,30789
Blitzcrank,,Zoe,-1.28,4236
Blitzcrank,,Twisted Fate,0.12,1308
Blitzcrank,,Cho'Gath,-1.78,2119
Blitzcrank,,Kayle,-1.90,333
Blitzcrank,,Sylas,0.24,10321
Blitzcrank,,Singed,-1.47,1064
Blitzcrank,,Lux,1.45,106098
Blitzcrank,,Camille,-0.43,30174
Blitzcrank,,Lulu,1.51,41143
Blitzcrank,,Karthus,-2.43,450
Blitzcrank,,LeBlanc,1.65,4536
Blitzcrank,,Gragas,0.09,1355
Blitzcrank,,Pyke,0.63,47699
Blitzcrank,,Milio,3.35,26637
Blitzcrank,,Sett,-0.82,2873
Blitzcrank,,Evelynn,1.30,277
Blitzcrank,,Yorick,-3.86,387
Blitzcrank,,Karma,1.39,26760
Blitzcrank,,Fiddlesticks,2.50,2881
Blitzcrank,,Udyr,-4.05,136
Blitzcrank,,Zaahen,-0.90,326
Blitzcrank,,Naafiri,-3.92,499
Blitzcrank,,Ornn,-0.88,994
Blitzcrank,,Veigar,0.71,6654
Blitzcrank,,Riven,-6.14,195
Blitzcrank,,Viego,-2.28,326
Blitzcrank,,Dr. Mundo,-0.46,1086
Blitzcrank,,Kog'Maw,0.85,394
Blitzcrank,,Anivia,1.09,3411
Blitzcrank,,Skarner,1.13,1377
Blitzcrank,,Cassiopeia,-2.28,234
Blitzcrank,,Mel,-2.16,28221
Blitzcrank,,Vi,1.09,1535
Blitzcrank,,Vex,0.71,836
Blitzcrank,,Syndra,2.27,1559
Blitzcrank,,Rumble,-1.47,261
Blitzcrank,,Kennen,2.26,531
Blitzcrank,,Ziggs,1.34,2534
Blitzcrank,,Ivern,1.63,930
Blitzcrank,,Trundle,0.28,839
Blitzcrank,,Nidalee,1.89,1609
Blitzcrank,,Xin Zhao,-0.15,478
Blitzcrank,,Orianna,-1.72,463
Blitzcrank,,Yuumi,1.44,31102
Blitzcrank,,Nasus,-2.72,627
Blitzcrank,,Mordekaiser,-2.49,819
Blitzcrank,,Briar,0.42,775
Blitzcrank,,Aurora,-2.22,227
Blitzcrank,,Jayce,0.50,581
Blitzcrank,,Aurelion Sol,2.99,641
Blitzcrank,,Nunu & Willump,1.27,1093
Blitzcrank,,Qiyana,1.77,533
Blitzcrank,,Fizz,3.39,803
Blitzcrank,,Kled,1.58,277
Blitzcrank,,Ahri,2.75,1164
Blitzcrank,,Tryndamere,-4.18,242
Blitzcrank,,Nocturne,1.23,146
Blitzcrank,,Locke,1.01,1284
Blitzcrank,,Aatrox,-0.66,589
Blitzcrank,,Warwick,0.32,239
Blitzcrank,,Ashe,2.16,7682
Blitzcrank,,Taliyah,3.90,599
Blitzcrank,,Viktor,1.94,487
Blitzcrank,,Illaoi,-1.96,320
Blitzcrank,,Katarina,-0.51,501
Blitzcrank,,Lee Sin,0.78,2292
Blitzcrank,,Darius,0.08,712
Blitzcrank,,Urgot,1.27,268
Blitzcrank,,K'Sante,-0.30,627
Blitzcrank,,Twitch,0.97,3200
Blitzcrank,,Miss Fortune,0.57,3917
Blitzcrank,,Gnar,-1.05,140
Blitzcrank,,Ezreal,-0.14,2275
Blitzcrank,,Tristana,-5.89,236
Blitzcrank,,Master Yi,4.22,608
Blitzcrank,,Yone,-2.78,735
Blitzcrank,,Ambessa,-0.72,148
Blitzcrank,,Bel'Veth,-2.30,122
Blitzcrank,,Zed,2.24,1025
Blitzcrank,,Fiora,2.26,159
Blitzcrank,,Volibear,1.13,444
Blitzcrank,,Rengar,2.37,842
Blitzcrank,,Yasuo,0.23,1096
Blitzcrank,,Jhin,1.28,1109
Blitzcrank,,Ryze,-0.35,131
Blitzcrank,,Talon,3.09,161
Blitzcrank,,Diana,3.41,368
Blitzcrank,,Akshan,1.35,256
Blitzcrank,,Kayn,4.41,135
Blitzcrank,,Azir,-2.83,138
Blitzcrank,,Renekton,1.26,164
Blitzcrank,,Kai'Sa,2.18,418
Blitzcrank,,Olaf,2.99,145
Blitzcrank,,Garen,2.35,506
Blitzcrank,,Akali,4.19,288
Blitzcrank,,Smolder,-0.44,181
Blitzcrank,,Kalista,-2.28,111
Blitzcrank,,Vayne,2.60,256
Blitzcrank,,Jinx,-1.28,245
Blitzcrank,,Caitlyn,2.67,669
Blitzcrank,,Varus,4.58,336
Blitzcrank,,Lucian,1.21,136
Blitzcrank,,Graves,7.47,106
Blitzcrank,,Gangplank,4.57,179
Briar,,Rammus,-1.35,22630
Briar,,Taric,-5.95,285
Briar,,Zyra,-2.39,3901
Briar,,Nasus,-2.17,24586
Briar,,Teemo,-2.37,8780
Briar,,Wukong,-0.89,39135
Briar,,Quinn,-3.18,11014
Briar,,Sion,-0.97,1742
Briar,,Jax,-2.59,34914
Briar,,Shyvana,-0.12,44424
Briar,,Cho'Gath,-0.70,4401
Briar,,Amumu,-0.72,27363
Briar,,Shen,-2.09,3294
Briar,,Sejuani,-1.01,13811
Briar,,Aatrox,-1.06,7266
Briar,,Mordekaiser,0.33,7222
Briar,,Olaf,-2.85,3527
Briar,,Zaahen,-0.45,3459
Briar,,Taliyah,-1.81,2561
Briar,,Volibear,-1.23,14668
Briar,,Yorick,-1.27,1212
Briar,,Ornn,-5.09,297
Briar,,Nocturne,-0.09,68939
Briar,,Trundle,-0.93,8074
Briar,,Bel'Veth,-0.25,30980
Briar,,Fizz,-1.12,4071
Briar,,Warwick,0.64,57937
Briar,,Graves,-1.32,64215
Briar,,Darius,0.06,6769
Briar,,Zac,-0.73,14868
Briar,,Dr. Mundo,0.43,5960
Briar,,Maokai,-0.48,3319
Briar,,Rek'Sai,-0.92,5296
Briar,,Morgana,-1.01,2595
Briar,,Gragas,-1.44,3467
Briar,,Malphite,-1.25,9013
Briar,,Tryndamere,1.06,5844
Briar,,Jarvan IV,0.33,29267
Briar,,Viego,-0.19,83189
Briar,,Kayn,0.46,78301
Briar,,Pantheon,-1.74,7438
Briar,,Master Yi,-0.41,67209
Briar,,Xin Zhao,0.32,24718
Briar,,Poppy,-0.22,3812
Briar,,Kayle,-3.58,181
Briar,,Udyr,0.50,15298
Briar,,Brand,-2.11,1922
Briar,,Fiddlesticks,0.30,17442
Briar,,Gwen,-0.17,5913
Briar,,Ekko,0.22,22865
Briar,,Vi,0.63,38875
Briar,,Ambessa,-0.41,4777
Briar,,Talon,0.22,21268
Briar,,Lillia,1.90,22659
Briar,,Karthus,-0.59,7943
Briar,,Neeko,-1.34,504
Briar,,Hecarim,-0.29,21558
Briar,,Jayce,-0.44,5851
Briar,,Ivern,1.30,6070
Briar,,Kled,-4.09,119
Briar,,Shaco,1.35,45610
Briar,,Tahm Kench,-6.23,248
Briar,,Evelynn,1.61,17612
Briar,,Rumble,-0.34,638
Briar,,Naafiri,1.53,27909
Briar,,Elise,1.33,8164
Briar,,Kha'Zix,0.38,28306
Briar,,Riven,-2.21,965
Briar,,Kindred,0.47,17500
Briar,,Sylas,1.60,37631
Briar,,Diana,0.88,23395
Briar,,Sett,-0.02,1037
Briar,,Lee Sin,0.81,63592
Briar,,Zeri,-3.17,295
Briar,,Leona,-6.34,132
Briar,,Skarner,0.74,6146
Briar,,Singed,0.70,892
Briar,,Nunu & Willump,2.15,15210
Briar,,Vayne,-0.51,842
Briar,,Zed,1.01,11995
Briar,,Nautilus,0.49,958
Briar,,Urgot,1.45,350
Briar,,Nidalee,2.45,10151
Briar,,Qiyana,0.42,11558
Briar,,Camille,0.27,719
Briar,,Kai'Sa,-0.91,520
Briar,,Galio,-1.81,195
Briar,,Tristana,-4.36,165
Briar,,Katarina,-3.94,145
Briar,,Rengar,0.96,28840
Briar,,Twitch,-1.74,2131
Briar,,Akshan,-4.73,107
Briar,,Garen,0.29,1347
Briar,,Jhin,-2.56,543
Briar,,Gnar,2.27,127
Briar,,Aurelion Sol,4.79,457
Briar,,Locke,1.21,13224
Briar,,Yone,5.26,702
Briar,,Ezreal,0.59,203
Briar,,Malzahar,4.45,182
Briar,,Renekton,1.06,126
Briar,,Caitlyn,-0.13,115
Briar,,Twisted Fate,2.37,259
Briar,,Yasuo,0.78,301
Briar,,Heimerdinger,10.67,131
Braum,,Rammus,-6.14,372
Braum,,Senna,-3.78,20692
Braum,,Taric,-1.31,5420
Braum,,Vel'Koz,-2.44,9887
Braum,,Zilean,-1.44,7716
Braum,,Rakan,-1.98,10600
Braum,,Teemo,-1.58,3047
Braum,,Morgana,-1.58,23689
Braum,,Soraka,-1.02,11546
Braum,,Zyra,-0.92,10228
Braum,,Ekko,-4.49,315
Braum,,Rell,-0.12,12912
Braum,,Seraphine,-0.82,34181
Braum,,Jax,-4.48,496
Braum,,Brand,-0.92,13277
Braum,,Sona,0.27,7736
Braum,,Taliyah,-3.97,335
Braum,,Zac,-2.16,923
Braum,,Annie,-1.38,890
Braum,,Kayle,-4.66,173
Braum,,Leona,0.52,43041
Braum,,Veigar,-3.48,2542
Braum,,Nidalee,-3.46,738
Braum,,Alistar,-0.52,14725
Braum,,Renata Glasc,-0.66,2823
Braum,,Amumu,0.54,1963
Braum,,Aurelion Sol,-3.07,294
Braum,,Swain,-1.94,15306
Braum,,Janna,0.50,8109
Braum,,Nami,0.21,22408
Braum,,Hwei,-0.75,2022
Braum,,Maokai,0.23,7096
Braum,,Poppy,0.94,9068
Braum,,Thresh,0.40,54317
Braum,,Malzahar,-3.98,629
Braum,,Shaco,-0.58,4619
Braum,,Xerath,0.15,9281
Braum,,Cho'Gath,-3.41,977
Braum,,Lux,-0.42,33223
Braum,,Galio,0.64,3902
Braum,,Bard,-1.23,10522
Braum,,Wukong,-2.04,273
Braum,,Milio,1.15,15860
Braum,,Jarvan IV,-0.55,1302
Braum,,Ahri,-2.05,528
Braum,,Ziggs,-1.77,844
Braum,,Fiddlesticks,0.93,1586
Braum,,Singed,-2.05,467
Braum,,Tahm Kench,1.01,13177
Braum,,Quinn,0.00,212
Braum,,Lulu,1.06,22492
Braum,,Heimerdinger,0.03,740
Braum,,Shen,1.75,5873
Braum,,Karthus,-2.72,198
Braum,,Sion,1.19,1075
Braum,,Neeko,-0.56,6236
Braum,,Karma,0.59,14011
Braum,,Jhin,-5.88,406
Braum,,Pyke,0.24,24527
Braum,,Pantheon,1.10,17663
Braum,,Viktor,-2.64,172
Braum,,Nautilus,1.88,59810
Braum,,LeBlanc,1.62,2013
Braum,,Blitzcrank,2.17,23491
Braum,,Sejuani,0.52,417
Braum,,Volibear,-5.10,175
Braum,,Elise,2.47,1279
Braum,,Malphite,-0.21,3513
Braum,,Diana,-4.04,146
Braum,,Aurora,-4.59,114
Braum,,Xin Zhao,-1.47,180
Braum,,Cassiopeia,-3.04,128
Braum,,Gragas,1.04,670
Braum,,Miss Fortune,-4.01,1606
Braum,,Kennen,1.50,255
Braum,,Nasus,-4.24,277
Braum,,Sett,0.29,1027
Braum,,Ivern,0.89,584
Braum,,Lissandra,1.36,693
Braum,,Twisted Fate,2.19,610
Braum,,Vi,0.78,661
Braum,,Anivia,1.17,1437
Braum,,Sylas,2.73,4178
Braum,,Zaahen,0.24,149
Braum,,Zoe,1.46,2108
Braum,,Nunu & Willump,0.38,520
Braum,,Camille,2.21,18766
Braum,,Evelynn,3.48,112
Braum,,Briar,0.08,321
Braum,,Mordekaiser,-2.73,308
Braum,,Fizz,2.65,320
Braum,,Ashe,0.45,3327
Braum,,Kog'Maw,2.15,176
Braum,,Syndra,3.21,658
Braum,,Kled,1.12,109
Braum,,Trundle,1.25,383
Braum,,Skarner,2.77,684
Braum,,Varus,-4.80,135
Braum,,Twitch,-1.20,1601
Braum,,Yuumi,2.67,13417
Braum,,Mel,-0.13,9184
Braum,,Ezreal,-2.17,717
Braum,,Vex,3.34,331
Braum,,Aatrox,-0.39,188
Braum,,Yasuo,-1.76,355
Braum,,Locke,1.69,538
Braum,,Master Yi,3.29,302
Braum,,Garen,-2.74,176
Braum,,Zed,1.10,351
Braum,,Dr. Mundo,3.92,293
Braum,,Qiyana,4.55,229
Braum,,Yone,-2.66,222
Braum,,Ornn,4.68,400
Braum,,Rengar,2.18,351
Braum,,Illaoi,0.36,135
Braum,,Katarina,1.89,198
Braum,,Naafiri,2.87,168
Braum,,K'Sante,2.48,189
Braum,,Lee Sin,4.10,853
Braum,,Caitlyn,-1.53,230
Braum,,Viego,4.85,168
Braum,,Akshan,1.73,119
Braum,,Akali,1.59,101
Braum,,Orianna,4.30,244
Braum,,Kai'Sa,1.46,158
Braum,,Vayne,-0.12,132
Braum,,Yorick,5.75,132
Braum,,Rumble,6.60,124
Braum,,Jayce,11.27,159
Braum,,Darius,10.54,265
Caitlyn,,Xerath,-3.47,59181
Caitlyn,,Olaf,-2.82,1083
Caitlyn,,Tahm Kench,-1.60,4452
Caitlyn,,Lux,-1.96,27628
Caitlyn,,Seraphine,-1.36,55663
Caitlyn,,Karthus,-0.63,7392
Caitlyn,,Veigar,-0.83,53458
Caitlyn,,Vel'Koz,-1.81,12736
Caitlyn,,Katarina,-1.55,13701
Caitlyn,,Master Yi,-1.54,2397
Caitlyn,,Hwei,-1.21,23921
Caitlyn,,Ziggs,-2.03,118560
Caitlyn,,Swain,-0.15,20820
Caitlyn,,Brand,-0.49,23420
Caitlyn,,Aurelion Sol,0.36,8650
Caitlyn,,Malzahar,-1.48,11897
Caitlyn,,Zyra,-1.48,2903
Caitlyn,,Gwen,-0.02,1047
Caitlyn,,Naafiri,-2.02,1999
Caitlyn,,Singed,-0.20,884
Caitlyn,,Viktor,-0.33,54927
Caitlyn,,Vladimir,-0.49,7290
Caitlyn,,Ambessa,-3.28,377
Caitlyn,,Yasuo,-0.64,38743
Caitlyn,,Nilah,0.91,20160
Caitlyn,,Jinx,0.10,339942
Caitlyn,,Syndra,-1.34,48533
Caitlyn,,Senna,0.53,52188
Caitlyn,,Heimerdinger,2.00,3847
Caitlyn,,Twitch,0.23,115944
Caitlyn,,Teemo,0.65,7376
Caitlyn,,Fiora,1.37,1115
Caitlyn,,Smolder,0.78,109333
Caitlyn,,Kog'Maw,1.50,35604
Caitlyn,,Diana,-4.49,795
Caitlyn,,Kayle,-0.92,758
Caitlyn,,Miss Fortune,0.20,419793
Caitlyn,,Ahri,-0.10,3480
Caitlyn,,Jhin,-0.66,434307
Caitlyn,,Viego,1.17,3504
Caitlyn,,Sivir,0.15,85945
Caitlyn,,Irelia,-1.38,2812
Caitlyn,,Vex,-0.58,1843
Caitlyn,,Xayah,1.18,70640
Caitlyn,,Zeri,1.37,42817
Caitlyn,,Ashe,0.04,225889
Caitlyn,,Samira,0.60,116617
Caitlyn,,Wukong,-0.67,408
Caitlyn,,Warwick,-5.68,172
Caitlyn,,Tristana,1.01,193304
Caitlyn,,Kai'Sa,0.40,350457
Caitlyn,,Mel,-1.83,88453
Caitlyn,,Ryze,-0.90,1426
Caitlyn,,Fizz,0.92,1386
Caitlyn,,Xin Zhao,-2.69,557
Caitlyn,,Galio,-2.51,531
Caitlyn,,Graves,-1.29,1022
Caitlyn,,Aphelios,0.89,82402
Caitlyn,,Vayne,1.41,116243
Caitlyn,,Sion,0.59,2002
Caitlyn,,Aurora,0.02,1655
Caitlyn,,Dr. Mundo,-0.19,859
Caitlyn,,Taliyah,-0.32,3423
Caitlyn,,Bel'Veth,-5.32,115
Caitlyn,,Draven,0.88,70578
Caitlyn,,Mordekaiser,1.40,935
Caitlyn,,Annie,1.46,1444
Caitlyn,,Ekko,1.54,1313
Caitlyn,,Yunara,1.38,104694
Caitlyn,,Ezreal,-0.96,346392
Caitlyn,,Orianna,-1.42,1640
Caitlyn,,Kalista,1.03,30437
Caitlyn,,Zilean,1.03,671
Caitlyn,,Yone,2.31,5520
Caitlyn,,Fiddlesticks,-0.65,238
Caitlyn,,Zoe,-1.56,1596
Caitlyn,,Quinn,1.40,1648
Caitlyn,,Nocturne,-2.12,136
Caitlyn,,Zed,1.48,1824
Caitlyn,,Shen,3.79,461
Caitlyn,,Lucian,1.16,151794
Caitlyn,,Cassiopeia,1.24,6256
Caitlyn,,Tryndamere,1.57,507
Caitlyn,,Ivern,-5.61,112
Caitlyn,,Lissandra,1.03,1656
Caitlyn,,Sett,4.47,1098
Caitlyn,,Morgana,1.04,2923
Caitlyn,,Corki,2.15,21835
Caitlyn,,Varus,0.26,66256
Caitlyn,,Anivia,2.26,2605
Caitlyn,,Yorick,0.79,631
Caitlyn,,Cho'Gath,0.25,1712
Caitlyn,,Akshan,1.98,2779
Caitlyn,,Briar,4.62,888
Caitlyn,,Garen,0.12,844
Caitlyn,,Pantheon,0.33,1643
Caitlyn,,Twisted Fate,0.43,3602
Caitlyn,,Jax,1.25,664
Caitlyn,,Zac,0.44,111
Caitlyn,,Riven,4.18,565
Caitlyn,,Nidalee,-4.76,772
Caitlyn,,Darius,-0.23,855
Caitlyn,,Trundle,-0.15,313
Caitlyn,,Locke,2.11,3998
Caitlyn,,Aatrox,-0.27,700
Caitlyn,,Volibear,2.51,266
Caitlyn,,Kassadin,1.24,204
Caitlyn,,Kayn,1.17,224
Caitlyn,,Qiyana,3.78,440
Caitlyn,,Kled,4.69,316
Caitlyn,,Jarvan IV,1.94,537
Caitlyn,,Sona,-2.21,214
Caitlyn,,Pyke,-0.59,502
Caitlyn,,Gangplank,0.82,597
Caitlyn,,Gragas,0.22,301
Caitlyn,,Sylas,2.11,3628
Caitlyn,,Kennen,2.25,700
Caitlyn,,Azir,0.87,1140
Caitlyn,,Nasus,3.79,714
Caitlyn,,LeBlanc,0.95,1167
Caitlyn,,Zaahen,3.37,247
Caitlyn,,K'Sante,0.56,167
Caitlyn,,Karma,-0.08,454
Caitlyn,,Neeko,2.54,1034
Caitlyn,,Camille,-0.89,393
Caitlyn,,Malphite,1.36,974
Caitlyn,,Jayce,3.22,1860
Caitlyn,,Rumble,2.56,145
Caitlyn,,Kindred,4.07,941
Caitlyn,,Talon,2.88,242
Caitlyn,,Urgot,5.95,504
Caitlyn,,Vi,3.44,274
Caitlyn,,Lee Sin,0.85,576
Caitlyn,,Illaoi,3.09,234
Caitlyn,,Soraka,1.98,265
Caitlyn,,Gnar,0.74,431
Caitlyn,,Rengar,2.82,1053
Caitlyn,,Akali,2.68,1468
Caitlyn,,Lillia,3.91,112
Caitlyn,,Ornn,5.92,171
Caitlyn,,Nunu & Willump,-0.82,191
Caitlyn,,Renekton,3.88,235
Caitlyn,,Alistar,-5.02,190
Caitlyn,,Bard,-6.03,147
Caitlyn,,Nami,2.80,121
Caitlyn,,Poppy,0.61,126
Caitlyn,,Shaco,3.57,275
Caitlyn,,Nautilus,0.96,327
Caitlyn,,Blitzcrank,0.05,370
Caitlyn,,Thresh,2.47,689
Caitlyn,,Leona,3.09,210
Caitlyn,,Lulu,2.60,212
Caitlyn,,Yuumi,-3.21,127
Cassiopeia,,Heimerdinger,-5.47,910
Cassiopeia,,Briar,-1.90,533
Cassiopeia,,Kog'Maw,-4.03,390
Cassiopeia,,Malzahar,-2.63,12705
Cassiopeia,,Xerath,-2.23,7372
Cassiopeia,,Nocturne,-3.04,102
Cassiopeia,,Garen,-1.65,822
Cassiopeia,,Zyra,-4.68,356
Cassiopeia,,Quinn,-2.52,469
Cassiopeia,,Veigar,-2.06,10947
Cassiopeia,,Olaf,-2.76,124
Cassiopeia,,Vel'Koz,-2.74,1664
Cassiopeia,,Naafiri,-2.87,4377
Cassiopeia,,Gwen,-1.24,1536
Cassiopeia,,Hwei,-2.33,6339
Cassiopeia,,Yorick,-2.66,426
Cassiopeia,,Syndra,-2.37,13967
Cassiopeia,,Morgana,-1.74,1089
Cassiopeia,,Lux,-1.05,7648
Cassiopeia,,Jarvan IV,-2.65,122
Cassiopeia,,Gragas,-0.74,581
Cassiopeia,,Zac,0.29,181
Cassiopeia,,Brand,-1.47,1928
Cassiopeia,,Twisted Fate,-1.67,6294
Cassiopeia,,Zilean,0.33,350
Cassiopeia,,Fizz,-0.09,9075
Cassiopeia,,Neeko,-1.61,634
Cassiopeia,,Viktor,-0.47,14402
Cassiopeia,,Kayle,-0.23,590
Cassiopeia,,Anivia,-1.64,4167
Cassiopeia,,Annie,-1.28,2689
Cassiopeia,,Seraphine,-3.28,404
Cassiopeia,,Ziggs,-1.09,1512
Cassiopeia,,Tahm Kench,-0.02,169
Cassiopeia,,Ahri,-0.62,16109
Cassiopeia,,Karthus,-1.65,246
Cassiopeia,,Ornn,-1.90,101
Cassiopeia,,Twitch,-3.22,281
Cassiopeia,,Aurelion Sol,-0.07,2672
Cassiopeia,,Ekko,0.09,5170
Cassiopeia,,Zed,-0.99,12494
Cassiopeia,,Swain,1.31,1450
Cassiopeia,,Singed,4.81,310
Cassiopeia,,Draven,-3.14,125
Cassiopeia,,LeBlanc,-1.13,5669
Cassiopeia,,Pyke,-4.57,114
Cassiopeia,,Malphite,1.11,1244
Cassiopeia,,Galio,-0.23,6807
Cassiopeia,,Akali,-0.98,10152
Cassiopeia,,Qiyana,-2.63,2708
Cassiopeia,,Zoe,-0.88,3925
Cassiopeia,,Fiddlesticks,2.24,140
Cassiopeia,,Nunu & Willump,-1.18,336
Cassiopeia,,Kassadin,0.69,3566
Cassiopeia,,Illaoi,2.35,152
Cassiopeia,,Vladimir,1.58,7074
Cassiopeia,,Akshan,-0.42,3603
Cassiopeia,,Cho'Gath,0.83,880
Cassiopeia,,Talon,-0.29,2998
Cassiopeia,,Diana,1.28,6338
Cassiopeia,,Miss Fortune,-3.31,292
Cassiopeia,,Taliyah,-1.31,1730
Cassiopeia,,Kled,4.09,188
Cassiopeia,,Wukong,1.96,161
Cassiopeia,,Nasus,4.61,1643
Cassiopeia,,Renekton,2.68,303
Cassiopeia,,Nidalee,-2.94,107
Cassiopeia,,Teemo,2.54,680
Cassiopeia,,Gangplank,1.22,958
Cassiopeia,,Vex,2.61,6020
Cassiopeia,,Irelia,0.88,4730
Cassiopeia,,Tryndamere,5.01,628
Cassiopeia,,Kennen,3.13,543
Cassiopeia,,Aurora,0.74,3125
Cassiopeia,,Ambessa,3.06,360
Cassiopeia,,Katarina,1.61,10577
Cassiopeia,,Sion,3.63,1080
Cassiopeia,,Locke,0.58,10535
Cassiopeia,,Yasuo,1.18,16901
Cassiopeia,,Lissandra,2.88,6740
Cassiopeia,,Pantheon,3.89,1540
Cassiopeia,,Aatrox,1.14,241
Cassiopeia,,Yone,2.12,13953
Cassiopeia,,Kalista,2.86,108
Cassiopeia,,Orianna,-0.68,5197
Cassiopeia,,Varus,-1.46,398
Cassiopeia,,K'Sante,0.47,133
Cassiopeia,,Jhin,0.36,422
Cassiopeia,,Graves,0.07,174
Cassiopeia,,Ryze,0.57,7049
Cassiopeia,,Azir,-0.26,2678
Cassiopeia,,Sylas,2.82,15280
Cassiopeia,,Mel,-0.25,5971
Cassiopeia,,Rumble,3.99,198
Cassiopeia,,Mordekaiser,7.02,407
Cassiopeia,,Jayce,1.87,1125
Cassiopeia,,Caitlyn,-0.06,502
Cassiopeia,,Sett,7.47,325
Cassiopeia,,Kai'Sa,0.31,491
Cassiopeia,,Ashe,-0.91,291
Cassiopeia,,Riven,5.12,929
Cassiopeia,,Master Yi,4.50,269
Cassiopeia,,Vayne,3.81,240
Cassiopeia,,Ezreal,-0.93,934
Cassiopeia,,Dr. Mundo,4.70,301
Cassiopeia,,Viego,5.26,330
Cassiopeia,,Tristana,4.20,1385
Cassiopeia,,Vi,5.86,131
Cassiopeia,,Smolder,4.02,800
Cassiopeia,,Karma,4.58,244
Cassiopeia,,Fiora,8.68,117
Cassiopeia,,Xin Zhao,7.94,337
Cassiopeia,,Zaahen,6.79,122
Cassiopeia,,Shen,8.59,122
Cassiopeia,,Lucian,0.54,364
Cassiopeia,,Darius,8.28,131
Cassiopeia,,Lee Sin,4.66,192
Cassiopeia,,Urgot,10.35,102
Cassiopeia,,Corki,7.08,472
Cassiopeia,,Jax,13.25,139
Camille,,Taric,-3.66,7213
Camille,,Janna,-3.09,15424
Camille,,Poppy,-1.84,39701
Camille,,Rell,-1.78,18178
Camille,,Renata Glasc,-2.84,4012
Camille,,Braum,-2.21,18766
Camille,,Rakan,-2.71,14486
Camille,,Leona,-1.02,49334
Camille,,Nami,-1.57,31225
Camille,,Milio,-1.33,20085
Camille,,Sona,-0.78,12772
Camille,,Maokai,-1.06,10529
Camille,,Thresh,-0.85,62347
Camille,,Galio,-1.08,7968
Camille,,Lulu,-2.15,34736
Camille,,Alistar,-1.22,23205
Camille,,Soraka,-0.51,19815
Camille,,Zilean,-0.39,12405
Camille,,Tahm Kench,-1.40,18559
Camille,,Nautilus,-1.27,53953
Camille,,Fiddlesticks,-1.03,3186
Camille,,Annie,-0.87,1637
Camille,,Amumu,0.74,3405
Camille,,Quinn,-2.00,506
Camille,,Zyra,0.69,14997
Camille,,Seraphine,0.36,52977
Camille,,Teemo,0.41,5924
Camille,,Brand,0.20,19851
Camille,,Pantheon,-0.49,37682
Camille,,Blitzcrank,0.42,30174
Camille,,Zaahen,-3.33,391
Camille,,Twisted Fate,-0.67,1470
Camille,,Shen,0.82,22119
Camille,,Sejuani,-0.78,628
Camille,,Morgana,1.48,31619
Camille,,Shaco,0.75,10151
Camille,,Qiyana,-2.40,626
Camille,,Senna,1.78,30234
Camille,,Karma,0.17,24769
Camille,,Ornn,-2.66,520
Camille,,Rammus,1.75,1234
Camille,,Swain,0.31,21885
Camille,,Hwei,1.50,3710
Camille,,Ivern,-0.90,861
Camille,,Evelynn,0.82,232
Camille,,Lux,1.52,62613
Camille,,Kennen,0.12,516
Camille,,Zac,0.97,1830
Camille,,Vel'Koz,2.29,16775
Camille,,Jarvan IV,0.72,3029
Camille,,Gragas,-0.04,1895
Camille,,Cho'Gath,-1.21,1619
Camille,,Sion,1.61,2042
Camille,,Bard,0.84,24009
Camille,,Elise,2.28,3035
Camille,,Kayn,-4.06,130
Camille,,LeBlanc,1.94,5294
Camille,,Malphite,-0.25,5687
Camille,,Xerath,2.80,21341
Camille,,Jax,-0.36,2506
Camille,,Pyke,1.18,44572
Camille,,Ekko,0.01,605
Camille,,Sylas,1.60,11770
Camille,,Neeko,0.77,10203
Camille,,Sett,0.09,2543
Camille,,Nidalee,1.19,1308
Camille,,Vex,0.47,852
Camille,,Lissandra,1.55,1615
Camille,,Vi,1.00,1971
Camille,,Nunu & Willump,-0.04,1150
Camille,,Singed,0.70,1057
Camille,,Orianna,-2.35,402
Camille,,Viego,-1.43,362
Camille,,Veigar,1.78,4437
Camille,,Yuumi,1.05,28099
Camille,,Viktor,-0.29,395
Camille,,Master Yi,0.64,642
Camille,,Ahri,1.56,1008
Camille,,Volibear,-2.97,341
Camille,,Skarner,2.03,1984
Camille,,Heimerdinger,3.04,1944
Camille,,Urgot,-1.19,235
Camille,,Anivia,2.11,2990
Camille,,Dr. Mundo,0.77,555
Camille,,Taliyah,2.04,801
Camille,,Zoe,2.26,3875
Camille,,Wukong,2.93,743
Camille,,Syndra,3.47,1476
Camille,,Briar,1.00,674
Camille,,Xin Zhao,1.11,461
Camille,,Fizz,3.57,775
Camille,,Nocturne,0.98,138
Camille,,Malzahar,2.44,1121
Camille,,Trundle,1.95,871
Camille,,Ambessa,-2.69,180
Camille,,Kayle,2.82,246
Camille,,Rumble,0.93,327
Camille,,Fiora,0.41,206
Camille,,Locke,1.42,1354
Camille,,Ashe,2.41,5802
Camille,,Diana,0.18,319
Camille,,Mordekaiser,-0.63,682
Camille,,Darius,-0.05,714
Camille,,Tryndamere,-2.99,221
Camille,,Udyr,0.15,113
Camille,,Karthus,3.03,348
Camille,,Garen,-2.33,356
Camille,,Rek'Sai,5.05,204
Camille,,Aurelion Sol,5.55,501
Camille,,Kled,3.84,324
Camille,,Gnar,-1.10,126
Camille,,Warwick,1.74,257
Camille,,Talon,1.51,147
Camille,,Kog'Maw,5.46,324
Camille,,Rengar,1.63,864
Camille,,Jayce,3.66,681
Camille,,Akali,-0.76,309
Camille,,K'Sante,0.71,641
Camille,,Zed,2.20,1151
Camille,,Cassiopeia,2.30,219
Camille,,Aatrox,1.43,662
Camille,,Aurora,1.41,202
Camille,,Yone,-2.19,540
Camille,,Nasus,1.21,582
Camille,,Twitch,2.02,3105
Camille,,Mel,3.13,16058
Camille,,Ziggs,6.77,1731
Camille,,Lee Sin,3.45,2384
Camille,,Lucian,-5.75,121
Camille,,Miss Fortune,3.70,2779
Camille,,Yasuo,2.29,897
Camille,,Ezreal,3.07,2194
Camille,,Kai'Sa,1.60,372
Camille,,Ryze,2.15,107
Camille,,Jhin,4.39,883
Camille,,Akshan,3.37,267
Camille,,Naafiri,5.53,491
Camille,,Illaoi,3.90,243
Camille,,Katarina,5.81,484
Camille,,Olaf,4.15,141
Camille,,Yorick,7.53,281
Camille,,Renekton,4.20,167
Camille,,Caitlyn,2.70,414
Camille,,Varus,4.73,320
Camille,,Riven,5.79,265
Camille,,Gangplank,1.30,169
Camille,,Bel'Veth,6.08,101
Camille,,Vayne,6.24,258
Camille,,Azir,4.12,134
Camille,,Smolder,5.74,148
Camille,,Tristana,6.66,168
Camille,,Jinx,6.93,171
Cho'Gath,,Nocturne,-5.69,262
Cho'Gath,,Mordekaiser,-3.80,35751
Cho'Gath,,Dr. Mundo,-3.97,19444
Cho'Gath,,Zyra,-6.79,145
Cho'Gath,,Sett,-3.13,29933
Cho'Gath,,Kled,-1.95,4440
Cho'Gath,,Zilean,-1.65,852
Cho'Gath,,Illaoi,-1.35,13841
Cho'Gath,,Ornn,-1.47,8942
Cho'Gath,,Yone,-2.49,24745
Cho'Gath,,Gwen,-3.79,10718
Cho'Gath,,Urgot,-0.70,9335
Cho'Gath,,Zeri,-5.30,105
Cho'Gath,,Kassadin,-0.71,327
Cho'Gath,,Kayle,-0.50,7945
Cho'Gath,,Vel'Koz,-0.56,324
Cho'Gath,,Kog'Maw,-1.92,372
Cho'Gath,,Tahm Kench,-1.47,8655
Cho'Gath,,Brand,-1.52,1374
Cho'Gath,,Yorick,0.13,28368
Cho'Gath,,Singed,1.12,7439
Cho'Gath,,Nasus,0.77,22431
Cho'Gath,,Aatrox,-1.73,14512
Cho'Gath,,Kayn,-3.47,1545
Cho'Gath,,Vayne,-2.58,11623
Cho'Gath,,Zac,0.65,982
Cho'Gath,,Naafiri,-0.42,1219
Cho'Gath,,Zaahen,-1.21,8570
Cho'Gath,,Shen,-0.22,9988
Cho'Gath,,Morgana,-1.77,499
Cho'Gath,,Fiora,-1.60,10701
Cho'Gath,,Anivia,0.02,1292
Cho'Gath,,Lillia,-5.31,282
Cho'Gath,,Kalista,-2.49,535
Cho'Gath,,Viktor,-0.07,528
Cho'Gath,,Tryndamere,0.40,12945
Cho'Gath,,LeBlanc,-1.25,211
Cho'Gath,,Ambessa,-1.87,7806
Cho'Gath,,Udyr,-2.24,1274
Cho'Gath,,Zed,1.33,1156
Cho'Gath,,Sylas,-0.24,4201
Cho'Gath,,Viego,-2.80,396
Cho'Gath,,Poppy,0.35,2374
Cho'Gath,,Trundle,-0.33,7545
Cho'Gath,,Heimerdinger,1.27,8157
Cho'Gath,,Draven,-2.62,306
Cho'Gath,,Rek'Sai,1.43,204
Cho'Gath,,Garen,2.15,28725
Cho'Gath,,Volibear,0.36,11663
Cho'Gath,,Warwick,2.25,4223
Cho'Gath,,Gnar,-1.03,8680
Cho'Gath,,Teemo,2.53,29589
Cho'Gath,,Olaf,0.86,7214
Cho'Gath,,Irelia,0.38,9105
Cho'Gath,,Ekko,-1.37,499
Cho'Gath,,Smolder,-3.34,1207
Cho'Gath,,Bel'Veth,-6.42,187
Cho'Gath,,Syndra,3.39,200
Cho'Gath,,Malzahar,1.76,2128
Cho'Gath,,Ahri,3.83,501
Cho'Gath,,Lulu,-5.58,127
Cho'Gath,,Camille,0.56,5653
Cho'Gath,,Sejuani,1.56,607
Cho'Gath,,Quinn,1.80,2493
Cho'Gath,,Aurora,0.54,954
Cho'Gath,,Sion,1.83,9879
Cho'Gath,,Renekton,2.03,13930
Cho'Gath,,Wukong,3.12,2221
Cho'Gath,,Swain,0.85,1971
Cho'Gath,,Kai'Sa,-1.52,616
Cho'Gath,,Aurelion Sol,2.69,459
Cho'Gath,,Galio,1.33,675
Cho'Gath,,Varus,0.01,1869
Cho'Gath,,Darius,1.48,26341
Cho'Gath,,Maokai,1.78,1189
Cho'Gath,,Ryze,0.78,1206
Cho'Gath,,K'Sante,-1.58,6156
Cho'Gath,,Gragas,1.04,4248
Cho'Gath,,Cassiopeia,1.48,1099
Cho'Gath,,Akali,1.80,6032
Cho'Gath,,Zoe,3.25,205
Cho'Gath,,Gangplank,2.72,14992
Cho'Gath,,Senna,0.45,313
Cho'Gath,,Xin Zhao,1.73,888
Cho'Gath,,Rumble,0.42,4027
Cho'Gath,,Lissandra,4.16,734
Cho'Gath,,Karthus,1.10,220
Cho'Gath,,Pantheon,2.79,7264
Cho'Gath,,Rammus,-0.08,182
Cho'Gath,,Hwei,4.95,250
Cho'Gath,,Jhin,-0.10,445
Cho'Gath,,Katarina,1.60,401
Cho'Gath,,Briar,4.05,1083
Cho'Gath,,Jax,3.54,16457
Cho'Gath,,Veigar,3.90,800
Cho'Gath,,Yasuo,1.85,10259
Cho'Gath,,Azir,3.17,277
Cho'Gath,,Master Yi,0.81,2458
Cho'Gath,,Talon,-0.17,137
Cho'Gath,,Fizz,1.94,392
Cho'Gath,,Shaco,-0.30,672
Cho'Gath,,Karma,1.51,371
Cho'Gath,,Malphite,5.37,21842
Cho'Gath,,Tristana,0.14,604
Cho'Gath,,Graves,0.52,714
Cho'Gath,,Rengar,-1.06,739
Cho'Gath,,Vladimir,3.20,2516
Cho'Gath,,Kennen,3.68,4205
Cho'Gath,,Jayce,1.94,8197
Cho'Gath,,Vex,5.07,138
Cho'Gath,,Akshan,4.42,411
Cho'Gath,,Riven,2.44,6601
Cho'Gath,,Vi,0.52,416
Cho'Gath,,Ivern,1.39,214
Cho'Gath,,Fiddlesticks,5.60,990
Cho'Gath,,Ezreal,-2.91,302
Cho'Gath,,Lux,4.24,296
Cho'Gath,,Twisted Fate,3.16,703
Cho'Gath,,Ziggs,3.36,164
Cho'Gath,,Ashe,0.89,735
Cho'Gath,,Shyvana,2.47,569
Cho'Gath,,Annie,6.87,225
Cho'Gath,,Locke,1.24,1899
Cho'Gath,,Miss Fortune,-1.50,143
Cho'Gath,,Skarner,0.82,405
Cho'Gath,,Elise,6.03,174
Cho'Gath,,Qiyana,5.80,268
Cho'Gath,,Soraka,1.99,122
Cho'Gath,,Jarvan IV,1.67,245
Cho'Gath,,Alistar,2.55,264
Cho'Gath,,Caitlyn,3.49,782
Cho'Gath,,Diana,6.30,321
Cho'Gath,,Lee Sin,2.20,513
Cho'Gath,,Neeko,8.22,213
Cho'Gath,,Mel,4.56,289
Cho'Gath,,Corki,6.58,158
Cho'Gath,,Xerath,8.38,100
Cho'Gath,,Nautilus,7.08,257
Cho'Gath,,Lucian,4.60,207
Cho'Gath,,Nidalee,5.56,181
Cho'Gath,,Amumu,2.49,112
Cho'Gath,,Taric,6.81,106
Cho'Gath,,Leona,3.13,133
Cho'Gath,,Thresh,6.76,133
Corki,,Heimerdinger,-4.64,198
Corki,,Veigar,-1.67,2817
Corki,,Viego,-3.57,265
Corki,,Zyra,-3.32,186
Corki,,Kog'Maw,-2.11,2221
Corki,,Karthus,-0.11,636
Corki,,Vladimir,-1.89,739
Corki,,Seraphine,-0.02,2913
Corki,,Smolder,-1.47,6211
Corki,,Olaf,-0.48,118
Corki,,Swain,0.15,1420
Corki,,Tahm Kench,0.65,317
Corki,,Senna,-0.66,2732
Corki,,Hwei,0.26,1593
Corki,,Vel'Koz,-0.15,825
Corki,,Ziggs,-0.51,5347
Corki,,Xayah,-1.24,4714
Corki,,Brand,0.43,1163
Corki,,Xerath,0.31,3151
Corki,,Naafiri,-1.39,109
Corki,,Aurelion Sol,1.42,687
Corki,,Jinx,-0.23,14624
Corki,,Caitlyn,-2.15,21835
Corki,,Zeri,-0.44,3671
Corki,,Ahri,-1.00,209
Corki,,Miss Fortune,-0.59,17137
Corki,,Viktor,0.61,4084
Corki,,Katarina,1.51,972
Corki,,Sivir,-0.58,4569
Corki,,Aurora,-2.23,125
Corki,,Ashe,-0.55,9508
Corki,,Twitch,0.93,6899
Corki,,Lux,2.32,1436
Corki,,Master Yi,2.25,167
Corki,,Jhin,-0.33,19820
Corki,,Kalista,-1.24,2262
Corki,,Draven,-0.84,4320
Corki,,Syndra,0.29,3260
Corki,,Taliyah,-1.71,312
Corki,,Teemo,2.18,355
Corki,,Aphelios,0.43,4895
Corki,,Zed,-0.46,101
Corki,,Yunara,-0.02,7593
Corki,,Vayne,0.97,7203
Corki,,Tristana,1.40,13557
Corki,,Kai'Sa,0.64,28028
Corki,,Annie,0.68,112
Corki,,Nilah,3.98,1559
Corki,,Cassiopeia,-0.06,524
Corki,,Lucian,0.04,11659
Corki,,Vex,1.12,105
Corki,,Cho'Gath,-1.55,103
Corki,,Samira,2.10,7834
Corki,,Yasuo,3.23,2555
Corki,,Ezreal,-1.09,18189
Corki,,Anivia,1.08,188
Corki,,Malzahar,3.85,573
Corki,,Fiora,4.63,131
Corki,,Varus,-0.46,2961
Corki,,Akshan,2.11,206
Corki,,Morgana,2.52,125
Corki,,Mel,2.36,4232
Corki,,Irelia,3.74,197
Corki,,Twisted Fate,1.79,219
Corki,,Lissandra,2.94,100
Corki,,Yone,6.49,397
Corki,,Sylas,2.82,286
Corki,,Orianna,3.14,124
Corki,,Locke,3.91,291
Corki,,Sion,6.58,141
Corki,,Jayce,6.52,150
Corki,,Akali,11.20,114
Diana,,Nocturne,-9.46,304
Diana,,Tahm Kench,-9.20,522
Diana,,Tryndamere,-6.52,1826
Diana,,Maokai,-10.42,103
Diana,,Nasus,-5.06,3248
Diana,,Illaoi,-6.52,656
Diana,,Olaf,-7.05,248
Diana,,Briar,-3.79,1388
Diana,,Singed,-1.89,753
Diana,,Mordekaiser,-3.59,1701
Diana,,Sett,-3.43,1375
Diana,,Sion,-4.84,2356
Diana,,Garen,-3.74,2572
Diana,,Kled,-3.14,468
Diana,,Warwick,-5.01,219
Diana,,Gwen,-3.00,4479
Diana,,Heimerdinger,-1.40,3130
Diana,,Dr. Mundo,-5.59,716
Diana,,Renekton,-2.89,1391
Diana,,Poppy,-4.20,169
Diana,,Zac,-1.84,372
Diana,,Shen,-3.16,400
Diana,,Zaahen,-4.84,386
Diana,,Veigar,-1.58,32589
Diana,,Swain,-1.65,3669
Diana,,Ambessa,-1.78,1122
Diana,,Galio,-3.09,21967
Diana,,Gragas,-1.37,1595
Diana,,Morgana,-1.92,3272
Diana,,Volibear,-3.83,531
Diana,,Wukong,-1.43,457
Diana,,Kayle,-0.77,1375
Diana,,Ornn,-3.11,281
Diana,,Yasuo,-3.08,47482
Diana,,Riven,-1.84,2583
Diana,,Xin Zhao,-1.61,1020
Diana,,Jax,-2.53,613
Diana,,Gangplank,-2.15,2540
Diana,,Fiora,-0.61,361
Diana,,Darius,-2.65,623
Diana,,Xerath,0.40,17705
Diana,,Lux,-0.21,22765
Diana,,Kog'Maw,-0.73,899
Diana,,Yorick,-1.15,1101
Diana,,Malzahar,0.45,36457
Diana,,Hwei,-0.61,14640
Diana,,Irelia,-1.72,13547
Diana,,Lissandra,-0.56,18372
Diana,,Vi,-2.04,403
Diana,,Vel'Koz,-0.30,3930
Diana,,Viktor,0.18,30227
Diana,,Cho'Gath,-0.70,2372
Diana,,Aatrox,-2.10,667
Diana,,Ekko,-0.29,16252
Diana,,Urgot,-0.83,384
Diana,,Vex,0.56,19300
Diana,,Ahri,-0.07,45805
Diana,,Pantheon,0.94,5090
Diana,,Vladimir,0.31,15972
Diana,,Brand,0.05,5319
Diana,,Elise,-0.95,126
Diana,,Aurelion Sol,-0.09,7293
Diana,,Kassadin,-0.34,9212
Diana,,Teemo,0.87,1921
Diana,,Syndra,0.25,27335
Diana,,Malphite,0.74,3608
Diana,,Sylas,-1.07,38160
Diana,,Yone,-0.42,40925
Diana,,Quinn,1.52,1290
Diana,,Rumble,0.30,496
Diana,,Kennen,1.59,1354
Diana,,Zilean,2.51,955
Diana,,Neeko,0.26,1799
Diana,,Soraka,-6.44,122
Diana,,Fizz,2.24,34939
Diana,,Anivia,0.31,7958
Diana,,Seraphine,-1.34,1132
Diana,,Master Yi,0.10,771
Diana,,Akali,-0.57,32794
Diana,,Ziggs,0.87,4271
Diana,,Taliyah,-1.52,3766
Diana,,Udyr,-4.18,156
Diana,,Twisted Fate,1.25,14949
Diana,,Gnar,-2.87,179
Diana,,Karthus,0.38,653
Diana,,Karma,-1.43,665
Diana,,Fiddlesticks,2.97,391
Diana,,Samira,-4.30,205
Diana,,Cassiopeia,-1.30,6338
Diana,,Trundle,-0.42,193
Diana,,Viego,0.67,936
Diana,,Kalista,1.86,265
Diana,,Draven,-1.21,272
Diana,,Miss Fortune,-2.43,871
Diana,,Talon,0.81,8947
Diana,,Zed,1.23,43998
Diana,,Kindred,-3.17,118
Diana,,Vayne,0.39,677
Diana,,Locke,0.54,33749
Diana,,Aurora,1.15,8919
Diana,,Zoe,0.89,10576
Diana,,Ryze,-0.56,9951
Diana,,Camille,0.87,258
Diana,,Sejuani,1.48,170
Diana,,Jinx,-0.56,181
Diana,,Akshan,1.59,9336
Diana,,LeBlanc,1.70,18821
Diana,,Annie,2.95,8462
Diana,,Naafiri,3.12,15112
Diana,,K'Sante,0.56,422
Diana,,Varus,-1.18,1097
Diana,,Jayce,1.11,2382
Diana,,Azir,-0.51,6689
Diana,,Jarvan IV,2.91,296
Diana,,Katarina,2.78,42817
Diana,,Nunu & Willump,1.59,716
Diana,,Zyra,2.95,1019
Diana,,Sivir,-3.48,168
Diana,,Pyke,-0.50,288
Diana,,Caitlyn,0.00,1361
Diana,,Orianna,0.55,11063
Diana,,Mel,0.28,17418
Diana,,Aphelios,1.02,239
Diana,,Tristana,2.15,3087
Diana,,Graves,1.50,374
Diana,,Kayn,3.29,212
Diana,,Ashe,-0.97,891
Diana,,Jhin,2.07,1037
Diana,,Zeri,1.96,197
Diana,,Twitch,2.53,707
Diana,,Shaco,0.78,196
Diana,,Yunara,-3.39,160
Diana,,Senna,-0.09,237
Diana,,Nidalee,1.36,268
Diana,,Qiyana,2.91,7727
Diana,,Lucian,-1.17,847
Diana,,Kai'Sa,1.93,1311
Diana,,Smolder,3.32,1788
Diana,,Ezreal,0.25,2418
Diana,,Lee Sin,2.69,507
Diana,,Corki,3.55,1002
Diana,,Lulu,2.22,113
Diana,,Nautilus,6.70,175
Diana,,Alistar,7.20,122
Diana,,Bel'Veth,5.55,108
Diana,,Blitzcrank,4.21,107
Darius,,Annie,-4.34,703
Darius,,Ahri,-2.51,1411
Darius,,Lissandra,-3.38,2341
Darius,,Vel'Koz,-3.30,965
Darius,,Teemo,-2.42,71861
Darius,,Dr. Mundo,-2.61,57501
Darius,,Kog'Maw,-3.87,959
Darius,,Wukong,-2.40,14609
Darius,,Yorick,-1.95,46366
Darius,,Azir,-3.80,766
Darius,,LeBlanc,-4.23,769
Darius,,Janna,-6.79,192
Darius,,Heimerdinger,-2.27,26105
Darius,,Brand,-2.90,4062
Darius,,Malzahar,-2.61,6257
Darius,,Sett,-1.25,96836
Darius,,Vayne,-3.81,40676
Darius,,Kayle,-0.86,26270
Darius,,Maokai,-2.83,4155
Darius,,Zoe,-1.50,582
Darius,,Quinn,-1.94,10551
Darius,,Veigar,-1.58,2331
Darius,,Volibear,-2.14,44198
Darius,,Syndra,-0.02,627
Darius,,Zilean,-0.35,2587
Darius,,Urgot,-0.58,29045
Darius,,Jax,-1.53,58429
Darius,,Malphite,-0.13,56228
Darius,,Ornn,0.01,24714
Darius,,Zed,0.08,3357
Darius,,Anivia,-0.45,4391
Darius,,Illaoi,0.51,41329
Darius,,Cho'Gath,-1.50,26341
Darius,,Neeko,-1.89,741
Darius,,Naafiri,-0.22,3525
Darius,,Varus,-3.25,6205
Darius,,Hwei,0.89,724
Darius,,Kennen,-1.75,14453
Darius,,Zeri,-4.12,288
Darius,,Rek'Sai,0.24,692
Darius,,Tahm Kench,-0.44,25219
Darius,,Nasus,1.49,65603
Darius,,Renekton,-0.38,47926
Darius,,Briar,0.29,3312
Darius,,Gangplank,-0.38,39244
Darius,,Diana,-2.34,929
Darius,,Singed,2.44,20773
Darius,,Jinx,-6.61,243
Darius,,Pantheon,-0.43,25020
Darius,,Garen,1.67,106030
Darius,,Aurora,-1.13,3668
Darius,,Zaahen,-0.01,25113
Darius,,Katarina,-1.64,827
Darius,,Akali,-0.72,20317
Darius,,Zyra,-1.96,454
Darius,,Mordekaiser,1.84,116420
Darius,,Warwick,1.87,13232
Darius,,Vex,0.62,391
Darius,,Kled,1.77,13339
Darius,,Ivern,-3.27,754
Darius,,Kassadin,1.79,614
Darius,,Talon,-3.18,366
Darius,,Elise,-0.01,579
Darius,,Ashe,-4.31,3427
Darius,,Sejuani,0.67,1831
Darius,,Vladimir,-0.53,8201
Darius,,Jayce,-1.95,26559
Darius,,Trundle,0.25,19705
Darius,,Shen,1.72,28150
Darius,,Senna,-1.32,1110
Darius,,Swain,-0.01,5645
Darius,,Ekko,-1.17,1240
Darius,,Aatrox,0.70,53591
Darius,,Riven,-1.32,21159
Darius,,Viktor,1.74,1586
Darius,,Zac,3.23,2674
Darius,,Aurelion Sol,2.19,1020
Darius,,Ziggs,-0.97,561
Darius,,Irelia,1.04,27904
Darius,,Gnar,0.06,27700
Darius,,Cassiopeia,0.56,3082
Darius,,Tryndamere,2.38,39112
Darius,,Fiddlesticks,2.04,2879
Darius,,Camille,0.92,16827
Darius,,Karma,-0.37,1314
Darius,,Yone,2.32,69188
Darius,,Xin Zhao,1.02,2608
Darius,,Shaco,-1.82,1972
Darius,,Morgana,1.49,1554
Darius,,Nocturne,2.42,787
Darius,,Master Yi,-0.28,7169
Darius,,Ryze,0.83,3891
Darius,,Fiora,1.75,29137
Darius,,Fizz,0.80,1007
Darius,,Sion,2.70,28273
Darius,,Gragas,1.13,12961
Darius,,Nidalee,-4.59,570
Darius,,Akshan,2.24,1070
Darius,,Caitlyn,-1.84,2683
Darius,,Alistar,-2.68,994
Darius,,Gwen,1.51,18989
Darius,,Lux,1.66,845
Darius,,Twisted Fate,0.18,1934
Darius,,Ambessa,1.29,25703
Darius,,Karthus,0.96,611
Darius,,Kayn,0.84,3650
Darius,,Rumble,0.48,10690
Darius,,Olaf,3.32,22618
Darius,,Viego,0.23,1227
Darius,,Kalista,1.42,1431
Darius,,Samira,-3.26,188
Darius,,Smolder,-0.64,3047
Darius,,Nunu & Willump,-7.61,129
Darius,,Evelynn,0.19,165
Darius,,Tristana,-0.28,1661
Darius,,Draven,0.82,966
Darius,,Locke,-0.87,4674
Darius,,Xerath,0.93,266
Darius,,Qiyana,3.19,611
Darius,,Sylas,3.85,5404
Darius,,Shyvana,0.94,1612
Darius,,Aphelios,0.58,252
Darius,,Kai'Sa,1.07,1662
Darius,,Blitzcrank,-9.21,259
Darius,,Taric,-2.79,261
Darius,,Corki,0.45,573
Darius,,Galio,4.57,1285
Darius,,Udyr,3.51,3763
Darius,,Vi,1.19,1073
Darius,,Graves,1.87,1935
Darius,,Kindred,-5.14,126
Darius,,Poppy,5.81,6723
Darius,,Nautilus,1.05,792
Darius,,Jhin,2.57,1538
Darius,,K'Sante,1.84,24805
Darius,,Taliyah,5.64,200
Darius,,Seraphine,1.88,180
Darius,,Soraka,0.99,358
Darius,,Jarvan IV,0.42,598
Darius,,Skarner,0.79,1404
Darius,,Yasuo,4.92,32375
Darius,,Orianna,4.23,205
Darius,,Xayah,3.60,126
Darius,,Lillia,2.66,674
Darius,,Amumu,-2.85,286
Darius,,Bel'Veth,0.12,514
Darius,,Lulu,0.58,426
Darius,,Lee Sin,1.30,1681
Darius,,Mel,2.70,959
Darius,,Lucian,0.47,737
Darius,,Rammus,6.03,583
Darius,,Ezreal,1.17,1196
Darius,,Yunara,0.17,146
Darius,,Rengar,5.27,2066
Darius,,Rell,5.08,115
Darius,,Thresh,1.34,387
Darius,,Miss Fortune,4.64,489
Darius,,Sivir,2.18,128
Darius,,Pyke,4.61,110
Darius,,Braum,1.15,135
Darius,,Leona,2.97,363
Darius,,Twitch,8.31,301
Darius,,Hecarim,5.63,109
Dr. Mundo,,Zac,-4.62,2162
Dr. Mundo,,Yorick,-4.76,28961
Dr. Mundo,,Naafiri,-5.53,1851
Dr. Mundo,,Warwick,-3.55,9451
Dr. Mundo,,Nasus,-2.76,36835
Dr. Mundo,,Illaoi,-3.10,24112
Dr. Mundo,,Yone,-4.54,49935
Dr. Mundo,,Briar,-3.79,1962
Dr. Mundo,,Kled,-3.08,7694
Dr. Mundo,,Gwen,-5.70,25255
Dr. Mundo,,Kalista,-6.10,940
Dr. Mundo,,Aatrox,-4.63,35635
Dr. Mundo,,Irelia,-4.57,16051
Dr. Mundo,,Kassadin,-2.55,487
Dr. Mundo,,Garen,-1.82,45460
Dr. Mundo,,Kayn,-5.26,3744
Dr. Mundo,,Zed,-1.66,1965
Dr. Mundo,,Singed,-0.35,13438
Dr. Mundo,,Mordekaiser,-1.14,57111
Dr. Mundo,,Trundle,-2.89,14052
Dr. Mundo,,Fiora,-3.02,15423
Dr. Mundo,,Ambessa,-3.66,15224
Dr. Mundo,,Tryndamere,-1.23,20370
Dr. Mundo,,Kog'Maw,-2.09,817
Dr. Mundo,,Udyr,-3.79,2764
Dr. Mundo,,Shen,-0.92,16720
Dr. Mundo,,Olaf,-0.95,13306
Dr. Mundo,,Sett,0.42,38398
Dr. Mundo,,Viego,-4.06,802
Dr. Mundo,,Aurelion Sol,-0.44,939
Dr. Mundo,,Zaahen,-1.06,13219
Dr. Mundo,,Xin Zhao,-2.11,1593
Dr. Mundo,,Anivia,-0.13,2612
Dr. Mundo,,Fiddlesticks,-0.56,1966
Dr. Mundo,,Vayne,-1.87,21749
Dr. Mundo,,Zilean,1.19,1334
Dr. Mundo,,Rek'Sai,0.67,398
Dr. Mundo,,Qiyana,-1.27,531
Dr. Mundo,,Tahm Kench,-0.07,13285
Dr. Mundo,,Ornn,1.06,15345
Dr. Mundo,,Teemo,1.77,39587
Dr. Mundo,,Soraka,-5.00,189
Dr. Mundo,,Kayle,1.29,12774
Dr. Mundo,,Sylas,-0.36,4101
Dr. Mundo,,Sejuani,0.02,1092
Dr. Mundo,,Poppy,0.19,4386
Dr. Mundo,,Vel'Koz,1.40,510
Dr. Mundo,,Yasuo,-1.20,16310
Dr. Mundo,,Volibear,0.48,18357
Dr. Mundo,,Wukong,1.86,3833
Dr. Mundo,,Riven,-1.80,9127
Dr. Mundo,,Camille,-0.23,8207
Dr. Mundo,,Urgot,2.31,17254
Dr. Mundo,,K'Sante,-3.05,11262
Dr. Mundo,,Aurora,-0.07,1753
Dr. Mundo,,Akshan,0.61,751
Dr. Mundo,,Ivern,-2.08,389
Dr. Mundo,,Hwei,3.35,404
Dr. Mundo,,Gnar,0.14,15120
Dr. Mundo,,Draven,-1.16,481
Dr. Mundo,,Quinn,2.12,4377
Dr. Mundo,,Ahri,4.48,753
Dr. Mundo,,Rumble,-0.35,6843
Dr. Mundo,,Sion,2.30,16799
Dr. Mundo,,Elise,1.61,300
Dr. Mundo,,Gangplank,2.37,26671
Dr. Mundo,,Senna,0.02,575
Dr. Mundo,,Master Yi,-0.33,4017
Dr. Mundo,,Lissandra,3.61,1299
Dr. Mundo,,Heimerdinger,3.83,15165
Dr. Mundo,,Renekton,3.24,28628
Dr. Mundo,,Ekko,0.75,763
Dr. Mundo,,Katarina,1.44,547
Dr. Mundo,,Shyvana,-0.32,1042
Dr. Mundo,,Locke,-1.58,2953
Dr. Mundo,,Vladimir,1.89,4638
Dr. Mundo,,Nocturne,3.36,435
Dr. Mundo,,Lillia,-1.18,538
Dr. Mundo,,Pantheon,3.14,13663
Dr. Mundo,,Darius,2.59,57501
Dr. Mundo,,Gragas,2.10,8505
Dr. Mundo,,Swain,2.64,3380
Dr. Mundo,,Brand,3.74,1978
Dr. Mundo,,Morgana,3.02,780
Dr. Mundo,,Fizz,2.12,655
Dr. Mundo,,Varus,1.58,3563
Dr. Mundo,,Maokai,3.31,2509
Dr. Mundo,,Lux,3.02,365
Dr. Mundo,,Vex,4.62,194
Dr. Mundo,,Akali,3.55,11516
Dr. Mundo,,Cho'Gath,3.96,19444
Dr. Mundo,,Jax,4.65,34397
Dr. Mundo,,Vi,0.24,678
Dr. Mundo,,Tristana,0.64,963
Dr. Mundo,,Syndra,6.78,349
Dr. Mundo,,Malphite,6.16,48134
Dr. Mundo,,Graves,1.09,1200
Dr. Mundo,,Viktor,5.37,1015
Dr. Mundo,,Lulu,-2.18,206
Dr. Mundo,,Kai'Sa,1.52,1051
Dr. Mundo,,Ryze,3.59,2436
Dr. Mundo,,Galio,4.67,947
Dr. Mundo,,Malzahar,5.83,3369
Dr. Mundo,,Jayce,2.83,18911
Dr. Mundo,,Cassiopeia,4.53,1961
Dr. Mundo,,Jhin,2.31,702
Dr. Mundo,,Zyra,3.69,226
Dr. Mundo,,Rammus,2.55,322
Dr. Mundo,,Rengar,0.24,1457
Dr. Mundo,,Kennen,5.33,8644
Dr. Mundo,,Smolder,2.05,2191
Dr. Mundo,,Nautilus,1.64,507
Dr. Mundo,,Twisted Fate,3.85,1191
Dr. Mundo,,Taliyah,6.80,118
Dr. Mundo,,Karma,4.68,700
Dr. Mundo,,Annie,8.24,385
Dr. Mundo,,Talon,3.64,260
Dr. Mundo,,Shaco,3.41,1063
Dr. Mundo,,Skarner,2.04,827
Dr. Mundo,,Neeko,6.78,366
Dr. Mundo,,Zeri,4.36,188
Dr. Mundo,,Zoe,8.56,307
Dr. Mundo,,Veigar,8.74,1275
Dr. Mundo,,Azir,7.94,463
Dr. Mundo,,Mel,2.83,461
Dr. Mundo,,LeBlanc,7.96,370
Dr. Mundo,,Lee Sin,2.73,978
Dr. Mundo,,Alistar,4.12,404
Dr. Mundo,,Twitch,1.93,182
Dr. Mundo,,Bel'Veth,2.06,318
Dr. Mundo,,Janna,6.47,101
Dr. Mundo,,Diana,7.99,570
Dr. Mundo,,Aphelios,6.16,153
Dr. Mundo,,Yunara,0.59,104
Dr. Mundo,,Jarvan IV,4.40,336
Dr. Mundo,,Ashe,5.56,1048
Dr. Mundo,,Ziggs,8.32,262
Dr. Mundo,,Xerath,7.90,167
Dr. Mundo,,Caitlyn,6.73,1144
Dr. Mundo,,Nidalee,4.27,342
Dr. Mundo,,Miss Fortune,4.70,249
Dr. Mundo,,Orianna,10.06,123
Dr. Mundo,,Lucian,4.79,411
Dr. Mundo,,Karthus,10.96,390
Dr. Mundo,,Corki,8.59,344
Dr. Mundo,,Thresh,2.91,227
Dr. Mundo,,Leona,0.91,256
Dr. Mundo,,Taric,6.21,167
Dr. Mundo,,Jinx,7.47,147
Dr. Mundo,,Ezreal,5.72,568
Dr. Mundo,,Amumu,5.46,204
Dr. Mundo,,Blitzcrank,5.98,131
Draven,,Xin Zhao,-11.77,103
Draven,,Jax,-9.43,128
Draven,,Shen,-5.18,103
Draven,,Teemo,-4.33,1044
Draven,,Heimerdinger,-2.35,661
Draven,,Swain,-2.04,4057
Draven,,Veigar,-1.68,8722
Draven,,Seraphine,-1.84,8977
Draven,,Olaf,-2.12,221
Draven,,Briar,-3.42,155
Draven,,Brand,-1.68,4098
Draven,,Lux,-1.65,4529
Draven,,Sion,-4.86,308
Draven,,Vel'Koz,-1.71,2393
Draven,,Hwei,-1.20,4814
Draven,,Karthus,-0.21,1834
Draven,,Malzahar,-2.24,1816
Draven,,Senna,-1.78,7889
Draven,,Yasuo,-2.23,6174
Draven,,Sett,-2.21,149
Draven,,Ahri,-2.67,551
Draven,,Vladimir,-1.29,1786
Draven,,Zyra,-1.53,525
Draven,,Xerath,-0.44,7498
Draven,,Malphite,-8.68,208
Draven,,Gwen,0.04,179
Draven,,Tahm Kench,0.77,834
Draven,,Kog'Maw,-0.31,6593
Draven,,Zilean,-3.83,131
Draven,,Ziggs,-0.34,14985
Draven,,Singed,-0.12,171
Draven,,Nasus,-4.71,109
Draven,,Dr. Mundo,-4.01,141
Draven,,Nilah,0.55,4764
Draven,,Vex,-2.74,301
Draven,,Fiora,0.41,263
Draven,,Viktor,0.16,9333
Draven,,Samira,-1.46,19849
Draven,,Smolder,-0.08,17025
Draven,,Syndra,-1.56,8836
Draven,,Azir,-6.93,179
Draven,,Irelia,-2.65,424
Draven,,Jinx,0.44,44316
Draven,,Xayah,0.12,11947
Draven,,Riven,-1.34,154
Draven,,Kayle,-1.09,137
Draven,,Ashe,-0.81,28411
Draven,,Lissandra,-2.93,273
Draven,,Urgot,-2.89,101
Draven,,Caitlyn,-0.89,70578
Draven,,Mel,-3.09,12134
Draven,,Cho'Gath,-3.68,247
Draven,,Miss Fortune,0.45,56894
Draven,,Aurelion Sol,3.07,1625
Draven,,Katarina,2.35,2580
Draven,,Jhin,-0.20,53713
Draven,,Zed,-1.14,261
Draven,,Twitch,1.50,20833
Draven,,Tristana,0.89,29460
Draven,,Aphelios,0.40,12386
Draven,,Morgana,-1.69,389
Draven,,Pantheon,-2.71,272
Draven,,Twisted Fate,-2.41,523
Draven,,Sivir,1.40,11343
Draven,,Locke,-1.84,696
Draven,,Zoe,-2.89,229
Draven,,Zeri,2.62,8689
Draven,,Vayne,1.84,20461
Draven,,Yunara,0.97,16355
Draven,,Anivia,0.72,491
Draven,,Lucian,0.37,24122
Draven,,Viego,3.37,432
Draven,,Corki,0.84,4320
Draven,,Kai'Sa,1.76,52389
Draven,,Annie,1.58,268
Draven,,Master Yi,5.11,442
Draven,,Varus,-0.53,9388
Draven,,Taliyah,0.65,618
Draven,,Yone,2.63,757
Draven,,Cassiopeia,1.34,1135
Draven,,Ezreal,-0.10,42228
Draven,,Aatrox,-2.06,101
Draven,,Quinn,2.40,270
Draven,,Kennen,-0.09,102
Draven,,Ekko,3.53,241
Draven,,Darius,-0.99,143
Draven,,Kalista,2.95,5497
Draven,,Naafiri,5.18,293
Draven,,Mordekaiser,5.11,150
Draven,,Orianna,2.00,254
Draven,,Fizz,5.98,204
Draven,,Rengar,-0.74,213
Draven,,Aurora,4.52,322
Draven,,Garen,2.65,107
Draven,,Jayce,2.45,301
Draven,,Ryze,4.78,227
Draven,,Diana,3.37,137
Draven,,Akshan,5.78,435
Draven,,Neeko,3.01,170
Draven,,Graves,5.42,164
Draven,,Sylas,4.10,515
Draven,,Kindred,4.72,143
Draven,,Akali,1.47,262
Draven,,Nidalee,-0.42,112
Draven,,LeBlanc,4.08,150
Draven,,Thresh,1.71,108
Ekko,,Ambessa,-5.76,917
Ekko,,Teemo,-4.84,1626
Ekko,,Sejuani,-5.60,146
Ekko,,Singed,0.65,650
Ekko,,Quinn,-2.62,1074
Ekko,,Heimerdinger,-0.94,2458
Ekko,,Garen,-1.58,1894
Ekko,,Kindred,-9.12,133
Ekko,,Draven,-6.81,268
Ekko,,Nasus,-0.23,2686
Ekko,,Briar,-0.04,1043
Ekko,,Elise,-3.87,121
Ekko,,Renekton,-1.74,712
Ekko,,Morgana,-2.21,2543
Ekko,,Tahm Kench,-1.49,427
Ekko,,Pantheon,-0.86,3988
Ekko,,Lux,-0.73,18169
Ekko,,Zyra,-2.69,761
Ekko,,Graves,-5.18,318
Ekko,,Veigar,0.21,27168
Ekko,,Sylas,-2.42,29388
Ekko,,Vladimir,-0.65,12528
Ekko,,Shen,-0.40,365
Ekko,,Twisted Fate,-1.08,11749
Ekko,,Kalista,-1.08,242
Ekko,,Kog'Maw,-0.50,754
Ekko,,Kassadin,-1.05,7982
Ekko,,Tryndamere,2.43,1506
Ekko,,Illaoi,0.62,419
Ekko,,Viktor,0.11,24497
Ekko,,Zac,1.37,289
Ekko,,Fizz,0.83,25342
Ekko,,Gwen,0.96,4694
Ekko,,Akali,-2.20,23041
Ekko,,Gragas,0.45,1362
Ekko,,Yasuo,-1.90,37981
Ekko,,Kennen,0.76,1245
Ekko,,Zilean,1.55,800
Ekko,,Malzahar,1.16,29797
Ekko,,Karma,-3.22,560
Ekko,,Vayne,-2.40,548
Ekko,,Sett,2.56,760
Ekko,,Xerath,1.63,14136
Ekko,,Sion,1.05,1766
Ekko,,Lissandra,0.20,14559
Ekko,,Aatrox,-1.64,415
Ekko,,Ahri,0.19,34845
Ekko,,Vex,0.92,13516
Ekko,,Swain,1.29,2820
Ekko,,Kayle,1.09,1353
Ekko,,Annie,-0.10,7021
Ekko,,Anivia,-0.34,6547
Ekko,,Diana,0.28,16252
Ekko,,Hwei,0.62,12121
Ekko,,Vi,-1.03,355
Ekko,,Cho'Gath,0.10,1895
Ekko,,Rumble,0.32,448
Ekko,,Jarvan IV,-0.37,214
Ekko,,Aurelion Sol,0.34,6401
Ekko,,Galio,-0.30,14846
Ekko,,Akshan,-1.05,7626
Ekko,,Olaf,1.18,168
Ekko,,Yone,-0.21,29655
Ekko,,Brand,0.93,4333
Ekko,,Yorick,0.72,755
Ekko,,Nocturne,1.58,230
Ekko,,Vel'Koz,1.21,3509
Ekko,,Nidalee,-3.71,214
Ekko,,Xin Zhao,1.00,891
Ekko,,Riven,0.77,2248
Ekko,,Mordekaiser,3.94,1119
Ekko,,Neeko,0.68,1445
Ekko,,Katarina,0.20,25681
Ekko,,Aurora,-0.27,6701
Ekko,,Varus,-3.45,847
Ekko,,Caitlyn,-3.14,1132
Ekko,,Fiora,2.34,274
Ekko,,LeBlanc,-0.01,12743
Ekko,,Urgot,0.99,252
Ekko,,Zaahen,0.38,308
Ekko,,Irelia,0.65,9492
Ekko,,Syndra,1.82,24187
Ekko,,Talon,0.14,6024
Ekko,,Malphite,2.28,2692
Ekko,,Gangplank,1.14,2327
Ekko,,Jayce,-0.64,2012
Ekko,,Nunu & Willump,-0.31,499
Ekko,,Jhin,-1.27,922
Ekko,,Ryze,-1.25,8329
Ekko,,Ziggs,1.70,3667
Ekko,,Viego,0.83,598
Ekko,,Tristana,-0.81,2389
Ekko,,Naafiri,1.97,10316
Ekko,,Gnar,-2.16,140
Ekko,,Kled,4.82,406
Ekko,,Zed,1.05,36885
Ekko,,Jinx,-1.40,157
Ekko,,Zoe,0.51,8799
Ekko,,Udyr,-3.15,128
Ekko,,Locke,0.30,24879
Ekko,,Dr. Mundo,0.91,604
Ekko,,Aphelios,-1.25,175
Ekko,,Fiddlesticks,4.01,311
Ekko,,Volibear,1.00,295
Ekko,,Qiyana,-0.61,6439
Ekko,,Cassiopeia,-0.15,5170
Ekko,,Warwick,3.23,149
Ekko,,Smolder,-0.54,1674
Ekko,,Mel,-0.87,12967
Ekko,,Seraphine,1.17,931
Ekko,,Master Yi,2.74,584
Ekko,,Pyke,-1.18,234
Ekko,,Taliyah,1.29,3250
Ekko,,Jax,3.14,434
Ekko,,Yunara,-4.65,125
Ekko,,Camille,2.68,220
Ekko,,Kai'Sa,-0.04,1148
Ekko,,Twitch,2.07,627
Ekko,,Orianna,1.09,8937
Ekko,,Wukong,5.51,421
Ekko,,Ezreal,-1.95,1940
Ekko,,Shaco,0.46,141
Ekko,,K'Sante,2.36,260
Ekko,,Karthus,4.46,594
Ekko,,Kayn,3.75,176
Ekko,,Corki,-0.05,806
Ekko,,Nautilus,-0.79,159
Ekko,,Azir,1.81,5717
Ekko,,Ornn,4.50,207
Ekko,,Samira,0.03,173
Ekko,,Miss Fortune,1.81,722
Ekko,,Lucian,-1.20,771
Ekko,,Zeri,3.29,157
Ekko,,Ashe,0.79,663
Ekko,,Maokai,5.23,101
Ekko,,Lee Sin,1.97,416
Ekko,,Darius,6.45,412
Ekko,,Sivir,0.25,145
Ekko,,Senna,2.73,193
Ekko,,Trundle,7.40,119
Ekko,,Soraka,3.49,102
Ekko,,Thresh,6.69,102
Elise,,Rammus,-2.70,2384
Elise,,Maokai,-4.06,649
Elise,,Nocturne,-2.60,11354
Elise,,Shen,-3.77,454
Elise,,Briar,-1.33,8164
Elise,,Dr. Mundo,-2.22,1117
Elise,,Amumu,-1.92,3850
Elise,,Zyra,-1.81,798
Elise,,Warwick,-1.35,6856
Elise,,Shyvana,-0.27,6656
Elise,,Sejuani,-1.47,2368
Elise,,Yorick,-2.25,194
Elise,,Nautilus,-6.64,153
Elise,,Shaco,-2.28,7191
Elise,,Naafiri,-2.21,5480
Elise,,Jarvan IV,-1.29,6768
Elise,,Fiddlesticks,-1.66,3003
Elise,,Malphite,-2.32,1266
Elise,,Sion,0.56,294
Elise,,Cho'Gath,0.31,599
Elise,,Wukong,0.84,6559
Elise,,Nasus,0.18,3463
Elise,,Olaf,-2.14,555
Elise,,Trundle,-0.59,971
Elise,,Vi,-0.86,7720
Elise,,Volibear,-0.61,1679
Elise,,Kayn,-0.35,12128
Elise,,Nunu & Willump,-2.10,2670
Elise,,Gwen,-1.17,931
Elise,,Zac,-0.37,2976
Elise,,Ekko,-0.78,4547
Elise,,Talon,-1.02,5102
Elise,,Aatrox,0.54,1346
Elise,,Morgana,-0.84,425
Elise,,Xin Zhao,-0.15,4540
Elise,,Rek'Sai,-0.53,1207
Elise,,Lillia,1.17,3887
Elise,,Evelynn,-0.03,3236
Elise,,Jax,0.44,3312
Elise,,Diana,-1.44,4431
Elise,,Teemo,0.97,1346
Elise,,Mordekaiser,2.50,937
Elise,,Skarner,-2.05,1217
Elise,,Hecarim,-1.16,4729
Elise,,Karthus,-1.10,1461
Elise,,Gragas,-0.25,619
Elise,,Kha'Zix,-0.87,6626
Elise,,Tryndamere,2.24,723
Elise,,Graves,0.62,14832
Elise,,Sett,-1.51,111
Elise,,Taliyah,0.83,654
Elise,,Bel'Veth,2.21,5337
Elise,,Quinn,1.04,1812
Elise,,Viego,1.35,14172
Elise,,Singed,-0.91,127
Elise,,Jhin,-8.65,111
Elise,,Ivern,1.92,1209
Elise,,Darius,3.21,1075
Elise,,Jayce,0.27,1835
Elise,,Kindred,0.27,3078
Elise,,Udyr,2.54,2564
Elise,,Poppy,1.99,680
Elise,,Lee Sin,0.88,16809
Elise,,Fizz,3.19,901
Elise,,Ambessa,2.27,943
Elise,,Master Yi,2.90,10936
Elise,,Zaahen,4.63,539
Elise,,Zed,0.54,2696
Elise,,Pantheon,2.10,1322
Elise,,Sylas,3.26,7830
Elise,,Nidalee,1.86,2732
Elise,,Garen,-3.10,197
Elise,,Rengar,-1.79,4848
Elise,,Qiyana,-0.36,2904
Elise,,Brand,2.74,354
Elise,,Camille,1.55,123
Elise,,Locke,-1.03,2191
Elise,,Riven,3.00,188
Elise,,Rumble,6.42,124
Elise,,Vayne,6.60,132
Elise,,Twitch,2.77,293
Elise,,Yone,8.26,103
Evelynn,,Rammus,-1.49,5114
Evelynn,,Briar,-1.61,17612
Evelynn,,Shyvana,-0.76,14199
Evelynn,,Tryndamere,-1.99,1770
Evelynn,,Yorick,-3.15,411
Evelynn,,Teemo,-2.08,3078
Evelynn,,Cho'Gath,-1.18,1426
Evelynn,,Warwick,-0.90,16546
Evelynn,,Dr. Mundo,-1.00,2302
Evelynn,,Wukong,0.11,12073
Evelynn,,Poppy,-2.26,1084
Evelynn,,Sion,0.13,571
Evelynn,,Bel'Veth,-0.29,10885
Evelynn,,Sejuani,-0.22,4831
Evelynn,,Nocturne,0.28,23013
Evelynn,,Fiddlesticks,-1.14,5626
Evelynn,,Darius,0.09,2163
Evelynn,,Maokai,-0.75,1345
Evelynn,,Nasus,0.49,7285
Evelynn,,Quinn,-0.93,3558
Evelynn,,Jax,-0.39,7438
Evelynn,,Zac,-0.43,5546
Evelynn,,Amumu,0.78,9250
Evelynn,,Udyr,-0.27,5306
Evelynn,,Trundle,-0.10,2140
Evelynn,,Shaco,-0.90,16199
Evelynn,,Jarvan IV,-0.18,10803
Evelynn,,Vi,-0.37,14096
Evelynn,,Lillia,0.68,7533
Evelynn,,Fizz,-0.17,1560
Evelynn,,Naafiri,-0.72,10432
Evelynn,,Rek'Sai,-0.44,2353
Evelynn,,Riven,-4.65,356
Evelynn,,Xin Zhao,0.10,8819
Evelynn,,Morgana,-0.36,854
Evelynn,,Kayn,0.56,26493
Evelynn,,Sylas,-0.71,14204
Evelynn,,Singed,-2.55,266
Evelynn,,Mordekaiser,2.50,2190
Evelynn,,Shen,0.28,954
Evelynn,,Gragas,-0.67,1265
Evelynn,,Kai'Sa,-6.30,187
Evelynn,,Zaahen,1.57,1076
Evelynn,,Volibear,0.91,3932
Evelynn,,Elise,0.00,3236
Evelynn,,Ivern,0.49,2064
Evelynn,,Zyra,2.16,1348
Evelynn,,Talon,0.36,9059
Evelynn,,Diana,-0.82,9170
Evelynn,,Aatrox,1.95,2443
Evelynn,,Master Yi,0.50,22021
Evelynn,,Hecarim,-0.66,8290
Evelynn,,Nunu & Willump,-0.32,5282
Evelynn,,Sett,-1.48,267
Evelynn,,Kha'Zix,-0.39,12193
Evelynn,,Viego,1.39,29412
Evelynn,,Lee Sin,-0.45,21410
Evelynn,,Ekko,1.61,8642
Evelynn,,Karthus,0.20,3027
Evelynn,,Brand,-0.38,617
Evelynn,,Pantheon,0.31,2496
Evelynn,,Olaf,1.12,969
Evelynn,,Rengar,-4.17,10362
Evelynn,,Gwen,1.70,1843
Evelynn,,Graves,2.09,25533
Evelynn,,Malphite,1.51,2757
Evelynn,,Skarner,0.07,2226
Evelynn,,Ambessa,1.43,1770
Evelynn,,Kindred,0.88,6090
Evelynn,,Jayce,1.12,2346
Evelynn,,Aurelion Sol,-1.00,169
Evelynn,,Ornn,-0.14,105
Evelynn,,Taliyah,3.69,900
Evelynn,,Zed,0.94,4794
Evelynn,,Vayne,-0.40,270
Evelynn,,Rumble,1.98,196
Evelynn,,Neeko,2.20,183
Evelynn,,Qiyana,-0.17,4951
Evelynn,,Nidalee,2.38,4047
Evelynn,,Camille,0.33,253
Evelynn,,Locke,-0.79,4790
Evelynn,,Nautilus,3.21,373
Evelynn,,Urgot,5.59,136
Evelynn,,Zeri,3.01,100
Evelynn,,Yone,3.22,237
Evelynn,,Garen,2.26,426
Evelynn,,Twitch,1.11,832
Evelynn,,Jhin,4.35,213
Evelynn,,Yasuo,4.30,105
Ezreal,,Gwen,-4.42,646
Ezreal,,Heimerdinger,-1.55,2473
Ezreal,,Tahm Kench,-1.31,2593
Ezreal,,Urgot,-6.85,250
Ezreal,,Shen,-3.07,260
Ezreal,,Katarina,-1.19,8598
Ezreal,,Malzahar,-2.23,7294
Ezreal,,Naafiri,-2.84,1283
Ezreal,,Nilah,-0.68,12082
Ezreal,,Ambessa,-4.55,352
Ezreal,,Yasuo,-1.89,28548
Ezreal,,Karthus,0.68,4871
Ezreal,,Zilean,-4.31,412
Ezreal,,Olaf,-0.34,823
Ezreal,,Viego,-1.31,4151
Ezreal,,Akshan,-4.25,1792
Ezreal,,Brand,0.31,13288
Ezreal,,Master Yi,0.10,1564
Ezreal,,Warwick,-8.40,101
Ezreal,,Sivir,-1.89,58587
Ezreal,,Ahri,-1.85,2200
Ezreal,,Senna,-0.20,31185
Ezreal,,Kog'Maw,0.06,19968
Ezreal,,Seraphine,1.13,33533
Ezreal,,Wukong,-3.08,272
Ezreal,,Xerath,0.50,48277
Ezreal,,Swain,1.29,13541
Ezreal,,Vayne,-1.65,72330
Ezreal,,Teemo,-0.12,5184
Ezreal,,Smolder,-0.12,64840
Ezreal,,Dr. Mundo,-3.57,612
Ezreal,,Aurelion Sol,1.56,6306
Ezreal,,Hwei,1.19,16255
Ezreal,,Vladimir,0.21,6602
Ezreal,,Vel'Koz,1.02,8460
Ezreal,,Sion,-1.89,1280
Ezreal,,Qiyana,-2.85,423
Ezreal,,Zeri,0.08,33059
Ezreal,,Samira,-0.82,70516
Ezreal,,Veigar,2.38,29453
Ezreal,,Viktor,0.96,44851
Ezreal,,Kindred,-4.54,675
Ezreal,,Xayah,0.30,46690
Ezreal,,Kai'Sa,-1.12,331870
Ezreal,,Lux,1.85,14730
Ezreal,,Jinx,0.78,157968
Ezreal,,Kalista,-2.01,23498
Ezreal,,Fiora,1.58,892
Ezreal,,Singed,1.43,775
Ezreal,,Sett,0.55,709
Ezreal,,Tristana,0.00,112159
Ezreal,,Kled,-1.32,244
Ezreal,,Ziggs,1.42,74964
Ezreal,,Zyra,1.11,1983
Ezreal,,Twitch,1.04,59202
Ezreal,,Quinn,-1.36,1009
Ezreal,,Jhin,-0.31,244671
Ezreal,,Vex,-0.65,1163
Ezreal,,Aphelios,-0.13,52090
Ezreal,,Zed,-0.98,1507
Ezreal,,Yone,0.11,4884
Ezreal,,Ashe,0.14,120581
Ezreal,,Miss Fortune,1.11,199542
Ezreal,,Tryndamere,-1.00,335
Ezreal,,Briar,1.87,579
Ezreal,,Kayle,0.66,519
Ezreal,,Draven,0.09,42228
Ezreal,,Lucian,-0.44,120036
Ezreal,,Garen,-2.37,517
Ezreal,,Syndra,1.38,37983
Ezreal,,Annie,0.76,1026
Ezreal,,Caitlyn,0.95,346392
Ezreal,,Yunara,0.67,73330
Ezreal,,Yorick,-1.24,358
Ezreal,,Aurora,0.33,1164
Ezreal,,Fiddlesticks,-1.36,148
Ezreal,,Cassiopeia,0.42,5499
Ezreal,,Soraka,-5.38,166
Ezreal,,Morgana,-0.33,1524
Ezreal,,Graves,-0.21,701
Ezreal,,Corki,1.08,18189
Ezreal,,Ekko,1.81,1119
Ezreal,,Fizz,2.71,970
Ezreal,,Lissandra,0.49,1177
Ezreal,,Anivia,1.62,1983
Ezreal,,Darius,-2.27,527
Ezreal,,Irelia,1.61,2209
Ezreal,,Ryze,1.26,1236
Ezreal,,Mel,0.43,53253
Ezreal,,Locke,0.33,2851
Ezreal,,Jarvan IV,-0.20,420
Ezreal,,Sylas,-0.44,3705
Ezreal,,Vi,-1.69,188
Ezreal,,Karma,-3.07,292
Ezreal,,Jayce,-0.18,1805
Ezreal,,Jax,1.42,395
Ezreal,,Neeko,-0.41,556
Ezreal,,Zaahen,0.79,157
Ezreal,,Varus,0.99,37708
Ezreal,,Twisted Fate,0.98,2718
Ezreal,,Pantheon,0.97,1079
Ezreal,,Cho'Gath,1.07,1143
Ezreal,,Mordekaiser,3.79,627
Ezreal,,Aatrox,-1.20,625
Ezreal,,Taliyah,2.53,3299
Ezreal,,Zoe,0.45,992
Ezreal,,Nasus,2.09,451
Ezreal,,Kennen,0.58,447
Ezreal,,LeBlanc,-0.85,845
Ezreal,,Trundle,-0.44,188
Ezreal,,Malphite,-1.04,577
Ezreal,,Kayn,0.74,114
Ezreal,,Volibear,2.19,164
Ezreal,,Riven,4.98,473
Ezreal,,Orianna,1.83,1227
Ezreal,,Rengar,-1.01,773
Ezreal,,Gangplank,0.79,497
Ezreal,,Gragas,0.20,165
Ezreal,,Camille,-2.20,275
Ezreal,,Talon,1.23,196
Ezreal,,Nidalee,-3.08,443
Ezreal,,Azir,1.17,913
Ezreal,,Diana,2.99,572
Ezreal,,Rumble,1.85,132
Ezreal,,Pyke,0.92,341
Ezreal,,Sona,-0.45,131
Ezreal,,Xin Zhao,4.35,400
Ezreal,,Gnar,-0.03,265
Ezreal,,Shaco,-3.40,173
Ezreal,,Kassadin,4.63,153
Ezreal,,Renekton,1.06,165
Ezreal,,Galio,5.73,402
Ezreal,,Illaoi,3.30,116
Ezreal,,Thresh,-5.13,348
Ezreal,,Akali,2.81,1377
Ezreal,,Nunu & Willump,-1.53,126
Ezreal,,K'Sante,5.47,118
Ezreal,,Lee Sin,3.79,400
Ezreal,,Nautilus,0.44,154
Ezreal,,Blitzcrank,0.08,257
Ezreal,,Lulu,5.23,100
Ezreal,,Alistar,7.06,163
Fiddlesticks,,Mordekaiser,-2.11,2192
Fiddlesticks,,Cho'Gath,-2.36,1521
Fiddlesticks,,Sion,-1.68,616
Fiddlesticks,,Shyvana,-0.81,15170
Fiddlesticks,,Shen,-2.82,1047
Fiddlesticks,,Olaf,-3.76,1529
Fiddlesticks,,Zaahen,-1.58,1133
Fiddlesticks,,Nocturne,-1.31,23005
Fiddlesticks,,Briar,-0.31,17442
Fiddlesticks,,Warwick,-0.72,16648
Fiddlesticks,,Tryndamere,-1.00,1774
Fiddlesticks,,Dr. Mundo,-1.27,2155
Fiddlesticks,,Trundle,-1.81,2177
Fiddlesticks,,Amumu,-0.88,9629
Fiddlesticks,,Aatrox,-1.25,2682
Fiddlesticks,,Sejuani,-0.77,4807
Fiddlesticks,,Xin Zhao,-1.48,8191
Fiddlesticks,,Volibear,-1.30,4146
Fiddlesticks,,Rammus,1.31,5173
Fiddlesticks,,Nasus,-0.10,7491
Fiddlesticks,,Jarvan IV,-1.09,10682
Fiddlesticks,,Maokai,-1.11,1297
Fiddlesticks,,Udyr,-0.69,5348
Fiddlesticks,,Wukong,1.19,11719
Fiddlesticks,,Zac,-0.60,5817
Fiddlesticks,,Master Yi,-1.25,20789
Fiddlesticks,,Darius,0.29,2201
Fiddlesticks,,Vi,-0.41,12571
Fiddlesticks,,Bel'Veth,0.68,10573
Fiddlesticks,,Zyra,1.09,1308
Fiddlesticks,,Teemo,0.54,2844
Fiddlesticks,,Rek'Sai,-0.37,1870
Fiddlesticks,,Quinn,-0.15,3026
Fiddlesticks,,Ekko,-0.16,8802
Fiddlesticks,,Galio,-7.96,110
Fiddlesticks,,Viego,-0.05,26828
Fiddlesticks,,Lillia,1.26,7627
Fiddlesticks,,Shaco,-0.14,16868
Fiddlesticks,,Karthus,-1.41,2924
Fiddlesticks,,Sylas,-0.47,15598
Fiddlesticks,,Pantheon,-1.29,2436
Fiddlesticks,,Jax,0.87,8001
Fiddlesticks,,Neeko,-1.70,181
Fiddlesticks,,Sett,-1.57,318
Fiddlesticks,,Taliyah,0.77,891
Fiddlesticks,,Kayn,1.55,27093
Fiddlesticks,,Zed,-2.14,4453
Fiddlesticks,,Hecarim,-0.54,7521
Fiddlesticks,,Kha'Zix,-0.45,10044
Fiddlesticks,,Diana,-0.41,8982
Fiddlesticks,,Evelynn,1.12,5626
Fiddlesticks,,Skarner,-1.07,2260
Fiddlesticks,,Yorick,1.75,410
Fiddlesticks,,Jayce,-0.36,1908
Fiddlesticks,,Talon,1.19,7690
Fiddlesticks,,Morgana,1.40,924
Fiddlesticks,,Kindred,-0.06,5931
Fiddlesticks,,Gragas,0.91,1172
Fiddlesticks,,Naafiri,1.49,9631
Fiddlesticks,,Malphite,1.28,2822
Fiddlesticks,,Gwen,1.70,2501
Fiddlesticks,,Elise,1.66,3003
Fiddlesticks,,Fizz,2.50,1424
Fiddlesticks,,Ambessa,1.37,1784
Fiddlesticks,,Graves,2.31,24284
Fiddlesticks,,Lee Sin,0.74,21059
Fiddlesticks,,Nunu & Willump,1.63,5271
Fiddlesticks,,Brand,0.68,698
Fiddlesticks,,Singed,0.41,262
Fiddlesticks,,Riven,-1.24,404
Fiddlesticks,,Poppy,2.99,1240
Fiddlesticks,,Nautilus,-0.47,331
Fiddlesticks,,Nidalee,1.78,3528
Fiddlesticks,,Ivern,4.24,2428
Fiddlesticks,,Rengar,-1.65,9611
Fiddlesticks,,Garen,-2.63,425
Fiddlesticks,,Ornn,2.96,115
Fiddlesticks,,Qiyana,1.67,4391
Fiddlesticks,,Camille,2.16,248
Fiddlesticks,,Kai'Sa,0.87,186
Fiddlesticks,,Urgot,4.53,121
Fiddlesticks,,Locke,0.03,4557
Fiddlesticks,,Twitch,-0.94,697
Fiddlesticks,,Rumble,6.35,205
Fiddlesticks,,Vayne,4.86,276
Fiddlesticks,,Aurelion Sol,5.89,176
Fiddlesticks,,Yone,5.40,204
Fiddlesticks,,Jhin,6.31,202
Fiora,,Hwei,-9.69,212
Fiora,,Zyra,-10.46,135
Fiora,,Ahri,-3.03,550
Fiora,,Zilean,-3.69,861
Fiora,,Malphite,-3.96,26991
Fiora,,Corki,-9.56,233
Fiora,,Vex,-4.48,178
Fiora,,Akshan,-5.28,489
Fiora,,Warwick,-3.04,7772
Fiora,,Lissandra,-3.21,837
Fiora,,Heimerdinger,-3.45,7727
Fiora,,Nasus,-1.85,19507
Fiora,,Tryndamere,-3.24,17503
Fiora,,Rek'Sai,-2.92,325
Fiora,,Sett,-2.14,28602
Fiora,,Wukong,-2.24,3995
Fiora,,Kalista,-5.23,537
Fiora,,Kayle,-1.83,8878
Fiora,,Poppy,-2.75,3677
Fiora,,Viktor,-2.13,670
Fiora,,Vel'Koz,-1.40,292
Fiora,,Kassadin,-1.33,255
Fiora,,Elise,-3.12,231
Fiora,,Trundle,-2.79,7337
Fiora,,Teemo,-0.14,21571
Fiora,,Garen,-0.37,27291
Fiora,,Urgot,-0.74,10962
Fiora,,Aphelios,-5.98,104
Fiora,,Shen,-1.28,11586
Fiora,,Katarina,-3.36,299
Fiora,,Tahm Kench,-1.45,8739
Fiora,,Azir,-1.65,322
Fiora,,Aurelion Sol,-0.65,376
Fiora,,Udyr,-3.31,1570
Fiora,,Malzahar,-0.85,2046
Fiora,,Ziggs,-3.71,150
Fiora,,Aurora,-2.28,1287
Fiora,,Fiddlesticks,-0.89,1122
Fiora,,Illaoi,0.65,12381
Fiora,,Singed,1.61,8078
Fiora,,Lux,-2.08,209
Fiora,,Darius,-1.75,29137
Fiora,,Volibear,-0.80,12233
Fiora,,Rammus,-3.90,268
Fiora,,Renekton,-0.39,17459
Fiora,,Gangplank,-0.57,15987
Fiora,,Jax,-0.36,22486
Fiora,,Ivern,-4.22,257
Fiora,,Lulu,-7.63,156
Fiora,,Zac,1.52,1403
Fiora,,Draven,-3.34,307
Fiora,,Vayne,-1.52,9634
Fiora,,Quinn,-0.05,2764
Fiora,,Zaahen,-0.10,10286
Fiora,,Zed,1.30,1187
Fiora,,Akali,-0.80,8799
Fiora,,Camille,-1.04,8731
Fiora,,Vladimir,-1.28,3193
Fiora,,Kai'Sa,-3.44,625
Fiora,,Kennen,-0.77,4863
Fiora,,Cassiopeia,-0.69,1211
Fiora,,Ambessa,-1.25,11226
Fiora,,Anivia,1.20,1514
Fiora,,Xin Zhao,-0.69,985
Fiora,,Mordekaiser,2.45,42349
Fiora,,Veigar,1.25,711
Fiora,,Yorick,2.56,16553
Fiora,,Gragas,-0.23,4951
Fiora,,Varus,-1.01,1768
Fiora,,Riven,-1.12,9395
Fiora,,Ornn,2.81,12140
Fiora,,Gnar,-0.02,9733
Fiora,,Smolder,-2.74,822
Fiora,,Irelia,1.06,12505
Fiora,,Pantheon,1.27,9322
Fiora,,Sejuani,1.54,752
Fiora,,Dr. Mundo,3.00,15423
Fiora,,Kled,3.09,6417
Fiora,,Sion,1.86,10358
Fiora,,Rumble,-0.70,4354
Fiora,,Cho'Gath,1.60,10701
Fiora,,Ryze,0.38,1799
Fiora,,Maokai,1.44,1581
Fiora,,Miss Fortune,-5.70,113
Fiora,,Olaf,2.44,9159
Fiora,,Yasuo,0.58,11720
Fiora,,Briar,2.97,1167
Fiora,,Diana,0.28,367
Fiora,,Master Yi,-0.32,2501
Fiora,,Tristana,-1.64,554
Fiora,,Yone,2.72,29911
Fiora,,Brand,2.62,972
Fiora,,Aatrox,2.29,25842
Fiora,,Graves,-1.09,715
Fiora,,Qiyana,1.92,319
Fiora,,Shaco,-1.26,609
Fiora,,Shyvana,-0.53,754
Fiora,,Swain,2.23,1952
Fiora,,Jayce,0.65,10989
Fiora,,Senna,1.12,321
Fiora,,Soraka,-1.40,127
Fiora,,Viego,0.64,451
Fiora,,Ekko,1.35,464
Fiora,,Kog'Maw,3.47,354
Fiora,,Morgana,2.85,431
Fiora,,Talon,0.02,164
Fiora,,Nocturne,3.98,303
Fiora,,Kayn,1.88,1432
Fiora,,Syndra,6.11,212
Fiora,,Nautilus,-0.66,330
Fiora,,Ashe,-0.84,564
Fiora,,Neeko,3.46,228
Fiora,,Lucian,-3.73,265
Fiora,,Zoe,5.07,222
Fiora,,Gwen,3.26,8558
Fiora,,Naafiri,5.39,1266
Fiora,,Galio,4.09,520
Fiora,,Twisted Fate,2.29,716
Fiora,,Caitlyn,0.72,668
Fiora,,Karma,2.95,483
Fiora,,Skarner,-0.13,609
Fiora,,Jhin,2.53,418
Fiora,,Rengar,0.33,991
Fiora,,Thresh,-4.55,163
Fiora,,Lee Sin,-0.64,661
Fiora,,Sylas,6.10,2158
Fiora,,Vi,2.06,447
Fiora,,Locke,2.04,1816
Fiora,,Fizz,5.07,398
Fiora,,K'Sante,2.87,11074
Fiora,,Lillia,2.41,256
Fiora,,Annie,8.36,249
Fiora,,Ezreal,-0.44,377
Fiora,,Jarvan IV,2.09,217
Fiora,,Karthus,6.05,241
Fiora,,Nidalee,1.10,238
Fiora,,Alistar,3.04,281
Fiora,,LeBlanc,7.56,267
Fiora,,Bel'Veth,2.30,247
Fiora,,Taric,3.94,115
Fiora,,Mel,6.69,229
Fiora,,Twitch,14.36,101
Fiora,,Leona,13.87,132
Fizz,,Elise,-8.86,244
Fizz,,Sett,-5.09,1773
Fizz,,Tryndamere,-4.49,3183
Fizz,,Rek'Sai,-6.11,130
Fizz,,Renekton,-6.04,2065
Fizz,,Nasus,-4.05,6532
Fizz,,Ivern,-9.68,104
Fizz,,Kled,-3.30,808
Fizz,,Poppy,-6.02,278
Fizz,,Garen,-2.80,5730
Fizz,,Kayn,-6.73,316
Fizz,,Wukong,-4.25,917
Fizz,,Master Yi,-5.64,1169
Fizz,,Zac,-2.69,599
Fizz,,Illaoi,-3.33,898
Fizz,,Shen,-3.95,752
Fizz,,Sion,-3.16,4145
Fizz,,Fiora,-2.90,568
Fizz,,Gragas,-2.88,2730
Fizz,,Lissandra,-3.29,40509
Fizz,,Pantheon,-2.19,12943
Fizz,,Olaf,-2.40,362
Fizz,,Urgot,-3.54,556
Fizz,,Briar,0.25,1864
Fizz,,Heimerdinger,0.01,5005
Fizz,,Riven,-2.99,4740
Fizz,,Nocturne,-1.78,514
Fizz,,Zilean,-0.62,1587
Fizz,,Yorick,-2.44,1575
Fizz,,Diana,-2.25,34939
Fizz,,Zaahen,-3.39,541
Fizz,,Mordekaiser,0.73,2214
Fizz,,Camille,-3.94,400
Fizz,,Kassadin,-2.42,18371
Fizz,,Vladimir,-1.59,27914
Fizz,,Xin Zhao,-2.03,1639
Fizz,,Singed,2.70,1112
Fizz,,Gangplank,-2.50,4246
Fizz,,Ambessa,-1.23,1658
Fizz,,Vex,-0.87,29661
Fizz,,Vi,-2.99,697
Fizz,,Sejuani,-2.98,297
Fizz,,Galio,-2.26,38409
Fizz,,Sylas,-2.63,56091
Fizz,,Quinn,0.06,1989
Fizz,,Darius,-2.25,766
Fizz,,Ekko,-0.84,25342
Fizz,,Kennen,0.26,2327
Fizz,,Cho'Gath,-1.12,4091
Fizz,,Gwen,0.90,6679
Fizz,,Veigar,0.90,60964
Fizz,,Akali,-2.21,48952
Fizz,,Viktor,0.38,44273
Fizz,,Malzahar,1.14,57979
Fizz,,Morgana,0.05,5291
Fizz,,Neeko,-0.54,2670
Fizz,,Ahri,0.13,65997
Fizz,,Kayle,0.97,2098
Fizz,,Rumble,-0.02,768
Fizz,,Lux,1.05,37416
Fizz,,Trundle,-2.10,270
Fizz,,Maokai,-2.00,198
Fizz,,Anivia,-0.38,12116
Fizz,,Viego,-0.89,1149
Fizz,,Aatrox,-1.46,864
Fizz,,Karma,-2.67,1128
Fizz,,Tahm Kench,1.15,920
Fizz,,Teemo,1.19,3140
Fizz,,Volibear,-1.42,674
Fizz,,Fiddlesticks,1.82,700
Fizz,,Swain,1.75,4971
Fizz,,LeBlanc,-0.79,26816
Fizz,,Yasuo,-0.81,78055
Fizz,,Kog'Maw,1.11,1339
Fizz,,Dr. Mundo,-0.74,1281
Fizz,,Irelia,-0.04,18065
Fizz,,Akshan,-0.54,12538
Fizz,,Tristana,-1.79,4939
Fizz,,Malphite,1.80,5749
Fizz,,Ryze,-1.87,14807
Fizz,,Xayah,-2.24,165
Fizz,,Kalista,1.28,456
Fizz,,Jayce,-0.86,3607
Fizz,,Yone,0.86,55412
Fizz,,Xerath,3.37,30829
Fizz,,Zed,0.52,69898
Fizz,,Annie,1.40,12738
Fizz,,Miss Fortune,-2.91,1309
Fizz,,Hwei,2.01,22248
Fizz,,Locke,-0.27,42715
Fizz,,Talon,0.25,12045
Fizz,,K'Sante,-1.12,654
Fizz,,Twisted Fate,1.79,25208
Fizz,,Naafiri,1.82,21010
Fizz,,Azir,-2.21,9000
Fizz,,Jarvan IV,1.20,491
Fizz,,Karthus,1.00,1039
Fizz,,Warwick,2.37,359
Fizz,,Vel'Koz,2.49,6256
Fizz,,Aurora,0.73,11934
Fizz,,Corki,-3.50,1447
Fizz,,Thresh,-5.71,181
Fizz,,Jinx,-1.24,311
Fizz,,Ziggs,2.11,6965
Fizz,,Zoe,0.67,16809
Fizz,,Nidalee,-2.15,396
Fizz,,Rakan,0.83,145
Fizz,,Katarina,1.52,52696
Fizz,,Shyvana,-3.26,163
Fizz,,Udyr,-2.78,237
Fizz,,Lulu,-4.27,194
Fizz,,Graves,-0.67,647
Fizz,,Syndra,3.26,52383
Fizz,,Cassiopeia,0.08,9075
Fizz,,Aphelios,-0.58,330
Fizz,,Jhin,0.02,1727
Fizz,,Caitlyn,-1.24,2280
Fizz,,Lee Sin,-2.31,912
Fizz,,Draven,0.14,490
Fizz,,Jax,2.66,851
Fizz,,Zyra,2.70,1498
Fizz,,Kai'Sa,-1.05,2048
Fizz,,Shaco,-0.98,299
Fizz,,Ornn,2.53,482
Fizz,,Qiyana,0.59,11780
Fizz,,Orianna,0.12,15031
Fizz,,Seraphine,1.71,1717
Fizz,,Soraka,-3.11,128
Fizz,,Nautilus,-2.43,338
Fizz,,Taliyah,1.52,5030
Fizz,,Senna,-1.43,334
Fizz,,Brand,4.50,8227
Fizz,,Nunu & Willump,2.34,997
Fizz,,Evelynn,3.56,109
Fizz,,Varus,0.29,1704
Fizz,,Ezreal,-1.86,4125
Fizz,,Vayne,3.09,1056
Fizz,,Aurelion Sol,5.28,11715
Fizz,,Lucian,-2.05,1455
Fizz,,Twitch,3.19,1161
Fizz,,Smolder,2.66,3259
Fizz,,Mel,3.19,28617
Fizz,,Kindred,2.54,240
Fizz,,Samira,2.40,313
Fizz,,Yunara,-0.23,223
Fizz,,Ashe,2.69,1259
Fizz,,Zeri,5.51,279
Fizz,,Alistar,1.43,204
Fizz,,Gnar,4.86,263
Fizz,,Pyke,4.22,464
Fizz,,Sivir,2.49,275
Fizz,,Blitzcrank,-0.79,192
Fizz,,Lillia,11.55,126
Fizz,,Bel'Veth,5.44,150
Galio,,Singed,-4.69,966
Galio,,Graves,-12.89,466
Galio,,Poppy,-7.82,194
Galio,,Illaoi,-6.16,971
Galio,,Nocturne,-6.31,351
Galio,,Zilean,-5.20,922
Galio,,Fiora,-5.60,501
Galio,,Briar,-2.76,1373
Galio,,Xayah,-9.37,115
Galio,,Mordekaiser,-2.88,1598
Galio,,Olaf,-5.02,390
Galio,,Quinn,-4.45,1219
Galio,,K'Sante,-8.50,604
Galio,,Kalista,-5.60,292
Galio,,Nautilus,-11.66,158
Galio,,Kled,-2.11,598
Galio,,Kayn,-6.63,254
Galio,,Sivir,-12.33,220
Galio,,Swain,-3.45,4860
Galio,,Veigar,-3.12,27196
Galio,,Sett,-1.77,1746
Galio,,Garen,-2.22,3055
Galio,,Shen,-3.45,467
Galio,,Nasus,-0.66,3361
Galio,,Yorick,-3.79,1278
Galio,,Kayle,-2.70,1336
Galio,,Hwei,-3.23,16024
Galio,,Tryndamere,-0.36,1895
Galio,,Brand,-3.02,5588
Galio,,Vel'Koz,-2.82,3836
Galio,,Twitch,-5.92,595
Galio,,Tahm Kench,-2.16,473
Galio,,Vayne,-5.09,2038
Galio,,Talon,-4.19,9379
Galio,,Draven,-6.06,307
Galio,,Renekton,-1.48,1458
Galio,,Viego,-3.69,1176
Galio,,Senna,-8.08,245
Galio,,Ambessa,-1.73,1508
Galio,,Jinx,-5.82,200
Galio,,Jhin,-5.30,1227
Galio,,Wukong,-1.67,486
Galio,,Gangplank,-2.62,2800
Galio,,Ahri,-1.80,43670
Galio,,Seraphine,-4.27,999
Galio,,Smolder,-5.43,4701
Galio,,Lux,-0.93,18402
Galio,,Morgana,-1.53,2972
Galio,,Riven,-2.05,2167
Galio,,Yone,-2.32,44411
Galio,,Xerath,0.20,16579
Galio,,Zac,0.66,465
Galio,,Gwen,0.23,4134
Galio,,Ornn,-2.71,354
Galio,,Viktor,-0.47,34811
Galio,,Neeko,-1.56,1732
Galio,,Sion,-0.10,2819
Galio,,Zaahen,-2.30,507
Galio,,Pantheon,0.03,5559
Galio,,Jarvan IV,-1.85,303
Galio,,Aurelion Sol,-1.06,6788
Galio,,Zed,-2.07,29693
Galio,,Twisted Fate,-0.80,18616
Galio,,Naafiri,-0.77,12602
Galio,,Urgot,-1.14,446
Galio,,Syndra,-0.36,28774
Galio,,Teemo,0.39,1774
Galio,,Master Yi,-1.38,731
Galio,,Aphelios,-4.12,225
Galio,,Tristana,-3.22,5351
Galio,,Camille,-2.09,292
Galio,,Gnar,-4.51,245
Galio,,Vex,0.70,14746
Galio,,Anivia,-0.67,8000
Galio,,Volibear,-1.71,466
Galio,,Kennen,1.24,1229
Galio,,Zyra,-0.84,830
Galio,,Heimerdinger,3.01,2569
Galio,,Ekko,0.28,14846
Galio,,Miss Fortune,-4.39,796
Galio,,Gragas,1.31,1292
Galio,,Ziggs,0.12,3699
Galio,,Taliyah,-2.32,3791
Galio,,Lissandra,0.71,15796
Galio,,Cho'Gath,0.27,2313
Galio,,Dr. Mundo,-0.88,828
Galio,,Aurora,-0.78,8759
Galio,,Yasuo,-0.77,38992
Galio,,Aatrox,-0.85,1497
Galio,,Fizz,2.25,38409
Galio,,Karthus,-0.13,618
Galio,,Annie,0.88,8194
Galio,,Kassadin,0.83,8168
Galio,,Vladimir,1.64,12397
Galio,,Darius,-0.03,943
Galio,,Elise,0.31,105
Galio,,Malzahar,2.73,32324
Galio,,Caitlyn,-3.18,1521
Galio,,Akshan,0.05,7536
Galio,,Ezreal,-5.42,2380
Galio,,Kog'Maw,2.17,801
Galio,,Vi,0.54,381
Galio,,Kai'Sa,-2.82,1306
Galio,,Zoe,0.42,10596
Galio,,LeBlanc,0.74,21536
Galio,,Orianna,-1.71,11582
Galio,,Pyke,-2.47,255
Galio,,Qiyana,-0.85,6302
Galio,,Xin Zhao,2.66,834
Galio,,Lucian,-4.96,1535
Galio,,Irelia,1.78,11461
Galio,,Sylas,1.77,42566
Galio,,Diana,3.09,21967
Galio,,Ryze,0.00,11230
Galio,,Jax,2.31,499
Galio,,Cassiopeia,0.23,6807
Galio,,Varus,-1.47,1226
Galio,,Karma,0.34,565
Galio,,Katarina,2.44,41203
Galio,,Malphite,4.06,3343
Galio,,Ashe,-2.71,664
Galio,,Locke,1.51,42198
Galio,,Samira,-2.45,197
Galio,,Azir,-0.50,6302
Galio,,Shaco,-1.06,117
Galio,,Fiddlesticks,5.09,400
Galio,,Rumble,3.84,553
Galio,,Yunara,-4.76,185
Galio,,Corki,-1.43,2051
Galio,,Mel,-0.01,14653
Galio,,Warwick,4.71,203
Galio,,Trundle,2.30,240
Galio,,Akali,3.14,50076
Galio,,Jayce,2.37,3463
Galio,,Sejuani,3.46,157
Galio,,Zeri,1.79,274
Galio,,Lee Sin,0.36,521
Galio,,Nunu & Willump,4.14,911
Galio,,Udyr,1.00,167
Galio,,Lulu,1.30,125
Galio,,Maokai,6.55,126
Galio,,Bel'Veth,2.43,128
Galio,,Thresh,4.60,110
Galio,,Kindred,8.25,144
Galio,,Nidalee,9.61,227
Gangplank,,Taliyah,-7.74,115
Gangplank,,Orianna,-9.89,128
Gangplank,,Karthus,-7.32,420
Gangplank,,Vel'Koz,-3.94,530
Gangplank,,Xin Zhao,-5.78,2349
Gangplank,,Zyra,-5.84,212
Gangplank,,Dr. Mundo,-2.38,26671
Gangplank,,Kassadin,-2.34,331
Gangplank,,Kayle,-2.15,15270
Gangplank,,Aurelion Sol,-2.80,601
Gangplank,,Zac,-1.42,2248
Gangplank,,Ahri,-0.77,656
Gangplank,,Fiddlesticks,-2.80,1615
Gangplank,,Syndra,-0.94,469
Gangplank,,Tryndamere,-2.17,23883
Gangplank,,Kled,-1.44,11022
Gangplank,,Briar,-2.06,1854
Gangplank,,Mordekaiser,-1.05,42596
Gangplank,,Tahm Kench,-2.28,12024
Gangplank,,Sion,-2.37,16059
Gangplank,,Cho'Gath,-2.74,14992
Gangplank,,Kog'Maw,-2.41,684
Gangplank,,Naafiri,-1.37,2215
Gangplank,,Nasus,0.00,27911
Gangplank,,Urgot,-0.73,13676
Gangplank,,Olaf,-1.74,15684
Gangplank,,Quinn,-1.79,6698
Gangplank,,Sett,-0.36,31067
Gangplank,,Malphite,-0.57,34189
Gangplank,,Vex,-1.29,192
Gangplank,,Warwick,0.14,6694
Gangplank,,Ornn,-0.01,12737
Gangplank,,Zed,0.06,2164
Gangplank,,Wukong,0.07,5190
Gangplank,,Garen,0.56,34570
Gangplank,,Katarina,-2.82,589
Gangplank,,Ryze,-2.80,5637
Gangplank,,Sylas,-1.46,4042
Gangplank,,Diana,-3.11,782
Gangplank,,Anivia,-0.25,2640
Gangplank,,Akshan,-1.50,2382
Gangplank,,Teemo,0.95,32396
Gangplank,,Senna,-3.31,607
Gangplank,,Irelia,-1.42,24917
Gangplank,,Gwen,-2.21,11061
Gangplank,,Aatrox,-1.11,31821
Gangplank,,Trundle,-1.32,8104
Gangplank,,Nocturne,-0.60,441
Gangplank,,Azir,-0.90,635
Gangplank,,Zilean,1.17,1203
Gangplank,,Hwei,1.34,411
Gangplank,,Jhin,-3.69,757
Gangplank,,Annie,0.60,386
Gangplank,,Yorick,1.34,24776
Gangplank,,Shen,0.55,15670
Gangplank,,Viktor,0.39,1295
Gangplank,,Zaahen,-0.09,13470
Gangplank,,Shyvana,-3.30,1115
Gangplank,,Qiyana,-0.67,469
Gangplank,,Rek'Sai,1.31,451
Gangplank,,Twitch,-7.12,152
Gangplank,,Ekko,-1.66,677
Gangplank,,Nautilus,-4.12,410
Gangplank,,Camille,-0.35,10322
Gangplank,,Cassiopeia,-0.28,2044
Gangplank,,Sejuani,0.74,1091
Gangplank,,Aurora,-0.25,1785
Gangplank,,Gragas,-0.53,7636
Gangplank,,Udyr,-1.15,2326
Gangplank,,Volibear,0.90,13917
Gangplank,,Illaoi,2.70,15382
Gangplank,,Karma,-1.51,748
Gangplank,,Galio,0.32,612
Gangplank,,Jax,1.27,26399
Gangplank,,Riven,-1.31,13572
Gangplank,,Vladimir,-0.15,6785
Gangplank,,Rumble,-1.32,7757
Gangplank,,Veigar,1.71,1110
Gangplank,,Locke,-3.55,3101
Gangplank,,Kai'Sa,-2.30,891
Gangplank,,Darius,0.37,39244
Gangplank,,Fiora,0.55,15987
Gangplank,,Soraka,-3.60,212
Gangplank,,Master Yi,-1.23,4990
Gangplank,,Ziggs,-1.02,256
Gangplank,,Draven,-1.47,595
Gangplank,,Malzahar,1.90,3065
Gangplank,,Fizz,-0.11,669
Gangplank,,Yone,1.84,39266
Gangplank,,Tristana,-2.36,1196
Gangplank,,Singed,4.29,13367
Gangplank,,Zeri,-1.53,299
Gangplank,,Yasuo,0.25,18220
Gangplank,,Renekton,2.08,22186
Gangplank,,Swain,0.92,2928
Gangplank,,Pantheon,1.64,12946
Gangplank,,Kayn,-0.16,1914
Gangplank,,Gnar,0.46,16547
Gangplank,,Ambessa,0.37,16323
Gangplank,,Lissandra,3.23,1163
Gangplank,,Lux,0.85,376
Gangplank,,Shaco,-2.01,880
Gangplank,,Poppy,2.15,3895
Gangplank,,Maokai,1.47,2161
Gangplank,,Akali,1.38,11862
Gangplank,,Vi,-2.15,808
Gangplank,,K'Sante,-1.63,13709
Gangplank,,Kennen,1.55,6569
Gangplank,,Aphelios,-1.44,158
Gangplank,,Rengar,-2.90,2179
Gangplank,,Graves,-1.07,1061
Gangplank,,Jayce,0.08,22089
Gangplank,,Neeko,2.04,355
Gangplank,,Twisted Fate,0.40,995
Gangplank,,Brand,3.63,1486
Gangplank,,Heimerdinger,4.48,11011
Gangplank,,Kalista,1.86,928
Gangplank,,Varus,1.41,3353
Gangplank,,Vayne,2.53,11943
Gangplank,,LeBlanc,3.06,383
Gangplank,,Viego,1.26,739
Gangplank,,Nidalee,-2.70,401
Gangplank,,Miss Fortune,-3.26,238
Gangplank,,Jarvan IV,-1.29,368
Gangplank,,Lee Sin,-2.05,1211
Gangplank,,Nunu & Willump,-6.45,104
Gangplank,,Mel,-0.87,390
Gangplank,,Ivern,1.17,357
Gangplank,,Zoe,5.53,284
Gangplank,,Caitlyn,0.34,1268
Gangplank,,Rammus,2.13,296
Gangplank,,Samira,-1.43,119
Gangplank,,Bel'Veth,-2.20,366
Gangplank,,Smolder,1.23,1251
Gangplank,,Skarner,-0.09,860
Gangplank,,Corki,1.03,442
Gangplank,,Taric,-2.12,106
Gangplank,,Thresh,-4.91,185
Gangplank,,Morgana,4.94,580
Gangplank,,Elise,5.21,336
Gangplank,,Xerath,3.39,147
Gangplank,,Talon,2.77,240
Gangplank,,Ashe,1.89,862
Gangplank,,Lucian,-1.07,1776
Gangplank,,Ezreal,0.22,615
Gangplank,,Leona,-1.00,188
Gangplank,,Lillia,8.15,288
Gangplank,,Alistar,8.63,390
Gangplank,,Lulu,6.96,226
Gangplank,,Amumu,4.68,129
Garen,,Lissandra,-4.75,2347
Garen,,Kayle,-4.54,40137
Garen,,Hwei,-3.87,679
Garen,,Ahri,-2.70,1343
Garen,,Quinn,-4.23,11236
Garen,,Teemo,-2.35,77711
Garen,,Tryndamere,-3.30,55008
Garen,,Mordekaiser,-1.97,106607
Garen,,Urgot,-2.01,28752
Garen,,Vayne,-4.55,40943
Garen,,Syndra,-1.18,622
Garen,,Sett,-1.52,82612
Garen,,Anivia,-2.22,4089
Garen,,LeBlanc,-3.69,678
Garen,,Tahm Kench,-2.32,25443
Garen,,Sejuani,-2.63,1753
Garen,,Vel'Koz,-1.32,811
Garen,,Camille,-3.30,26748
Garen,,Zilean,-0.46,2543
Garen,,Viktor,-1.56,1540
Garen,,Yorick,-0.43,43584
Garen,,Taliyah,-2.27,197
Garen,,Senna,-4.25,1066
Garen,,Cho'Gath,-2.15,28725
Garen,,Draven,-4.73,906
Garen,,Singed,0.92,23320
Garen,,Neeko,-2.37,681
Garen,,Kog'Maw,-1.37,966
Garen,,Karma,-3.72,1164
Garen,,Brand,-0.99,4037
Garen,,Malphite,0.29,52243
Garen,,Trundle,-1.66,22006
Garen,,Gnar,-2.51,28243
Garen,,Warwick,0.82,12707
Garen,,Twitch,-8.50,277
Garen,,Zoe,-0.12,524
Garen,,Volibear,-0.87,36274
Garen,,Kled,0.66,12600
Garen,,Darius,-1.68,106030
Garen,,Azir,-1.02,751
Garen,,Janna,-4.25,196
Garen,,Rek'Sai,0.38,703
Garen,,Gangplank,-0.57,34570
Garen,,Maokai,-1.23,3465
Garen,,Akshan,-0.99,1160
Garen,,Morgana,-1.31,1293
Garen,,Pantheon,-0.72,23563
Garen,,Veigar,0.19,2200
Garen,,Aphelios,-4.21,247
Garen,,Varus,-2.60,5415
Garen,,Shen,0.54,31510
Garen,,Swain,-1.19,5376
Garen,,Ashe,-5.05,2843
Garen,,Illaoi,1.70,42240
Garen,,Elise,-0.66,514
Garen,,Zyra,-1.82,418
Garen,,Kai'Sa,-3.32,1739
Garen,,Vex,0.57,356
Garen,,Ryze,-1.44,3573
Garen,,Zeri,-3.01,321
Garen,,Ornn,1.63,23717
Garen,,Briar,1.08,3085
Garen,,Dr. Mundo,1.81,45460
Garen,,Wukong,1.71,6956
Garen,,Twisted Fate,-2.24,2031
Garen,,Smolder,-3.75,3902
Garen,,Nasus,2.82,91054
Garen,,Lux,-0.35,768
Garen,,Aatrox,0.50,45705
Garen,,Kennen,0.01,10136
Garen,,Jhin,-2.34,1344
Garen,,Aurelion Sol,1.63,1188
Garen,,Aurora,-0.06,2766
Garen,,Olaf,1.38,22342
Garen,,Ambessa,-0.56,24039
Garen,,Yone,1.28,68471
Garen,,Caitlyn,-3.42,2497
Garen,,Fiora,0.36,27291
Garen,,Sion,1.40,24830
Garen,,Zac,3.26,2633
Garen,,Heimerdinger,2.30,21166
Garen,,Renekton,1.72,43813
Garen,,Tristana,-2.49,1644
Garen,,Malzahar,2.03,5607
Garen,,Vladimir,0.37,6950
Garen,,Zaahen,1.86,27599
Garen,,Akali,1.26,18809
Garen,,Fiddlesticks,2.32,3021
Garen,,Zed,3.69,3108
Garen,,Kalista,0.49,1535
Garen,,Rumble,-0.12,10436
Garen,,Udyr,0.41,3986
Garen,,Naafiri,3.27,3405
Garen,,Xin Zhao,1.39,2545
Garen,,Pyke,-5.50,105
Garen,,Master Yi,0.01,7509
Garen,,Soraka,-2.15,365
Garen,,Seraphine,-1.06,192
Garen,,Cassiopeia,1.93,2826
Garen,,Poppy,3.02,7510
Garen,,Diana,0.98,952
Garen,,Gragas,1.56,13673
Garen,,Ivern,-0.53,669
Garen,,Evelynn,-0.30,133
Garen,,Samira,-3.55,171
Garen,,Jayce,0.58,22144
Garen,,Graves,-0.46,2276
Garen,,Irelia,2.85,26401
Garen,,Ekko,1.30,1241
Garen,,Xerath,0.69,249
Garen,,Annie,4.67,730
Garen,,Kayn,1.62,3920
Garen,,Corki,-0.77,544
Garen,,Katarina,2.17,756
Garen,,Yasuo,2.27,31715
Garen,,Orianna,1.09,196
Garen,,Gwen,2.65,22599
Garen,,Nautilus,-0.70,862
Garen,,Qiyana,3.24,610
Garen,,Talon,0.47,348
Garen,,Jax,4.60,79592
Garen,,Xayah,0.96,110
Garen,,Nocturne,4.71,757
Garen,,Karthus,3.07,595
Garen,,Miss Fortune,-2.55,446
Garen,,Alistar,-0.05,829
Garen,,Kassadin,6.53,743
Garen,,Vi,0.93,1221
Garen,,Lillia,1.00,809
Garen,,Shyvana,2.25,1783
Garen,,Riven,3.29,24448
Garen,,Rell,-0.73,111
Garen,,Viego,3.16,1138
Garen,,Skarner,0.53,1257
Garen,,Fizz,4.43,977
Garen,,Sylas,5.92,5780
Garen,,Thresh,-3.71,484
Garen,,Shaco,2.78,1930
Garen,,Jarvan IV,1.21,645
Garen,,Lucian,-0.93,644
Garen,,Locke,2.38,5081
Garen,,K'Sante,3.28,28340
Garen,,Jinx,0.87,254
Garen,,Galio,6.93,1560
Garen,,Mel,2.06,853
Garen,,Ezreal,-0.20,939
Garen,,Lulu,1.22,418
Garen,,Ziggs,6.07,519
Garen,,Nidalee,1.37,514
Garen,,Rengar,3.09,2414
Garen,,Sivir,-1.21,115
Garen,,Bard,-3.88,118
Garen,,Rammus,6.28,624
Garen,,Kindred,-1.04,145
Garen,,Yunara,0.17,179
Garen,,Lee Sin,3.24,1583
Garen,,Taric,3.10,248
Garen,,Bel'Veth,4.79,540
Garen,,Amumu,2.30,328
Garen,,Leona,1.20,411
Garen,,Blitzcrank,1.35,231
Garen,,Braum,2.01,155
Garen,,Nunu & Willump,5.11,156
Garen,,Hecarim,7.04,124
Gnar,,Zoe,-7.73,272
Gnar,,Kassadin,-6.89,265
Gnar,,Twitch,-15.03,102
Gnar,,Kalista,-7.54,657
Gnar,,Fizz,-7.31,466
Gnar,,Azir,-5.43,337
Gnar,,Malphite,-2.67,29392
Gnar,,Fiddlesticks,-3.52,978
Gnar,,Neeko,-4.62,217
Gnar,,Kog'Maw,-3.74,410
Gnar,,Ahri,-1.23,539
Gnar,,Xerath,-6.17,117
Gnar,,Akshan,-3.57,657
Gnar,,Yorick,-1.38,17901
Gnar,,Nasus,-0.83,21154
Gnar,,Lissandra,-1.71,869
Gnar,,Irelia,-3.39,16844
Gnar,,Qiyana,-3.79,375
Gnar,,Zed,-1.21,1384
Gnar,,Ornn,-1.21,10719
Gnar,,Rek'Sai,-1.46,272
Gnar,,Olaf,-2.17,10720
Gnar,,Aurelion Sol,-1.78,426
Gnar,,Wukong,-1.17,3177
Gnar,,Viktor,-1.93,795
Gnar,,Morgana,-3.27,443
Gnar,,Naafiri,-1.62,1277
Gnar,,Diana,-4.40,473
Gnar,,Teemo,-0.33,22607
Gnar,,Singed,0.25,7701
Gnar,,Draven,-5.28,420
Gnar,,Elise,-2.90,186
Gnar,,Ekko,-4.45,510
Gnar,,Sylas,-2.52,7665
Gnar,,LeBlanc,-2.96,280
Gnar,,Illaoi,-0.30,12116
Gnar,,Veigar,-1.38,801
Gnar,,Urgot,-0.53,10149
Gnar,,Xin Zhao,-3.01,1174
Gnar,,Syndra,0.16,266
Gnar,,Vel'Koz,-0.52,306
Gnar,,Quinn,-1.51,3594
Gnar,,Kayle,-0.32,8493
Gnar,,Briar,-0.78,1157
Gnar,,Dr. Mundo,-0.14,15120
Gnar,,Tahm Kench,-1.15,7713
Gnar,,Kled,0.17,5378
Gnar,,Yasuo,-2.75,13867
Gnar,,Akali,-1.86,8738
Gnar,,Kayn,-3.05,1083
Gnar,,Mordekaiser,0.91,30511
Gnar,,Kennen,-1.57,5912
Gnar,,Heimerdinger,0.27,6935
Gnar,,Sejuani,-0.67,677
Gnar,,Anivia,0.20,1688
Gnar,,Sion,-0.41,9664
Gnar,,Gangplank,-0.46,16547
Gnar,,Katarina,-2.16,392
Gnar,,Brand,-0.39,1231
Gnar,,Yone,-0.24,26343
Gnar,,Zilean,1.20,749
Gnar,,Nautilus,-5.14,345
Gnar,,Cassiopeia,-1.25,1581
Gnar,,Pantheon,-0.33,8473
Gnar,,Malzahar,0.45,2127
Gnar,,Graves,-3.69,735
Gnar,,Alistar,-5.30,247
Gnar,,Camille,-0.88,6562
Gnar,,Vladimir,-1.10,3669
Gnar,,Hwei,2.29,296
Gnar,,Sett,2.14,24686
Gnar,,Annie,1.51,263
Gnar,,Poppy,0.65,3558
Gnar,,Master Yi,-2.05,2394
Gnar,,Garen,2.51,28243
Gnar,,Shen,1.52,10328
Gnar,,Nocturne,0.86,280
Gnar,,Fiora,0.02,9733
Gnar,,Maokai,0.18,1302
Gnar,,Darius,-0.06,27700
Gnar,,Talon,-2.89,172
Gnar,,Tryndamere,1.79,11224
Gnar,,Rammus,-2.19,196
Gnar,,Vayne,-0.22,12411
Gnar,,Gragas,-0.34,5193
Gnar,,Zac,3.07,1249
Gnar,,Zaahen,1.17,8443
Gnar,,Jayce,-1.48,16530
Gnar,,Cho'Gath,1.01,8680
Gnar,,Aphelios,-2.38,112
Gnar,,Ambessa,-0.08,11472
Gnar,,Aatrox,1.21,19567
Gnar,,Warwick,3.41,3833
Gnar,,Twisted Fate,-0.88,853
Gnar,,Corki,-2.73,320
Gnar,,Renekton,2.17,18775
Gnar,,Rumble,-0.41,4900
Gnar,,Jax,2.40,16552
Gnar,,Gwen,0.89,6302
Gnar,,Riven,-0.24,6721
Gnar,,Kai'Sa,-1.17,736
Gnar,,Jhin,-0.79,518
Gnar,,Locke,-1.94,1895
Gnar,,Soraka,-2.06,146
Gnar,,Ryze,1.27,1883
Gnar,,Galio,2.22,521
Gnar,,Shyvana,-0.43,639
Gnar,,Lee Sin,-3.62,693
Gnar,,Rengar,-2.52,1011
Gnar,,Ivern,-0.60,260
Gnar,,Swain,2.12,2073
Gnar,,Ashe,-1.70,645
Gnar,,Aurora,2.43,1300
Gnar,,Caitlyn,-1.04,925
Gnar,,Trundle,2.95,5660
Gnar,,Varus,1.28,2614
Gnar,,Lillia,-0.96,209
Gnar,,Vi,-0.64,463
Gnar,,Volibear,3.89,11769
Gnar,,Lux,2.83,259
Gnar,,Karma,1.61,464
Gnar,,Tristana,0.26,2118
Gnar,,Skarner,-1.29,572
Gnar,,Vex,4.68,178
Gnar,,Shaco,0.51,582
Gnar,,K'Sante,0.88,11801
Gnar,,Jarvan IV,-0.23,244
Gnar,,Zyra,4.27,137
Gnar,,Viego,3.40,458
Gnar,,Udyr,4.48,1423
Gnar,,Smolder,2.32,1028
Gnar,,Nidalee,-0.63,225
Gnar,,Ziggs,4.25,172
Gnar,,Senna,5.24,298
Gnar,,Karthus,5.72,242
Gnar,,Mel,2.22,282
Gnar,,Miss Fortune,1.04,136
Gnar,,Ezreal,0.66,458
Gnar,,Lucian,1.55,368
Gnar,,Lulu,2.82,142
Gnar,,Bel'Veth,2.62,201
Gnar,,Zeri,7.88,114
Gnar,,Thresh,2.81,118
Gnar,,Leona,0.82,129
Gragas,,Ahri,-6.28,318
Gragas,,Kassadin,-6.84,269
Gragas,,Veigar,-5.04,400
Gragas,,Morgana,-6.09,217
Gragas,,Malzahar,-4.34,1076
Gragas,,Rek'Sai,-3.63,139
Gragas,,Yorick,-3.02,6986
Gragas,,Diana,-6.14,225
Gragas,,Singed,-1.48,3814
Gragas,,Lux,-5.24,128
Gragas,,Jarvan IV,-9.87,110
Gragas,,Lissandra,-2.60,507
Gragas,,Syndra,-1.55,160
Gragas,,Dr. Mundo,-2.14,8505
Gragas,,Illaoi,-1.65,5373
Gragas,,Garen,-1.57,13673
Gragas,,Poppy,-3.25,1845
Gragas,,Zed,-1.85,781
Gragas,,Nasus,-0.84,9320
Gragas,,Zilean,-1.14,430
Gragas,,Heimerdinger,-1.69,3210
Gragas,,Teemo,-0.53,11564
Gragas,,Zac,-0.58,664
Gragas,,Kled,-0.94,2310
Gragas,,Nautilus,-7.15,158
Gragas,,Ornn,-0.91,4188
Gragas,,Urgot,-0.83,4112
Gragas,,Mordekaiser,-0.29,15810
Gragas,,Shen,-0.99,5323
Gragas,,Qiyana,-2.60,224
Gragas,,Karma,-3.70,209
Gragas,,Vi,-5.58,213
Gragas,,Yone,-0.87,12051
Gragas,,Zoe,-0.30,145
Gragas,,Sion,-0.79,4130
Gragas,,Nocturne,-0.86,128
Gragas,,Zaahen,-0.75,4837
Gragas,,Sett,0.86,12545
Gragas,,Cho'Gath,-1.04,4248
Gragas,,Olaf,-0.27,4503
Gragas,,Viego,-3.47,227
Gragas,,Renekton,-0.17,8575
Gragas,,Viktor,0.08,376
Gragas,,Tahm Kench,-0.12,3813
Gragas,,Warwick,1.42,2105
Gragas,,Maokai,-0.98,794
Gragas,,Katarina,-1.96,228
Gragas,,Kalista,-2.07,300
Gragas,,Darius,-1.13,12961
Gragas,,Mel,-5.79,130
Gragas,,Galio,-0.82,563
Gragas,,Brand,0.01,600
Gragas,,Annie,0.90,136
Gragas,,Rumble,-2.43,2206
Gragas,,Malphite,1.44,9253
Gragas,,Akshan,-0.14,268
Gragas,,Irelia,-0.10,5339
Gragas,,Kennen,-0.50,2124
Gragas,,Gangplank,0.51,7636
Gragas,,Aatrox,0.17,9331
Gragas,,Sejuani,0.60,319
Gragas,,Smolder,-3.56,479
Gragas,,Kayle,2.08,3589
Gragas,,Ekko,-1.40,255
Gragas,,Camille,-0.16,3317
Gragas,,Fiora,0.21,4951
Gragas,,Ambessa,-0.62,5439
Gragas,,Lee Sin,-5.59,280
Gragas,,Yasuo,-0.41,5285
Gragas,,Sylas,0.84,1827
Gragas,,Volibear,1.29,4949
Gragas,,Anivia,2.18,909
Gragas,,Azir,1.16,160
Gragas,,Vladimir,0.16,1665
Gragas,,Rengar,-4.04,535
Gragas,,Jax,1.84,16788
Gragas,,Gnar,0.34,5193
Gragas,,Tryndamere,2.80,7778
Gragas,,Graves,-1.75,415
Gragas,,Pantheon,1.77,4471
Gragas,,Naafiri,2.93,649
Gragas,,Vayne,0.97,4492
Gragas,,Swain,1.38,1036
Gragas,,K'Sante,-1.62,4381
Gragas,,Akali,1.77,4021
Gragas,,Gwen,1.27,3854
Gragas,,Cassiopeia,1.54,700
Gragas,,Kayn,0.46,610
Gragas,,Twisted Fate,-0.07,377
Gragas,,Master Yi,-0.07,1217
Gragas,,Varus,0.44,1058
Gragas,,Fiddlesticks,3.12,498
Gragas,,Vel'Koz,4.23,159
Gragas,,Xin Zhao,1.90,473
Gragas,,Wukong,4.37,1365
Gragas,,Quinn,3.26,1353
Gragas,,Shaco,-1.00,269
Gragas,,Ryze,1.54,906
Gragas,,Udyr,1.19,714
Gragas,,Shyvana,-0.12,318
Gragas,,Rammus,0.12,106
Gragas,,Skarner,-2.18,275
Gragas,,Briar,4.29,503
Gragas,,Karthus,1.53,119
Gragas,,Trundle,3.15,3247
Gragas,,Ashe,-0.94,247
Gragas,,Ivern,0.40,133
Gragas,,Jayce,1.48,7289
Gragas,,Lillia,-0.21,117
Gragas,,Fizz,2.73,262
Gragas,,Locke,-0.20,1041
Gragas,,Elise,4.00,124
Gragas,,Riven,2.67,4661
Gragas,,Aurora,4.04,689
Gragas,,Aurelion Sol,5.83,175
Gragas,,Senna,2.90,132
Gragas,,Hwei,7.44,142
Gragas,,Kai'Sa,2.27,333
Gragas,,LeBlanc,5.18,161
Gragas,,Alistar,1.27,105
Gragas,,Corki,2.11,143
Gragas,,Jhin,3.39,210
Gragas,,Ezreal,-1.07,199
Gragas,,Nidalee,0.10,118
Gragas,,Tristana,4.62,283
Gragas,,Kog'Maw,8.64,204
Gragas,,Lucian,1.25,145
Gragas,,Caitlyn,5.18,319
Gragas,,Draven,7.72,167
Graves,,Zyra,-2.88,9661
Graves,,Dr. Mundo,-2.43,8957
Graves,,Rammus,-0.07,23072
Graves,,Mordekaiser,-0.34,7946
Graves,,Shyvana,0.17,56626
Graves,,Fiddlesticks,-2.32,24284
Graves,,Darius,-1.13,9079
Graves,,Amumu,-0.76,32216
Graves,,Wukong,-0.04,64867
Graves,,Naafiri,-2.46,59069
Graves,,Teemo,-1.28,11691
Graves,,Evelynn,-2.10,25533
Graves,,Sejuani,-0.61,23281
Graves,,Poppy,-1.90,5991
Graves,,Fizz,-1.32,8155
Graves,,Cho'Gath,0.14,6841
Graves,,Neeko,-4.02,672
Graves,,Nidalee,-3.67,31570
Graves,,Briar,1.32,64215
Graves,,Yorick,-0.72,1685
Graves,,Aatrox,0.09,11644
Graves,,Nocturne,0.42,100635
Graves,,Taliyah,-1.13,6411
Graves,,Udyr,-0.39,20067
Graves,,Malphite,-1.45,15566
Graves,,Warwick,1.14,61029
Graves,,Gwen,-1.06,7627
Graves,,Shen,-0.46,3803
Graves,,Gragas,-1.40,6852
Graves,,Trundle,0.04,9686
Graves,,Sion,1.54,2339
Graves,,Bel'Veth,0.70,41815
Graves,,Viego,-0.56,130416
Graves,,Ivern,-0.46,8412
Graves,,Maokai,-0.13,5493
Graves,,Talon,-0.66,41350
Graves,,Lillia,0.94,35128
Graves,,Kled,-5.73,137
Graves,,Jarvan IV,0.22,66978
Graves,,Tryndamere,1.33,8948
Graves,,Nasus,1.34,32825
Graves,,Elise,-0.62,14832
Graves,,Diana,-1.59,40835
Graves,,Ekko,-0.10,36608
Graves,,Xin Zhao,0.33,42492
Graves,,Vi,0.40,69238
Graves,,Zac,0.49,24537
Graves,,Jax,0.61,38123
Graves,,Kayn,0.88,109792
Graves,,Nunu & Willump,-0.81,20998
Graves,,Kindred,-1.28,32769
Graves,,Rek'Sai,0.42,9356
Graves,,Ambessa,-0.31,8844
Graves,,Master Yi,0.37,100323
Graves,,Kha'Zix,-0.79,63312
Graves,,Karthus,-0.68,13366
Graves,,Rumble,-1.24,1185
Graves,,Sylas,0.27,74338
Graves,,Zaahen,2.26,4243
Graves,,Quinn,0.98,13992
Graves,,Skarner,-1.13,9785
Graves,,Pantheon,-0.19,11843
Graves,,Volibear,1.88,13655
Graves,,Hecarim,-0.05,38084
Graves,,Taric,-0.44,356
Graves,,Morgana,1.24,3625
Graves,,Lee Sin,-0.35,177845
Graves,,Shaco,1.74,63099
Graves,,Aurelion Sol,-2.31,719
Graves,,Jayce,0.27,18813
Graves,,Ornn,-1.44,356
Graves,,Olaf,1.57,4027
Graves,,Sett,0.16,1072
Graves,,Urgot,-0.53,511
Graves,,Vayne,-1.68,1354
Graves,,Nautilus,-1.33,1410
Graves,,Brand,0.86,3292
Graves,,Qiyana,-0.98,26373
Graves,,Kai'Sa,-2.73,1229
Graves,,Zed,0.85,30255
Graves,,Camille,-1.08,1177
Graves,,Singed,1.39,1056
Graves,,Riven,0.21,1548
Graves,,Rengar,-1.16,43444
Graves,,Yone,-0.76,1100
Graves,,Kayle,2.12,282
Graves,,Locke,-2.04,20718
Graves,,Draven,-3.34,105
Graves,,Twitch,-2.27,3140
Graves,,Heimerdinger,0.89,201
Graves,,Akshan,-4.92,124
Graves,,Malzahar,-0.03,286
Graves,,Garen,0.04,2112
Graves,,Zeri,1.45,366
Graves,,Tahm Kench,0.08,292
Graves,,Jhin,-1.96,1063
Graves,,Galio,1.41,206
Graves,,Katarina,-1.57,140
Graves,,Caitlyn,-3.69,177
Graves,,Ezreal,-0.96,401
Graves,,Leona,1.48,145
Graves,,Twisted Fate,0.56,403
Graves,,Yasuo,-0.93,580
Graves,,Tristana,0.65,285
Graves,,Ryze,1.60,150
Graves,,Gnar,7.16,165
Graves,,Blitzcrank,-2.51,103
Graves,,Renekton,8.80,168
Gwen,,Ziggs,-12.68,122
Gwen,,Ahri,-5.66,381
Gwen,,Singed,-3.91,6601
Gwen,,Warwick,-3.64,5865
Gwen,,Heimerdinger,-4.42,6002
Gwen,,Garen,-2.66,22599
Gwen,,Tryndamere,-3.57,11488
Gwen,,Vi,-8.76,293
Gwen,,Yone,-3.62,18280
Gwen,,Master Yi,-6.43,1975
Gwen,,Aurelion Sol,-2.94,355
Gwen,,Teemo,-1.09,15356
Gwen,,Zed,-1.67,848
Gwen,,Yasuo,-4.30,8893
Gwen,,Elise,-3.15,145
Gwen,,Fiora,-3.26,8558
Gwen,,Lissandra,-1.21,633
Gwen,,Jax,-2.17,14945
Gwen,,Nocturne,-2.33,190
Gwen,,Sett,-0.70,21524
Gwen,,Kayn,-4.23,1159
Gwen,,Zac,0.01,1064
Gwen,,Nasus,0.32,18679
Gwen,,Zoe,-1.16,175
Gwen,,Briar,-1.05,947
Gwen,,Naafiri,-0.89,900
Gwen,,Galio,-2.33,779
Gwen,,Trundle,-2.08,5260
Gwen,,Kayle,-0.04,5867
Gwen,,Akali,-1.94,6686
Gwen,,Malzahar,-0.78,1657
Gwen,,Zaahen,-0.99,6990
Gwen,,Aurora,-2.02,764
Gwen,,Kog'Maw,-1.06,203
Gwen,,Katarina,-2.47,305
Gwen,,Vayne,-2.05,4796
Gwen,,Riven,-3.22,5926
Gwen,,Hwei,1.01,217
Gwen,,Zilean,0.87,584
Gwen,,Kennen,-1.63,2861
Gwen,,Pantheon,-1.06,7711
Gwen,,Urgot,0.65,7502
Gwen,,Kassadin,0.50,298
Gwen,,Rek'Sai,0.36,200
Gwen,,Darius,-1.53,18989
Gwen,,Senna,-2.90,239
Gwen,,Fiddlesticks,-0.13,762
Gwen,,Mordekaiser,1.38,27456
Gwen,,Wukong,1.13,1918
Gwen,,Gragas,-1.30,3854
Gwen,,Volibear,0.06,10273
Gwen,,Ornn,1.52,10936
Gwen,,Renekton,0.63,11764
Gwen,,Irelia,-0.12,7231
Gwen,,Kled,1.81,4343
Gwen,,Viktor,0.95,466
Gwen,,Vladimir,-0.78,2371
Gwen,,Neeko,-0.23,144
Gwen,,Gnar,-0.89,6302
Gwen,,Diana,-1.32,328
Gwen,,Syndra,2.72,168
Gwen,,Viego,-2.17,364
Gwen,,Udyr,-1.22,1076
Gwen,,Jarvan IV,-4.88,153
Gwen,,Fizz,-0.72,364
Gwen,,Cassiopeia,0.01,770
Gwen,,Jayce,-1.69,5768
Gwen,,Annie,2.00,207
Gwen,,Yorick,2.70,15177
Gwen,,Akshan,0.71,349
Gwen,,Illaoi,2.90,11548
Gwen,,Sylas,0.87,1709
Gwen,,Shen,1.99,10120
Gwen,,Poppy,1.34,2337
Gwen,,Shyvana,-2.14,502
Gwen,,Aatrox,1.03,11769
Gwen,,Brand,1.54,626
Gwen,,Qiyana,0.64,199
Gwen,,Malphite,2.90,18360
Gwen,,Anivia,2.38,1106
Gwen,,Kalista,-0.19,298
Gwen,,Quinn,1.84,1735
Gwen,,Ambessa,0.17,6945
Gwen,,Ekko,-0.16,447
Gwen,,Gangplank,2.20,11061
Gwen,,Ashe,-2.87,362
Gwen,,Olaf,2.45,5657
Gwen,,Shaco,-1.83,465
Gwen,,Sion,2.50,12003
Gwen,,Talon,-1.44,137
Gwen,,Lillia,-2.19,219
Gwen,,Xin Zhao,1.56,654
Gwen,,Tristana,-1.35,356
Gwen,,Rengar,-2.76,600
Gwen,,Lux,1.62,198
Gwen,,Azir,2.55,231
Gwen,,Alistar,-2.56,227
Gwen,,Tahm Kench,3.27,8554
Gwen,,Veigar,3.60,593
Gwen,,Sejuani,3.57,583
Gwen,,Draven,0.64,193
Gwen,,Karthus,1.65,170
Gwen,,Ryze,2.00,1142
Gwen,,Maokai,3.10,1245
Gwen,,Ivern,0.17,198
Gwen,,Karma,1.59,305
Gwen,,Smolder,-0.17,574
Gwen,,Cho'Gath,3.79,10718
Gwen,,Camille,3.16,5093
Gwen,,LeBlanc,3.36,185
Gwen,,Dr. Mundo,5.68,25255
Gwen,,Rumble,1.89,2908
Gwen,,Jhin,1.19,331
Gwen,,Vex,4.82,126
Gwen,,Vel'Koz,5.90,208
Gwen,,Ezreal,-3.30,218
Gwen,,K'Sante,1.10,8809
Gwen,,Twisted Fate,2.47,440
Gwen,,Caitlyn,0.65,499
Gwen,,Varus,3.00,1035
Gwen,,Swain,4.46,1460
Gwen,,Kai'Sa,1.98,430
Gwen,,Graves,2.27,526
Gwen,,Locke,1.37,1339
Gwen,,Bel'Veth,-1.34,171
Gwen,,Zyra,4.36,109
Gwen,,Morgana,5.78,385
Gwen,,Lucian,-1.01,138
Gwen,,Lee Sin,2.25,401
Gwen,,Rammus,5.75,196
Gwen,,Skarner,5.26,455
Gwen,,Leona,-1.59,107
Gwen,,Mel,6.82,219
Gwen,,Corki,8.71,142
Gwen,,Nidalee,7.68,143
Gwen,,Thresh,4.83,117
Gwen,,Nautilus,10.78,263
Gwen,,Miss Fortune,12.10,102
Hecarim,,Mordekaiser,-4.50,2905
Hecarim,,Nasus,-2.53,11084
Hecarim,,Shyvana,-1.22,20687
Hecarim,,Cho'Gath,-1.88,1861
Hecarim,,Darius,-1.71,3518
Hecarim,,Warwick,-0.84,21510
Hecarim,,Sion,-0.56,801
Hecarim,,Trundle,-1.89,3419
Hecarim,,Udyr,-2.05,8112
Hecarim,,Amumu,-0.94,11522
Hecarim,,Maokai,-2.13,1687
Hecarim,,Volibear,-1.82,5652
Hecarim,,Rammus,0.79,6377
Hecarim,,Briar,0.29,21558
Hecarim,,Zaahen,-0.50,1757
Hecarim,,Dr. Mundo,-0.40,2582
Hecarim,,Sylas,-2.34,23988
Hecarim,,Malphite,-2.22,3553
Hecarim,,Xin Zhao,-1.05,12052
Hecarim,,Lillia,-0.06,12852
Hecarim,,Jax,-0.85,9873
Hecarim,,Nocturne,0.28,31174
Hecarim,,Tryndamere,0.39,2163
Hecarim,,Wukong,1.15,18893
Hecarim,,Kayn,-0.45,35277
Hecarim,,Urgot,-4.29,177
Hecarim,,Aatrox,0.14,4091
Hecarim,,Sejuani,0.32,6641
Hecarim,,Olaf,-1.75,1496
Hecarim,,Master Yi,-1.02,28957
Hecarim,,Jarvan IV,0.08,17650
Hecarim,,Ivern,-0.37,3361
Hecarim,,Poppy,-0.61,1639
Hecarim,,Brand,-2.58,907
Hecarim,,Bel'Veth,1.06,16742
Hecarim,,Gragas,-0.94,1875
Hecarim,,Nautilus,-4.30,465
Hecarim,,Vi,0.17,19400
Hecarim,,Shen,0.16,1264
Hecarim,,Viego,0.01,41446
Hecarim,,Graves,0.03,38084
Hecarim,,Quinn,0.06,4999
Hecarim,,Gwen,-0.26,2477
Hecarim,,Rek'Sai,0.22,3455
Hecarim,,Lee Sin,-1.56,34524
Hecarim,,Fiddlesticks,0.53,7521
Hecarim,,Taliyah,0.39,1606
Hecarim,,Evelynn,0.64,8290
Hecarim,,Ornn,-2.80,124
Hecarim,,Zyra,2.20,2346
Hecarim,,Fizz,1.05,2086
Hecarim,,Nunu & Willump,-0.48,7900
Hecarim,,Zac,1.27,8019
Hecarim,,Kindred,-0.79,8788
Hecarim,,Ekko,0.90,12158
Hecarim,,Yorick,1.37,511
Hecarim,,Pantheon,-0.48,3289
Hecarim,,Rumble,-0.78,317
Hecarim,,Elise,1.14,4729
Hecarim,,Ambessa,0.72,3128
Hecarim,,Singed,-0.93,367
Hecarim,,Talon,1.36,14013
Hecarim,,Sett,-0.62,312
Hecarim,,Jayce,0.15,3872
Hecarim,,Shaco,1.85,22373
Hecarim,,Teemo,3.10,3449
Hecarim,,Morgana,1.99,1129
Hecarim,,Diana,1.02,12048
Hecarim,,Kha'Zix,1.22,16311
Hecarim,,Aurelion Sol,-1.42,220
Hecarim,,Karthus,1.60,4130
Hecarim,,Riven,-1.15,514
Hecarim,,Nidalee,0.98,7008
Hecarim,,Skarner,1.48,3554
Hecarim,,Zed,0.78,6641
Hecarim,,Vayne,-0.31,372
Hecarim,,Naafiri,4.21,18007
Hecarim,,Yone,-0.66,301
Hecarim,,Qiyana,1.08,7361
Hecarim,,Camille,1.21,358
Hecarim,,Kai'Sa,-0.11,280
Hecarim,,Taric,4.78,125
Hecarim,,Garen,-0.17,497
Hecarim,,Rengar,1.19,15251
Hecarim,,Neeko,5.02,234
Hecarim,,Yasuo,-3.71,124
Hecarim,,Locke,0.80,5912
Hecarim,,Twitch,0.36,872
Hecarim,,Jhin,0.75,333
Hecarim,,Zeri,7.11,146
Hecarim,,Twisted Fate,6.41,116
Heimerdinger,,Kassadin,-7.21,327
Heimerdinger,,Veigar,-7.07,1664
Heimerdinger,,Diana,-9.07,538
Heimerdinger,,Nasus,-3.41,17999
Heimerdinger,,Galio,-6.28,1236
Heimerdinger,,Dr. Mundo,-3.83,15165
Heimerdinger,,Karthus,-7.12,358
Heimerdinger,,Annie,-4.13,290
Heimerdinger,,Malzahar,-4.52,3896
Heimerdinger,,Ornn,-3.41,6565
Heimerdinger,,Sion,-4.54,9209
Heimerdinger,,Yasuo,-6.15,13508
Heimerdinger,,Gangplank,-4.50,11011
Heimerdinger,,Zed,-3.02,1320
Heimerdinger,,Neeko,-5.15,266
Heimerdinger,,Garen,-2.31,21166
Heimerdinger,,Jhin,-7.33,640
Heimerdinger,,Lissandra,-2.71,823
Heimerdinger,,Taliyah,-4.14,102
Heimerdinger,,Zeri,-7.05,106
Heimerdinger,,Hwei,-1.86,461
Heimerdinger,,Naafiri,-2.69,1381
Heimerdinger,,Katarina,-5.09,337
Heimerdinger,,Viktor,-2.78,1165
Heimerdinger,,Kayle,-1.91,8103
Heimerdinger,,Yorick,-1.59,16410
Heimerdinger,,Nautilus,-7.82,211
Heimerdinger,,Syndra,-1.03,1744
Heimerdinger,,Sejuani,-3.07,430
Heimerdinger,,Lux,-4.11,631
Heimerdinger,,Yone,-2.48,18207
Heimerdinger,,Xerath,-5.53,496
Heimerdinger,,Teemo,-0.46,28054
Heimerdinger,,Azir,-2.66,274
Heimerdinger,,Zilean,-0.68,691
Heimerdinger,,Vex,-1.82,322
Heimerdinger,,Lillia,-6.76,205
Heimerdinger,,Talon,-5.89,131
Heimerdinger,,Seraphine,-5.90,104
Heimerdinger,,Nocturne,-1.59,211
Heimerdinger,,Anivia,-0.80,1691
Heimerdinger,,Akshan,-1.92,463
Heimerdinger,,Mel,-7.08,796
Heimerdinger,,Caitlyn,-5.95,1452
Heimerdinger,,Ziggs,-3.83,627
Heimerdinger,,Singed,1.28,6151
Heimerdinger,,Senna,-3.53,362
Heimerdinger,,Ryze,-2.87,2289
Heimerdinger,,Qiyana,-2.10,189
Heimerdinger,,Vladimir,-2.44,2647
Heimerdinger,,Aurelion Sol,-0.41,594
Heimerdinger,,Miss Fortune,-8.87,309
Heimerdinger,,Sett,0.52,18510
Heimerdinger,,Rammus,-4.13,126
Heimerdinger,,Cho'Gath,-1.27,8157
Heimerdinger,,Malphite,0.46,16647
Heimerdinger,,Graves,-4.59,513
Heimerdinger,,Kled,0.61,3359
Heimerdinger,,Brand,-0.73,1632
Heimerdinger,,Kennen,-1.67,3998
Heimerdinger,,Zyra,-2.70,223
Heimerdinger,,Tryndamere,0.09,10611
Heimerdinger,,Maokai,-1.29,861
Heimerdinger,,Renekton,-0.34,10843
Heimerdinger,,Briar,0.28,908
Heimerdinger,,Wukong,0.81,1651
Heimerdinger,,Kalista,-2.23,376
Heimerdinger,,Aurora,-1.41,1071
Heimerdinger,,Karma,-2.73,359
Heimerdinger,,Morgana,-0.84,644
Heimerdinger,,Skarner,-5.51,300
Heimerdinger,,Zac,2.02,723
Heimerdinger,,Fizz,-1.62,566
Heimerdinger,,Shen,0.94,7434
Heimerdinger,,Zoe,1.03,195
Heimerdinger,,Sivir,-9.90,107
Heimerdinger,,Jayce,-2.22,6833
Heimerdinger,,Ahri,2.91,610
Heimerdinger,,Akali,-0.11,5861
Heimerdinger,,Xin Zhao,-0.36,741
Heimerdinger,,Urgot,2.27,7741
Heimerdinger,,Smolder,-3.31,1265
Heimerdinger,,Kog'Maw,0.79,295
Heimerdinger,,Olaf,1.27,6323
Heimerdinger,,Mordekaiser,2.93,33969
Heimerdinger,,Quinn,1.39,2184
Heimerdinger,,Gnar,-0.27,6935
Heimerdinger,,Irelia,0.90,9750
Heimerdinger,,Shyvana,-1.91,448
Heimerdinger,,Ambessa,0.01,5804
Heimerdinger,,Poppy,1.86,1540
Heimerdinger,,Jax,2.12,12741
Heimerdinger,,Rengar,-3.32,683
Heimerdinger,,Kayn,0.19,1035
Heimerdinger,,Swain,1.32,1695
Heimerdinger,,Ezreal,-5.78,489
Heimerdinger,,Riven,0.14,4891
Heimerdinger,,Elise,2.05,110
Heimerdinger,,Trundle,2.13,5132
Heimerdinger,,Warwick,4.68,2758
Heimerdinger,,Draven,-0.07,286
Heimerdinger,,LeBlanc,2.04,245
Heimerdinger,,Gragas,1.66,3210
Heimerdinger,,Vel'Koz,4.38,453
Heimerdinger,,Locke,-1.58,1629
Heimerdinger,,Cassiopeia,2.13,917
Heimerdinger,,Darius,2.26,26105
Heimerdinger,,Varus,0.90,2006
Heimerdinger,,Fiddlesticks,3.59,778
Heimerdinger,,Aphelios,-0.42,114
Heimerdinger,,Zaahen,3.57,5725
Heimerdinger,,Vayne,2.39,6872
Heimerdinger,,Master Yi,0.97,1698
Heimerdinger,,Orianna,0.90,141
Heimerdinger,,Pantheon,3.40,6326
Heimerdinger,,Ashe,-1.24,792
Heimerdinger,,Bel'Veth,-3.75,137
Heimerdinger,,Udyr,1.76,873
Heimerdinger,,Illaoi,5.90,12900
Heimerdinger,,Fiora,3.45,7727
Heimerdinger,,Twisted Fate,1.65,579
Heimerdinger,,Shaco,0.32,591
Heimerdinger,,Aatrox,4.09,12295
Heimerdinger,,Rek'Sai,5.55,166
Heimerdinger,,Volibear,4.48,8827
Heimerdinger,,Vi,0.25,304
Heimerdinger,,Ekko,2.52,483
Heimerdinger,,Kai'Sa,1.27,465
Heimerdinger,,Alistar,-0.53,199
Heimerdinger,,Sylas,4.57,1583
Heimerdinger,,Ivern,1.38,168
Heimerdinger,,Rumble,3.02,3134
Heimerdinger,,K'Sante,1.63,4797
Heimerdinger,,Gwen,4.42,6002
Heimerdinger,,Camille,4.93,3751
Heimerdinger,,Tristana,2.14,606
Heimerdinger,,Viego,3.44,288
Heimerdinger,,Corki,2.40,178
Heimerdinger,,Tahm Kench,7.27,6435
Heimerdinger,,Lee Sin,0.47,405
Heimerdinger,,Nidalee,0.14,163
Heimerdinger,,Jinx,1.91,140
Heimerdinger,,Thresh,-1.57,117
Heimerdinger,,Twitch,1.55,123
Heimerdinger,,Jarvan IV,4.42,188
Heimerdinger,,Lucian,2.23,245
Heimerdinger,,Leona,-1.82,107
Heimerdinger,,Lulu,4.70,110
Hwei,,Xerath,-2.61,23147
Hwei,,Nidalee,-8.50,233
Hwei,,Fiora,-2.95,263
Hwei,,Fizz,-2.01,22248
Hwei,,Singed,1.33,774
Hwei,,Vel'Koz,-2.49,4790
Hwei,,Olaf,-1.86,203
Hwei,,Gwen,-0.80,3563
Hwei,,Morgana,-1.67,2594
Hwei,,Naafiri,-2.08,10329
Hwei,,Katarina,-2.80,24371
Hwei,,Twitch,-4.60,735
Hwei,,Ambessa,-0.98,864
Hwei,,Master Yi,-2.42,596
Hwei,,Syndra,-1.24,31536
Hwei,,Shaco,-6.18,135
Hwei,,Lux,-0.38,20887
Hwei,,Jarvan IV,-2.00,267
Hwei,,Gragas,-0.03,1292
Hwei,,Locke,-2.99,21096
Hwei,,Ahri,-0.82,39260
Hwei,,Yasuo,-2.39,33406
Hwei,,Zed,-2.00,27724
Hwei,,Yorick,-0.92,981
Hwei,,Ekko,-0.62,12121
Hwei,,Veigar,0.85,25643
Hwei,,Ziggs,-0.67,3938
Hwei,,Yone,-1.17,29260
Hwei,,Kennen,0.86,1281
Hwei,,Zilean,1.63,1111
Hwei,,Kayle,0.87,1365
Hwei,,Vi,-1.18,305
Hwei,,Malzahar,1.64,31831
Hwei,,Quinn,1.59,1053
Hwei,,Nasus,3.53,3157
Hwei,,Zyra,-0.51,855
Hwei,,Kassadin,0.18,7652
Hwei,,Diana,0.59,14640
Hwei,,Akshan,-0.97,8362
Hwei,,Viktor,1.31,37534
Hwei,,Rakan,-0.90,104
Hwei,,LeBlanc,-0.76,13245
Hwei,,Seraphine,-1.67,1075
Hwei,,Briar,3.96,1090
Hwei,,Vladimir,1.21,13237
Hwei,,Annie,0.50,7236
Hwei,,Cho'Gath,0.56,1948
Hwei,,Twisted Fate,0.74,15397
Hwei,,Anivia,0.42,9042
Hwei,,Heimerdinger,3.80,2296
Hwei,,Neeko,0.62,1460
Hwei,,Aurora,-0.39,7695
Hwei,,Tryndamere,4.20,1399
Hwei,,Zoe,-0.59,9660
Hwei,,Brand,1.38,4457
Hwei,,Vex,2.06,14143
Hwei,,Kalista,1.12,252
Hwei,,Irelia,0.33,10035
Hwei,,Jinx,-2.17,149
Hwei,,Aurelion Sol,1.42,6613
Hwei,,Pyke,-3.41,245
Hwei,,Swain,2.77,3271
Hwei,,Ashe,-4.56,665
Hwei,,Bel'Veth,-7.54,102
Hwei,,Kog'Maw,2.10,940
Hwei,,Vayne,-0.24,569
Hwei,,Mordekaiser,4.82,766
Hwei,,Malphite,2.58,2665
Hwei,,Talon,0.45,6281
Hwei,,Garen,4.15,1755
Hwei,,Sion,3.11,2375
Hwei,,Nautilus,-4.63,149
Hwei,,Akali,0.52,22593
Hwei,,Lissandra,2.39,15120
Hwei,,Zeri,-1.06,215
Hwei,,Wukong,3.01,371
Hwei,,Sett,5.31,528
Hwei,,Nocturne,3.38,225
Hwei,,Aatrox,0.97,491
Hwei,,Qiyana,-0.69,6309
Hwei,,Sylas,1.60,27796
Hwei,,Viego,1.75,715
Hwei,,Tahm Kench,3.79,351
Hwei,,Karthus,1.99,664
Hwei,,Jayce,0.83,2372
Hwei,,Graves,-0.18,315
Hwei,,Riven,3.17,2019
Hwei,,Kai'Sa,-1.41,1327
Hwei,,Fiddlesticks,4.81,320
Hwei,,Kled,6.15,424
Hwei,,Draven,0.27,254
Hwei,,Galio,3.23,16024
Hwei,,Pantheon,5.13,3177
Hwei,,Tristana,1.25,3153
Hwei,,Mel,-0.17,14860
Hwei,,Teemo,4.97,1343
Hwei,,Dr. Mundo,2.66,652
Hwei,,Miss Fortune,-0.45,617
Hwei,,Gangplank,3.62,2434
Hwei,,Taliyah,1.71,3879
Hwei,,Sejuani,3.04,179
Hwei,,Zac,6.43,420
Hwei,,Zaahen,3.32,230
Hwei,,Orianna,0.56,10939
Hwei,,Karma,1.60,587
Hwei,,Ryze,1.51,10114
Hwei,,Jhin,1.64,975
Hwei,,Illaoi,6.42,332
Hwei,,Cassiopeia,2.31,6339
Hwei,,Nunu & Willump,3.22,805
Hwei,,Azir,1.26,6742
Hwei,,Kindred,-0.25,140
Hwei,,Xin Zhao,5.51,733
Hwei,,Renekton,6.69,582
Hwei,,Lee Sin,0.01,395
Hwei,,Kayn,3.91,132
Hwei,,Camille,4.52,189
Hwei,,Thresh,-1.33,116
Hwei,,Gnar,2.53,135
Hwei,,Smolder,3.29,1739
Hwei,,Volibear,5.04,189
Hwei,,Udyr,1.72,148
Hwei,,Ornn,5.68,242
Hwei,,Shen,8.03,312
Hwei,,Senna,1.70,168
Hwei,,Varus,2.87,950
Hwei,,Rumble,7.56,392
Hwei,,Ezreal,0.62,2068
Hwei,,Caitlyn,3.76,962
Hwei,,K'Sante,5.49,252
Hwei,,Darius,7.85,261
Hwei,,Corki,4.02,965
Hwei,,Yunara,0.88,138
Hwei,,Sivir,2.34,176
Hwei,,Aphelios,6.37,197
Hwei,,Urgot,9.95,209
Hwei,,Warwick,10.93,128
Hwei,,Jax,9.78,277
Hwei,,Lucian,3.85,830
Hwei,,Trundle,11.88,101
Hwei,,Samira,13.99,158
Illaoi,,Kog'Maw,-9.08,505
Illaoi,,Ahri,-5.90,550
Illaoi,,Hwei,-6.33,344
Illaoi,,Aphelios,-11.74,130
Illaoi,,Zoe,-7.13,246
Illaoi,,Vel'Koz,-6.47,484
Illaoi,,Mordekaiser,-5.86,53933
Illaoi,,Viktor,-6.95,852
Illaoi,,Syndra,-5.14,303
Illaoi,,Annie,-6.11,262
Illaoi,,Teemo,-5.04,34028
Illaoi,,Seraphine,-10.96,105
Illaoi,,Heimerdinger,-5.91,12900
Illaoi,,Malzahar,-5.99,3115
Illaoi,,Kayle,-4.61,14400
Illaoi,,Zilean,-4.24,988
Illaoi,,Veigar,-4.97,1201
Illaoi,,Anivia,-4.28,2027
Illaoi,,Yorick,-3.36,25509
Illaoi,,Karma,-7.21,449
Illaoi,,Aurelion Sol,-4.00,621
Illaoi,,Akshan,-5.03,575
Illaoi,,Brand,-4.47,1834
Illaoi,,Ryze,-6.12,1892
Illaoi,,Zyra,-6.39,260
Illaoi,,Varus,-6.32,5047
Illaoi,,Singed,-1.21,8788
Illaoi,,Garen,-1.71,42240
Illaoi,,Kai'Sa,-6.62,673
Illaoi,,Smolder,-7.31,1462
Illaoi,,Gangplank,-2.71,15382
Illaoi,,Vex,-2.36,249
Illaoi,,Zed,-0.99,1196
Illaoi,,Lissandra,-1.09,868
Illaoi,,Karthus,-4.27,269
Illaoi,,Aurora,-3.20,1385
Illaoi,,Tryndamere,-1.23,18509
Illaoi,,Fiddlesticks,-1.70,1285
Illaoi,,Cassiopeia,-2.96,1342
Illaoi,,Nocturne,-1.79,375
Illaoi,,Twisted Fate,-4.52,790
Illaoi,,Neeko,-2.55,328
Illaoi,,Jhin,-4.91,679
Illaoi,,Gwen,-2.90,11548
Illaoi,,Trundle,-2.19,9853
Illaoi,,Ziggs,-4.04,313
Illaoi,,Yasuo,-3.00,13775
Illaoi,,Lux,-2.52,385
Illaoi,,Vayne,-2.50,15234
Illaoi,,Naafiri,-0.29,1557
Illaoi,,Zeri,-4.28,140
Illaoi,,Poppy,-0.81,3505
Illaoi,,Morgana,-1.70,706
Illaoi,,Sion,-0.39,12157
Illaoi,,Caitlyn,-5.00,1212
Illaoi,,Urgot,1.00,14414
Illaoi,,Yone,-0.16,32526
Illaoi,,Senna,-2.60,529
Illaoi,,Ornn,1.25,13077
Illaoi,,Zac,1.88,1484
Illaoi,,Soraka,-4.89,172
Illaoi,,Quinn,0.20,2963
Illaoi,,Rek'Sai,1.12,282
Illaoi,,Fiora,-0.65,12381
Illaoi,,Vladimir,-1.10,3059
Illaoi,,Sett,1.82,41721
Illaoi,,Kassadin,1.54,319
Illaoi,,Darius,-0.52,41329
Illaoi,,Warwick,2.21,5699
Illaoi,,Swain,-0.52,2766
Illaoi,,Kled,2.35,6180
Illaoi,,Nasus,3.10,36812
Illaoi,,Kalista,-0.76,684
Illaoi,,Udyr,-0.93,1855
Illaoi,,Ashe,-3.82,980
Illaoi,,Ekko,-1.02,565
Illaoi,,Kennen,0.50,4294
Illaoi,,Aatrox,1.26,23877
Illaoi,,Dr. Mundo,3.10,24112
Illaoi,,Cho'Gath,1.34,13841
Illaoi,,Lillia,-2.87,421
Illaoi,,Gnar,0.29,12116
Illaoi,,Graves,-1.86,858
Illaoi,,Malphite,3.32,24797
Illaoi,,Azir,1.75,322
Illaoi,,Draven,-0.89,342
Illaoi,,Skarner,-3.33,647
Illaoi,,Viego,-0.61,574
Illaoi,,Irelia,1.87,11803
Illaoi,,Fizz,0.63,464
Illaoi,,Wukong,3.79,3014
Illaoi,,Thresh,-7.88,188
Illaoi,,Diana,0.63,392
Illaoi,,Xerath,-0.33,149
Illaoi,,Elise,2.03,193
Illaoi,,Shaco,-1.38,796
Illaoi,,Pantheon,2.39,10137
Illaoi,,Akali,2.01,7194
Illaoi,,Corki,-1.77,246
Illaoi,,Sejuani,2.73,780
Illaoi,,Shen,3.54,15067
Illaoi,,Kayn,0.89,1824
Illaoi,,Ivern,-0.59,294
Illaoi,,Gragas,1.65,5373
Illaoi,,Rumble,0.63,4981
Illaoi,,Tahm Kench,3.44,12266
Illaoi,,Master Yi,0.54,2960
Illaoi,,Volibear,3.42,20005
Illaoi,,Jinx,-2.93,134
Illaoi,,Jayce,0.80,10418
Illaoi,,Lucian,-4.47,313
Illaoi,,Katarina,2.03,316
Illaoi,,Briar,4.62,1393
Illaoi,,LeBlanc,2.98,241
Illaoi,,Zaahen,3.94,11761
Illaoi,,Ambessa,2.38,11641
Illaoi,,Camille,3.05,7095
Illaoi,,Tristana,0.27,741
Illaoi,,Rengar,-1.20,1012
Illaoi,,Qiyana,3.50,237
Illaoi,,Olaf,4.79,12215
Illaoi,,Rammus,1.33,265
Illaoi,,Vi,0.95,496
Illaoi,,Jarvan IV,-0.42,289
Illaoi,,Jax,5.66,26051
Illaoi,,Nidalee,-1.48,209
Illaoi,,Renekton,5.99,27724
Illaoi,,Mel,0.09,491
Illaoi,,Riven,3.42,9380
Illaoi,,Locke,1.48,2079
Illaoi,,Galio,5.56,624
Illaoi,,K'Sante,2.33,11594
Illaoi,,Sylas,6.19,2416
Illaoi,,Maokai,5.96,1617
Illaoi,,Ezreal,-1.51,471
Illaoi,,Yunara,-2.82,101
Illaoi,,Xin Zhao,6.02,1203
Illaoi,,Bel'Veth,-0.23,244
Illaoi,,Miss Fortune,-0.05,271
Illaoi,,Talon,3.97,158
Illaoi,,Amumu,-2.30,129
Illaoi,,Shyvana,5.01,808
Illaoi,,Lulu,1.72,157
Illaoi,,Blitzcrank,-4.54,107
Illaoi,,Lee Sin,4.19,680
Illaoi,,Nautilus,6.12,326
Illaoi,,Twitch,4.51,155
Illaoi,,Taric,5.30,116
Illaoi,,Alistar,12.20,319
Illaoi,,Leona,7.13,185
Irelia,,Warwick,-5.15,8079
Irelia,,Volibear,-6.33,15796
Irelia,,Jax,-5.96,28834
Irelia,,Wukong,-4.50,2921
Irelia,,Malphite,-4.45,26592
Irelia,,Sett,-4.16,31309
Irelia,,Nasus,-2.98,18483
Irelia,,Nocturne,-4.81,486
Irelia,,Tryndamere,-4.07,13454
Irelia,,Zac,-2.72,1415
Irelia,,Garen,-2.85,26401
Irelia,,Singed,-1.68,8128
Irelia,,Briar,-3.21,1285
Irelia,,Zaahen,-3.71,9997
Irelia,,Illaoi,-1.87,11803
Irelia,,Poppy,-3.38,4489
Irelia,,Sejuani,-3.08,725
Irelia,,Shen,-2.23,10753
Irelia,,Kled,-1.44,4583
Irelia,,Tahm Kench,-2.59,7683
Irelia,,Urgot,-1.46,8679
Irelia,,Trundle,-3.46,7391
Irelia,,Renekton,-2.17,18799
Irelia,,Mordekaiser,-0.68,30854
Irelia,,Rek'Sai,-1.22,271
Irelia,,Heimerdinger,-0.91,9750
Irelia,,Ornn,0.26,7958
Irelia,,Olaf,-0.65,7839
Irelia,,Rammus,-4.10,502
Irelia,,Syndra,1.35,301
Irelia,,Camille,-1.31,7049
Irelia,,Fiora,-1.09,12505
Irelia,,Darius,-1.04,27904
Irelia,,Yasuo,-1.65,14395
Irelia,,Teemo,1.96,25683
Irelia,,Cho'Gath,-0.39,9105
Irelia,,Alistar,-5.21,334
Irelia,,Maokai,-0.41,1572
Irelia,,Sion,0.51,8911
Irelia,,Riven,-2.01,8294
Irelia,,Fiddlesticks,0.73,1223
Irelia,,Udyr,-1.39,1379
Irelia,,Galio,0.28,756
Irelia,,Elise,0.43,249
Irelia,,Kayn,-0.98,1530
Irelia,,Shyvana,-2.11,716
Irelia,,Gangplank,1.42,24917
Irelia,,Xin Zhao,0.24,1087
Irelia,,K'Sante,-2.67,9294
Irelia,,Gwen,0.10,7231
Irelia,,Akali,0.67,10850
Irelia,,Gragas,0.08,5339
Irelia,,Master Yi,-1.05,2999
Irelia,,Ekko,-0.51,607
Irelia,,Vi,-2.54,502
Irelia,,Pantheon,1.65,9126
Irelia,,Veigar,2.52,868
Irelia,,Lissandra,3.22,1180
Irelia,,Yorick,3.88,28149
Irelia,,Talon,-1.54,224
Irelia,,Hwei,4.16,291
Irelia,,Fizz,0.64,605
Irelia,,Anivia,3.24,2289
Irelia,,Skarner,-3.11,625
Irelia,,Aatrox,2.56,24360
Irelia,,Vex,3.37,415
Irelia,,Zed,4.43,1840
Irelia,,Kayle,4.51,12140
Irelia,,Shaco,-0.94,809
Irelia,,Dr. Mundo,4.57,16051
Irelia,,Viego,0.39,568
Irelia,,Neeko,2.50,263
Irelia,,Zyra,1.40,155
Irelia,,Lux,2.36,326
Irelia,,Sylas,3.25,3066
Irelia,,Kennen,2.70,5974
Irelia,,Cassiopeia,2.64,1555
Irelia,,Katarina,2.15,531
Irelia,,LeBlanc,2.88,349
Irelia,,Yone,4.05,34163
Irelia,,Aurelion Sol,4.65,490
Irelia,,Taliyah,3.79,112
Irelia,,Vayne,2.84,11212
Irelia,,Zilean,5.89,978
Irelia,,Nautilus,-0.42,349
Irelia,,Ambessa,2.81,12426
Irelia,,Annie,5.40,315
Irelia,,Malzahar,4.82,2596
Irelia,,Rumble,1.98,5253
Irelia,,Qiyana,3.64,468
Irelia,,Ahri,7.04,657
Irelia,,Vladimir,3.38,4082
Irelia,,Naafiri,5.55,1364
Irelia,,Vel'Koz,6.03,394
Irelia,,Zoe,5.52,333
Irelia,,Brand,4.92,1415
Irelia,,Gnar,3.38,16844
Irelia,,Orianna,2.17,101
Irelia,,Viktor,5.51,864
Irelia,,Quinn,5.31,3742
Irelia,,Kog'Maw,5.06,488
Irelia,,Karthus,3.22,296
Irelia,,Swain,4.24,2277
Irelia,,Akshan,5.06,618
Irelia,,Diana,3.67,511
Irelia,,Corki,1.59,336
Irelia,,Tristana,2.19,714
Irelia,,Ivern,2.84,275
Irelia,,Zeri,3.25,157
Irelia,,Draven,3.67,454
Irelia,,Graves,3.22,823
Irelia,,Jayce,4.29,23831
Irelia,,Morgana,6.20,504
Irelia,,Varus,4.80,2886
Irelia,,Azir,6.95,416
Irelia,,Karma,4.78,567
Irelia,,Rengar,2.05,1089
Irelia,,Locke,2.97,2488
Irelia,,Lee Sin,1.13,789
Irelia,,Kassadin,8.99,377
Irelia,,Twisted Fate,5.11,944
Irelia,,Aurora,7.13,1521
Irelia,,Amumu,-2.01,133
Irelia,,Jarvan IV,3.02,245
Irelia,,Kalista,7.23,852
Irelia,,Ryze,7.57,2179
Irelia,,Ashe,4.28,728
Irelia,,Bel'Veth,2.34,286
Irelia,,Lillia,5.48,265
Irelia,,Kai'Sa,6.72,837
Irelia,,Thresh,-0.05,170
Irelia,,Jhin,7.31,599
Irelia,,Soraka,5.98,182
Irelia,,Leona,-1.56,165
Irelia,,Lucian,3.06,389
Irelia,,Xerath,8.30,125
Irelia,,Mel,5.64,319
Irelia,,Senna,9.30,337
Irelia,,Lulu,6.04,209
Irelia,,Aphelios,9.29,134
Irelia,,Ezreal,5.74,496
Irelia,,Caitlyn,9.69,960
Irelia,,Ziggs,11.88,216
Irelia,,Nidalee,7.51,249
Irelia,,Miss Fortune,7.20,155
Irelia,,Smolder,11.34,1129
Irelia,,Twitch,12.31,128
Ivern,,Taliyah,-4.59,468
Ivern,,Fiddlesticks,-4.24,2428
Ivern,,Briar,-1.30,6070
Ivern,,Rammus,-0.52,1562
Ivern,,Quinn,-3.35,1208
Ivern,,Darius,-1.72,886
Ivern,,Zyra,-1.39,662
Ivern,,Naafiri,-2.92,3589
Ivern,,Shaco,-2.78,5438
Ivern,,Sion,-0.10,224
Ivern,,Gwen,-2.31,836
Ivern,,Nocturne,-0.36,7565
Ivern,,Talon,-1.98,3326
Ivern,,Master Yi,-1.96,6491
Ivern,,Amumu,0.00,3175
Ivern,,Elise,-1.92,1209
Ivern,,Sejuani,-0.13,1805
Ivern,,Cho'Gath,0.73,535
Ivern,,Shyvana,1.84,5503
Ivern,,Nunu & Willump,-2.10,2040
Ivern,,Zac,-0.48,2051
Ivern,,Jarvan IV,-0.29,4570
Ivern,,Yorick,-0.35,138
Ivern,,Ekko,-0.58,3128
Ivern,,Viego,-0.52,9673
Ivern,,Evelynn,-0.49,2064
Ivern,,Volibear,0.00,1378
Ivern,,Diana,-1.84,3104
Ivern,,Rek'Sai,-0.31,857
Ivern,,Zed,-3.05,1589
Ivern,,Aatrox,1.23,1003
Ivern,,Vi,0.39,4760
Ivern,,Teemo,1.02,987
Ivern,,Xin Zhao,0.60,2781
Ivern,,Nasus,1.87,2601
Ivern,,Dr. Mundo,1.64,713
Ivern,,Wukong,2.64,4171
Ivern,,Warwick,2.38,5136
Ivern,,Lillia,1.70,2974
Ivern,,Graves,0.46,8412
Ivern,,Kayn,1.31,8829
Ivern,,Kha'Zix,-0.78,3932
Ivern,,Malphite,0.11,845
Ivern,,Shen,1.14,361
Ivern,,Tryndamere,2.73,555
Ivern,,Qiyana,-3.53,1936
Ivern,,Udyr,1.76,2135
Ivern,,Zaahen,2.63,444
Ivern,,Trundle,2.14,734
Ivern,,Bel'Veth,2.89,4311
Ivern,,Jax,2.06,2442
Ivern,,Olaf,0.78,416
Ivern,,Mordekaiser,4.23,766
Ivern,,Hecarim,0.37,3361
Ivern,,Ambessa,0.98,798
Ivern,,Sylas,1.77,4635
Ivern,,Rengar,-3.71,3827
Ivern,,Lee Sin,0.58,8118
Ivern,,Fizz,2.97,530
Ivern,,Poppy,2.44,410
Ivern,,Kindred,1.03,2368
Ivern,,Gragas,2.30,420
Ivern,,Skarner,0.90,941
Ivern,,Nautilus,-0.98,141
Ivern,,Jayce,1.53,899
Ivern,,Pantheon,1.69,831
Ivern,,Maokai,4.04,497
Ivern,,Nidalee,1.39,1543
Ivern,,Riven,-0.09,140
Ivern,,Twitch,-4.61,233
Ivern,,Brand,2.79,258
Ivern,,Karthus,3.85,1159
Ivern,,Garen,-1.64,131
Ivern,,Morgana,5.98,329
Ivern,,Locke,-0.94,1594
Ivern,,Yone,1.00,103
Janna,,Xin Zhao,-10.48,128
Janna,,Sona,-0.85,9918
Janna,,Zyra,-0.81,7887
Janna,,Thresh,-0.90,31804
Janna,,Soraka,-0.65,11892
Janna,,Seraphine,-0.94,25691
Janna,,Blitzcrank,-1.57,14143
Janna,,Kennen,-3.28,227
Janna,,Senna,-0.86,16872
Janna,,Braum,-0.51,8109
Janna,,Amumu,0.10,1489
Janna,,Maokai,-0.43,4673
Janna,,Jhin,-8.61,244
Janna,,Nami,0.08,25213
Janna,,Nautilus,-0.94,25118
Janna,,Teemo,-0.03,2097
Janna,,Zilean,0.35,8278
Janna,,Leona,0.99,25833
Janna,,Vel'Koz,-0.18,7940
Janna,,Lulu,-0.74,19809
Janna,,Milio,0.91,13739
Janna,,Lux,-0.43,23320
Janna,,Morgana,0.60,14814
Janna,,Taric,2.63,3834
Janna,,Brand,0.68,7812
Janna,,Xerath,0.60,6829
Janna,,Ahri,-2.60,349
Janna,,Rakan,0.83,7882
Janna,,Karma,-0.54,13245
Janna,,Rell,2.04,10973
Janna,,Sion,0.23,663
Janna,,Pyke,-0.74,16132
Janna,,Bard,-0.31,12587
Janna,,Twisted Fate,-0.37,562
Janna,,Poppy,2.56,5915
Janna,,Hwei,1.02,1461
Janna,,Alistar,1.45,9378
Janna,,Rammus,1.52,265
Janna,,Trundle,-2.86,263
Janna,,Renata Glasc,1.43,2296
Janna,,Elise,1.57,1294
Janna,,Syndra,-0.22,430
Janna,,Kog'Maw,-1.11,123
Janna,,Neeko,-0.56,4233
Janna,,Taliyah,-0.93,298
Janna,,Galio,2.38,2718
Janna,,Sylas,0.35,2748
Janna,,Tahm Kench,1.51,7410
Janna,,Zac,0.96,880
Janna,,Yuumi,-1.28,10833
Janna,,Veigar,-0.52,1488
Janna,,Pantheon,1.19,10907
Janna,,Lissandra,-0.10,547
Janna,,Aurelion Sol,-0.13,148
Janna,,Ashe,-2.25,2517
Janna,,Jarvan IV,0.98,991
Janna,,Fiddlesticks,2.22,1358
Janna,,Annie,2.34,786
Janna,,Shen,2.76,4300
Janna,,Quinn,1.34,181
Janna,,Mordekaiser,-4.47,107
Janna,,Zoe,0.20,1845
Janna,,Heimerdinger,1.42,411
Janna,,Gragas,0.84,527
Janna,,Sejuani,1.48,250
Janna,,Skarner,0.63,463
Janna,,Ivern,0.73,506
Janna,,Wukong,1.35,179
Janna,,Viktor,-1.14,124
Janna,,Anivia,1.06,1086
Janna,,Swain,2.52,8841
Janna,,Malphite,0.99,1880
Janna,,Nunu & Willump,-0.13,381
Janna,,Nidalee,1.53,635
Janna,,Shaco,3.80,3681
Janna,,LeBlanc,3.76,1435
Janna,,Darius,-2.30,136
Janna,,Aatrox,-2.27,125
Janna,,Vi,1.97,485
Janna,,Briar,0.31,262
Janna,,Evelynn,3.87,105
Janna,,Qiyana,1.41,224
Janna,,Sett,2.24,475
Janna,,Camille,3.09,15424
Janna,,Cho'Gath,2.30,520
Janna,,Orianna,-0.53,219
Janna,,Singed,2.71,325
Janna,,Ziggs,3.49,507
Janna,,Locke,1.30,382
Janna,,Fizz,4.54,226
Janna,,Karthus,2.31,169
Janna,,Dr. Mundo,2.80,131
Janna,,Malzahar,3.23,379
Janna,,Mel,0.77,5597
Janna,,Lee Sin,0.79,543
Janna,,Nasus,-0.54,163
Janna,,Zed,1.96,202
Janna,,Miss Fortune,1.00,701
Janna,,Ornn,4.57,229
Janna,,Jax,5.89,284
Janna,,Twitch,2.54,983
Janna,,Vex,6.93,210
Janna,,Ekko,8.19,207
Janna,,Master Yi,7.46,203
Janna,,Rengar,4.80,278
Janna,,Ezreal,4.14,315
Janna,,Naafiri,5.29,118
Janna,,Katarina,5.40,178
Janna,,Yasuo,4.25,148
Janna,,Kayle,9.77,144
Janna,,Viego,7.81,102
Janna,,Caitlyn,4.02,113
Janna,,Yone,6.55,118
Jarvan IV,,Mordekaiser,-2.54,3953
Jarvan IV,,Shyvana,-0.90,28409
Jarvan IV,,Zaahen,-2.28,2529
Jarvan IV,,Briar,-0.33,29267
Jarvan IV,,Cho'Gath,-0.85,3228
Jarvan IV,,Tryndamere,-1.01,3872
Jarvan IV,,Sion,-0.21,1198
Jarvan IV,,Gwen,-2.54,3875
Jarvan IV,,Wukong,0.17,32610
Jarvan IV,,Warwick,0.01,27790
Jarvan IV,,Aatrox,-0.66,6282
Jarvan IV,,Nasus,0.22,15455
Jarvan IV,,Master Yi,-1.35,41505
Jarvan IV,,Gnar,-6.93,101
Jarvan IV,,Xin Zhao,-0.63,23567
Jarvan IV,,Shen,-0.77,2038
Jarvan IV,,Dr. Mundo,0.37,4064
Jarvan IV,,Urgot,-4.14,248
Jarvan IV,,Lillia,0.42,17392
Jarvan IV,,Amumu,0.75,16513
Jarvan IV,,Nocturne,0.71,50578
Jarvan IV,,Viego,-0.83,55159
Jarvan IV,,Volibear,-0.31,6798
Jarvan IV,,Zyra,0.97,3727
Jarvan IV,,Teemo,0.39,5780
Jarvan IV,,Bel'Veth,0.82,19740
Jarvan IV,,Vi,-0.17,36503
Jarvan IV,,Fizz,-0.12,3780
Jarvan IV,,Sylas,-1.13,36930
Jarvan IV,,Poppy,-0.48,4166
Jarvan IV,,Kayn,0.41,47881
Jarvan IV,,Graves,-0.23,66978
Jarvan IV,,Talon,-0.48,17998
Jarvan IV,,Rammus,2.85,9251
Jarvan IV,,Ekko,-0.11,17009
Jarvan IV,,Jax,0.46,16548
Jarvan IV,,Aurelion Sol,-4.19,352
Jarvan IV,,Quinn,0.03,6704
Jarvan IV,,Olaf,-0.78,2092
Jarvan IV,,Rek'Sai,0.04,4746
Jarvan IV,,Evelynn,0.17,10803
Jarvan IV,,Naafiri,-0.03,26061
Jarvan IV,,Karthus,-1.32,6100
Jarvan IV,,Zac,0.62,12484
Jarvan IV,,Nidalee,-2.06,11071
Jarvan IV,,Ivern,0.29,4570
Jarvan IV,,Diana,-1.21,17242
Jarvan IV,,Kindred,-1.43,12520
Jarvan IV,,Udyr,0.97,9962
Jarvan IV,,Malzahar,-6.88,143
Jarvan IV,,Sejuani,1.83,10562
Jarvan IV,,Trundle,1.26,4928
Jarvan IV,,Kha'Zix,-0.70,23734
Jarvan IV,,Rumble,-1.20,638
Jarvan IV,,Fiddlesticks,1.08,10682
Jarvan IV,,Shaco,0.79,28323
Jarvan IV,,Ambessa,0.25,4188
Jarvan IV,,Yorick,1.63,850
Jarvan IV,,Malphite,0.71,6811
Jarvan IV,,Maokai,1.70,2926
Jarvan IV,,Hecarim,-0.09,17650
Jarvan IV,,Taliyah,1.52,2638
Jarvan IV,,Lee Sin,-0.30,78720
Jarvan IV,,Elise,1.29,6768
Jarvan IV,,Darius,2.98,4498
Jarvan IV,,Nunu & Willump,0.59,10607
Jarvan IV,,Pantheon,0.22,6133
Jarvan IV,,Jayce,0.35,8795
Jarvan IV,,Brand,-0.08,1669
Jarvan IV,,Skarner,0.00,5236
Jarvan IV,,Gragas,1.46,2934
Jarvan IV,,Sett,0.06,568
Jarvan IV,,Zed,0.02,11766
Jarvan IV,,Morgana,2.89,1935
Jarvan IV,,Qiyana,0.11,11549
Jarvan IV,,Camille,-0.05,568
Jarvan IV,,Garen,-1.83,1003
Jarvan IV,,Vayne,1.07,621
Jarvan IV,,Neeko,3.30,368
Jarvan IV,,Riven,1.73,756
Jarvan IV,,Taric,4.24,173
Jarvan IV,,Singed,3.60,586
Jarvan IV,,Rengar,0.14,18725
Jarvan IV,,Ezreal,-4.61,193
Jarvan IV,,Ornn,3.01,186
Jarvan IV,,Locke,-1.44,8934
Jarvan IV,,Kayle,3.41,146
Jarvan IV,,Galio,0.05,113
Jarvan IV,,Zeri,1.93,202
Jarvan IV,,Nautilus,3.99,704
Jarvan IV,,Yone,2.77,566
Jarvan IV,,Kai'Sa,3.24,514
Jarvan IV,,Yasuo,-2.49,227
Jarvan IV,,Tahm Kench,2.15,119
Jarvan IV,,Twitch,0.92,1436
Jarvan IV,,Twisted Fate,-0.13,202
Jarvan IV,,Jhin,3.72,509
Jarvan IV,,Tristana,6.93,107
Jax,,Illaoi,-5.66,26051
Jax,,Vex,-6.87,321
Jax,,Ahri,-4.72,1011
Jax,,Singed,-4.35,15625
Jax,,Garen,-4.61,79592
Jax,,Dr. Mundo,-4.66,34397
Jax,,Hwei,-3.57,535
Jax,,Annie,-4.32,525
Jax,,Neeko,-5.83,460
Jax,,Zac,-2.85,2209
Jax,,Lissandra,-3.53,1627
Jax,,Vladimir,-5.98,7176
Jax,,Janna,-8.04,151
Jax,,Brand,-3.90,2598
Jax,,Malphite,-2.21,38238
Jax,,Teemo,-1.35,37638
Jax,,Qiyana,-4.18,588
Jax,,Sion,-3.06,14789
Jax,,Cho'Gath,-3.54,16457
Jax,,Heimerdinger,-2.13,12741
Jax,,Poppy,-2.78,7974
Jax,,Anivia,-1.93,2810
Jax,,Quinn,-2.53,5614
Jax,,Kennen,-3.50,9259
Jax,,Ziggs,-5.11,313
Jax,,Karthus,-4.57,466
Jax,,Veigar,-2.01,1500
Jax,,Kled,-1.06,9413
Jax,,Nasus,-0.28,34910
Jax,,LeBlanc,-3.32,569
Jax,,Akali,-3.09,17428
Jax,,Rek'Sai,-1.29,491
Jax,,Ornn,-0.78,13731
Jax,,Pantheon,-2.29,18255
Jax,,Syndra,0.06,543
Jax,,Elise,-2.56,354
Jax,,Morgana,-2.71,993
Jax,,Kog'Maw,-1.94,628
Jax,,Urgot,-0.28,17236
Jax,,Galio,-2.34,1257
Jax,,Shen,-0.68,19436
Jax,,Ryze,-3.06,2864
Jax,,Gangplank,-1.27,26399
Jax,,Naafiri,-0.39,2330
Jax,,Malzahar,-0.69,3857
Jax,,Sett,0.64,46383
Jax,,Mordekaiser,0.86,62530
Jax,,Gnar,-2.41,16552
Jax,,Cassiopeia,-1.92,2198
Jax,,Zilean,0.74,1415
Jax,,Aurora,-1.97,2096
Jax,,Viktor,-0.29,1261
Jax,,Xerath,-3.73,188
Jax,,Tahm Kench,-0.46,14241
Jax,,Maokai,-1.38,2684
Jax,,Sejuani,-0.78,1336
Jax,,Azir,-0.75,549
Jax,,Fiddlesticks,-0.15,2011
Jax,,Swain,-1.44,3776
Jax,,Gragas,-1.85,16788
Jax,,Rumble,-2.74,7617
Jax,,Aurelion Sol,0.48,712
Jax,,Yorick,1.56,32835
Jax,,Zed,1.47,2412
Jax,,Vel'Koz,1.40,657
Jax,,Evelynn,-3.25,123
Jax,,Renekton,0.70,30927
Jax,,Aatrox,0.08,33980
Jax,,Sylas,0.35,5132
Jax,,Nocturne,0.89,668
Jax,,Zeri,-2.42,186
Jax,,Kayn,-1.24,2883
Jax,,Ambessa,-0.73,18022
Jax,,K'Sante,-3.01,17945
Jax,,Fiora,0.34,22486
Jax,,Jayce,-1.50,21316
Jax,,Talon,-2.39,304
Jax,,Shaco,-2.54,1306
Jax,,Taliyah,1.33,166
Jax,,Kayle,3.02,16347
Jax,,Tryndamere,2.48,34768
Jax,,Olaf,2.12,19884
Jax,,Wukong,3.16,5421
Jax,,Riven,-0.48,12508
Jax,,Zyra,0.04,268
Jax,,Vayne,0.82,15119
Jax,,Udyr,0.14,2696
Jax,,Darius,1.52,58429
Jax,,Shyvana,-0.86,1326
Jax,,Zoe,3.28,498
Jax,,Warwick,4.42,9104
Jax,,Camille,1.67,13957
Jax,,Ivern,-0.83,445
Jax,,Rammus,-0.21,515
Jax,,Orianna,0.25,139
Jax,,Zaahen,3.10,22331
Jax,,Mel,-2.52,568
Jax,,Karma,0.76,864
Jax,,Gwen,2.17,14945
Jax,,Graves,-0.06,1376
Jax,,Yone,4.00,68429
Jax,,Alistar,-1.51,954
Jax,,Ekko,1.64,930
Jax,,Skarner,-1.68,911
Jax,,Jhin,0.71,858
Jax,,Lillia,-0.44,513
Jax,,Soraka,-0.60,275
Jax,,Trundle,3.75,17810
Jax,,Kassadin,5.94,526
Jax,,Varus,2.57,4006
Jax,,Kai'Sa,1.38,1078
Jax,,Yasuo,3.42,24712
Jax,,Seraphine,1.14,121
Jax,,Corki,0.67,460
Jax,,Lux,4.04,550
Jax,,Volibear,5.38,33499
Jax,,Fizz,3.84,810
Jax,,Lee Sin,-0.97,1360
Jax,,Taric,-2.00,186
Jax,,Nautilus,0.99,561
Jax,,Katarina,4.16,541
Jax,,Briar,6.68,2286
Jax,,Smolder,1.91,1767
Jax,,Locke,1.58,3437
Jax,,Irelia,5.94,28834
Jax,,Vi,2.41,859
Jax,,Rengar,1.41,2351
Jax,,Kalista,5.21,1158
Jax,,Xin Zhao,6.03,2092
Jax,,Ashe,2.31,1165
Jax,,Senna,5.09,512
Jax,,Nidalee,0.23,404
Jax,,Akshan,7.02,716
Jax,,Draven,4.54,665
Jax,,Caitlyn,3.11,1519
Jax,,Lulu,0.94,278
Jax,,Bel'Veth,0.49,441
Jax,,Diana,6.57,711
Jax,,Twisted Fate,6.14,1316
Jax,,Samira,2.07,132
Jax,,Ezreal,0.86,757
Jax,,Tristana,5.13,1093
Jax,,Jarvan IV,3.40,498
Jax,,Viego,6.93,999
Jax,,Master Yi,7.18,6142
Jax,,Aphelios,6.01,188
Jax,,Miss Fortune,2.32,300
Jax,,Amumu,1.04,224
Jax,,Lucian,3.71,500
Jax,,Jinx,5.74,149
Jax,,Yunara,2.92,110
Jax,,Thresh,2.63,281
Jax,,Leona,2.11,231
Jax,,Blitzcrank,2.20,121
Jax,,Twitch,11.80,175
Jayce,,Dr. Mundo,-2.83,18911
Jayce,,Syndra,-1.93,427
Jayce,,Irelia,-4.31,23831
Jayce,,Wukong,-2.52,4348
Jayce,,Yorick,-2.12,21100
Jayce,,Malphite,-2.36,46708
Jayce,,Nasus,-1.49,20684
Jayce,,Ahri,-1.27,591
Jayce,,Vel'Koz,-2.20,479
Jayce,,Ornn,-2.10,11123
Jayce,,Poppy,-3.07,4146
Jayce,,Briar,-2.25,1338
Jayce,,Sejuani,-3.04,865
Jayce,,Urgot,-1.61,8854
Jayce,,Hwei,-1.16,318
Jayce,,Galio,-3.64,622
Jayce,,Xin Zhao,-3.90,2185
Jayce,,Xerath,-5.66,139
Jayce,,Zac,-0.68,1515
Jayce,,Illaoi,-0.82,10418
Jayce,,Tahm Kench,-2.16,6980
Jayce,,Quinn,-2.16,4942
Jayce,,Garen,-0.59,22144
Jayce,,Mel,-7.80,330
Jayce,,Rek'Sai,-1.02,312
Jayce,,Karthus,-4.00,338
Jayce,,Kled,-0.43,5021
Jayce,,Akshan,-2.28,691
Jayce,,Zyra,-3.81,176
Jayce,,Veigar,-1.17,880
Jayce,,Cho'Gath,-1.94,8197
Jayce,,Sion,-1.36,12043
Jayce,,Olaf,-1.19,13416
Jayce,,Sett,0.09,18769
Jayce,,Naafiri,-0.60,1487
Jayce,,Warwick,0.50,4025
Jayce,,Rammus,-4.43,278
Jayce,,Tryndamere,-0.43,15128
Jayce,,Mordekaiser,0.62,26870
Jayce,,Teemo,0.90,22531
Jayce,,Pantheon,-1.23,12188
Jayce,,Malzahar,-0.47,2304
Jayce,,Zaahen,-0.80,9565
Jayce,,Zoe,-0.05,361
Jayce,,Camille,-1.72,8050
Jayce,,Qiyana,-1.63,565
Jayce,,Maokai,-1.32,1734
Jayce,,Katarina,-2.30,339
Jayce,,Aphelios,-4.45,122
Jayce,,Gangplank,-0.08,22089
Jayce,,Fiddlesticks,0.14,1201
Jayce,,Zilean,1.50,844
Jayce,,Nocturne,-0.03,392
Jayce,,Gragas,-1.48,7289
Jayce,,Vladimir,-1.30,4036
Jayce,,Master Yi,-2.68,3441
Jayce,,Diana,-1.96,596
Jayce,,Shen,0.82,9555
Jayce,,LeBlanc,-0.83,359
Jayce,,Fiora,-0.66,10989
Jayce,,Zed,1.64,2251
Jayce,,Brand,0.40,2618
Jayce,,Azir,0.19,375
Jayce,,Lissandra,1.71,1128
Jayce,,Kassadin,1.77,345
Jayce,,Singed,3.17,7541
Jayce,,Anivia,1.60,2626
Jayce,,Shyvana,-2.62,734
Jayce,,Kayle,2.17,7108
Jayce,,Talon,-2.97,241
Jayce,,Aatrox,0.51,31093
Jayce,,Yasuo,-0.57,17020
Jayce,,Renekton,1.29,17830
Jayce,,Ziggs,-1.41,213
Jayce,,Elise,0.58,268
Jayce,,Senna,-1.07,338
Jayce,,Heimerdinger,2.20,6833
Jayce,,Jax,1.50,21316
Jayce,,Rengar,-4.25,1599
Jayce,,Vex,1.76,228
Jayce,,Viego,-1.39,582
Jayce,,Yone,1.83,34666
Jayce,,Lux,0.79,337
Jayce,,Ambessa,0.36,15743
Jayce,,Akali,1.26,11512
Jayce,,Kennen,1.27,6544
Jayce,,Sylas,1.84,4291
Jayce,,Trundle,1.62,4660
Jayce,,Bel'Veth,-5.32,232
Jayce,,Draven,-0.62,689
Jayce,,Vi,-1.88,568
Jayce,,Viktor,3.16,1226
Jayce,,Darius,1.95,26559
Jayce,,Rumble,0.36,7752
Jayce,,Jarvan IV,-2.89,440
Jayce,,Ekko,0.74,605
Jayce,,Gwen,1.69,5768
Jayce,,Gnar,1.48,16530
Jayce,,Volibear,3.01,8496
Jayce,,Kog'Maw,2.97,530
Jayce,,Locke,-1.60,2398
Jayce,,Aurora,2.15,1566
Jayce,,Varus,0.98,3422
Jayce,,Riven,0.86,7495
Jayce,,Jhin,0.12,594
Jayce,,Graves,0.04,1016
Jayce,,Vayne,2.55,13529
Jayce,,Cassiopeia,2.87,1788
Jayce,,K'Sante,-0.02,14636
Jayce,,Morgana,3.29,500
Jayce,,Fizz,2.48,602
Jayce,,Zeri,1.01,159
Jayce,,Kai'Sa,0.96,835
Jayce,,Swain,3.49,2663
Jayce,,Twisted Fate,1.89,864
Jayce,,Shaco,0.65,569
Jayce,,Twitch,-2.92,119
Jayce,,Ivern,1.40,302
Jayce,,Annie,6.18,299
Jayce,,Karma,2.98,601
Jayce,,Tristana,1.50,1119
Jayce,,Kalista,3.75,1298
Jayce,,Corki,1.11,510
Jayce,,Caitlyn,1.23,1142
Jayce,,Nautilus,1.20,338
Jayce,,Neeko,5.25,283
Jayce,,Kayn,3.97,1192
Jayce,,Ryze,4.49,2600
Jayce,,Lee Sin,-0.33,1164
Jayce,,Udyr,4.29,1298
Jayce,,Amumu,-3.51,107
Jayce,,Alistar,1.67,368
Jayce,,Miss Fortune,-0.57,209
Jayce,,Aurelion Sol,8.52,392
Jayce,,Taliyah,7.70,105
Jayce,,Ashe,3.03,689
Jayce,,Ezreal,-0.18,706
Jayce,,Skarner,2.60,730
Jayce,,Lulu,1.07,209
Jayce,,Lucian,0.32,1057
Jayce,,Orianna,5.70,113
Jayce,,Nidalee,1.43,377
Jayce,,Smolder,4.66,1568
Jayce,,Soraka,5.92,129
Jayce,,Thresh,0.80,121
Jayce,,Lillia,8.62,233
Jhin,,Briar,-4.10,663
Jhin,,Shen,-3.62,377
Jhin,,Fiora,-2.09,1025
Jhin,,Tahm Kench,-0.86,3318
Jhin,,Karthus,-0.46,5971
Jhin,,Katarina,-1.55,10730
Jhin,,Yasuo,-2.85,30443
Jhin,,Gwen,-1.37,946
Jhin,,Aurelion Sol,-0.67,7604
Jhin,,Mordekaiser,-4.31,775
Jhin,,Wukong,-4.76,336
Jhin,,Swain,-0.21,16167
Jhin,,Veigar,0.54,36949
Jhin,,Seraphine,0.36,39517
Jhin,,Kog'Maw,-0.64,26971
Jhin,,Viego,-1.30,3297
Jhin,,Lux,-0.03,18144
Jhin,,Nilah,0.14,16652
Jhin,,Master Yi,0.04,1794
Jhin,,Riven,-2.87,581
Jhin,,Zyra,-1.08,2219
Jhin,,Twitch,-1.20,88163
Jhin,,Heimerdinger,0.94,3027
Jhin,,Malzahar,-0.77,8589
Jhin,,Senna,-0.26,38023
Jhin,,Brand,0.61,16003
Jhin,,Zeri,-0.57,39018
Jhin,,Zaahen,-5.07,206
Jhin,,Rumble,-6.74,135
Jhin,,Tristana,-1.06,150780
Jhin,,Vayne,-1.39,94163
Jhin,,Irelia,-2.72,2383
Jhin,,Jinx,0.12,213230
Jhin,,Naafiri,-0.72,1491
Jhin,,Hwei,1.48,18311
Jhin,,Samira,-1.03,88640
Jhin,,Yone,-1.42,4714
Jhin,,Zilean,-2.61,531
Jhin,,Kai'Sa,-1.48,304219
Jhin,,Ziggs,0.89,78251
Jhin,,Vladimir,0.63,7106
Jhin,,Smolder,0.67,84087
Jhin,,Olaf,1.56,985
Jhin,,Xerath,1.51,45657
Jhin,,Singed,1.28,841
Jhin,,Qiyana,-2.41,414
Jhin,,Fizz,-0.64,984
Jhin,,Sion,-1.29,1478
Jhin,,Viktor,1.31,45009
Jhin,,Sivir,-0.17,55856
Jhin,,Vel'Koz,1.82,9602
Jhin,,Teemo,1.44,5437
Jhin,,Graves,-2.45,852
Jhin,,Miss Fortune,0.69,288098
Jhin,,Ekko,-0.65,1176
Jhin,,Ashe,-0.13,150232
Jhin,,Xayah,1.33,52974
Jhin,,Aphelios,0.08,61744
Jhin,,Ahri,0.72,2486
Jhin,,Ryze,-1.34,1233
Jhin,,Kalista,-0.94,25249
Jhin,,Yunara,-0.37,81564
Jhin,,Akshan,-0.98,2319
Jhin,,Xin Zhao,-2.91,448
Jhin,,Cho'Gath,-2.54,1328
Jhin,,Quinn,-0.42,1390
Jhin,,Talon,-4.00,193
Jhin,,Sett,2.13,825
Jhin,,Garen,-2.50,624
Jhin,,Syndra,1.07,37982
Jhin,,Caitlyn,0.65,434307
Jhin,,Draven,0.19,53713
Jhin,,Karma,-5.66,290
Jhin,,Anivia,0.16,2095
Jhin,,Yorick,-1.33,463
Jhin,,Aurora,-0.06,1422
Jhin,,Diana,-2.35,700
Jhin,,Pantheon,-1.83,1284
Jhin,,Kindred,-2.09,857
Jhin,,Corki,0.32,19820
Jhin,,Lucian,0.01,122009
Jhin,,Cassiopeia,0.19,5631
Jhin,,Locke,-1.13,3283
Jhin,,Azir,-3.34,877
Jhin,,Twisted Fate,-1.07,2955
Jhin,,Fiddlesticks,-0.82,186
Jhin,,Dr. Mundo,0.55,642
Jhin,,Zed,1.20,1485
Jhin,,Lissandra,0.15,1248
Jhin,,Sylas,-1.45,3426
Jhin,,Annie,2.05,1147
Jhin,,Kled,1.87,244
Jhin,,Kennen,-1.33,541
Jhin,,Kayn,-1.39,175
Jhin,,Morgana,0.49,1907
Jhin,,Darius,-2.13,712
Jhin,,Taliyah,1.10,3107
Jhin,,Jayce,-0.93,1654
Jhin,,Jarvan IV,-0.47,478
Jhin,,Vi,-2.16,200
Jhin,,Kayle,3.03,644
Jhin,,Trundle,-1.85,271
Jhin,,Orianna,-0.38,1334
Jhin,,Ezreal,0.31,244671
Jhin,,Varus,0.40,46140
Jhin,,Mel,0.94,58907
Jhin,,Nocturne,-1.10,116
Jhin,,Kassadin,-0.35,170
Jhin,,Urgot,1.43,343
Jhin,,Zoe,-0.26,1081
Jhin,,Vex,3.32,1225
Jhin,,Ornn,-0.79,147
Jhin,,Jax,1.49,510
Jhin,,Rengar,-2.47,887
Jhin,,Galio,0.80,437
Jhin,,Aatrox,-1.24,671
Jhin,,Tryndamere,3.14,446
Jhin,,Neeko,0.01,785
Jhin,,Nasus,2.02,543
Jhin,,Akali,-2.88,1287
Jhin,,Lee Sin,-2.67,413
Jhin,,Ambessa,4.93,347
Jhin,,Camille,-1.91,286
Jhin,,Illaoi,0.77,163
Jhin,,Renekton,-0.72,174
Jhin,,Nautilus,-8.90,221
Jhin,,Gangplank,2.35,526
Jhin,,Pyke,1.20,390
Jhin,,Gragas,1.74,215
Jhin,,LeBlanc,1.94,921
Jhin,,Malphite,1.81,726
Jhin,,Volibear,5.00,217
Jhin,,Leona,-6.76,138
Jhin,,Gnar,-0.02,298
Jhin,,Sona,1.33,146
Jhin,,Soraka,1.89,200
Jhin,,Nunu & Willump,-2.75,131
Jhin,,K'Sante,4.23,118
Jhin,,Poppy,-0.83,109
Jhin,,Warwick,6.09,121
Jhin,,Blitzcrank,-4.63,259
Jhin,,Nidalee,3.40,538
Jhin,,Shaco,2.94,184
Jhin,,Thresh,0.83,474
Jhin,,Bard,-1.77,104
Jhin,,Lulu,0.40,172
Jhin,,Alistar,1.71,127
Jinx,,Tahm Kench,-1.68,3157
Jinx,,Seraphine,-1.42,29328
Jinx,,Lux,-1.80,14891
Jinx,,Xerath,-1.96,26300
Jinx,,Olaf,-1.58,810
Jinx,,Hwei,-1.19,14636
Jinx,,Katarina,-1.27,8640
Jinx,,Vel'Koz,-1.36,7005
Jinx,,Twitch,-2.40,85579
Jinx,,Ziggs,-1.59,52131
Jinx,,Veigar,0.01,30982
Jinx,,Gwen,-0.71,704
Jinx,,Sett,-2.20,687
Jinx,,Nasus,-5.80,477
Jinx,,Singed,-1.12,652
Jinx,,Master Yi,-0.67,1494
Jinx,,Swain,0.15,12951
Jinx,,Aurelion Sol,0.54,6009
Jinx,,Zyra,-1.31,1605
Jinx,,Heimerdinger,0.99,2567
Jinx,,Brand,0.59,13518
Jinx,,Viktor,-0.17,31163
Jinx,,Karthus,1.92,4821
Jinx,,Miss Fortune,-0.97,243883
Jinx,,Wukong,-2.77,307
Jinx,,Aurora,-3.08,1026
Jinx,,Nilah,1.27,15313
Jinx,,Senna,0.61,28268
Jinx,,Tristana,-0.72,126247
Jinx,,Kog'Maw,0.99,24374
Jinx,,Yasuo,0.04,22231
Jinx,,Fiddlesticks,-4.30,131
Jinx,,Ekko,-1.71,871
Jinx,,Teemo,0.55,4433
Jinx,,Syndra,-0.84,26246
Jinx,,Vladimir,0.78,5431
Jinx,,Smolder,0.81,71828
Jinx,,Neeko,-5.21,603
Jinx,,Volibear,-3.53,193
Jinx,,Viego,0.89,2087
Jinx,,Riven,-0.88,480
Jinx,,Briar,0.67,616
Jinx,,Zeri,0.84,35736
Jinx,,Ashe,-0.37,133304
Jinx,,Ahri,0.22,1905
Jinx,,Yone,-0.29,3419
Jinx,,Fizz,0.06,794
Jinx,,Xin Zhao,-3.51,353
Jinx,,Jhin,-0.13,213230
Jinx,,Vayne,0.33,83081
Jinx,,Tryndamere,-1.09,315
Jinx,,Rumble,-4.77,110
Jinx,,Caitlyn,-0.11,339942
Jinx,,Xayah,1.51,48517
Jinx,,Aphelios,0.25,57107
Jinx,,Draven,-0.45,44316
Jinx,,Sivir,0.99,45636
Jinx,,Kayle,0.40,569
Jinx,,Fiora,3.06,793
Jinx,,Akshan,-0.57,1760
Jinx,,Shen,2.26,372
Jinx,,Yunara,0.36,76905
Jinx,,Kai'Sa,0.99,247829
Jinx,,Anivia,0.17,1603
Jinx,,Ambessa,0.22,291
Jinx,,Locke,-1.56,2584
Jinx,,Kindred,-2.18,778
Jinx,,Corki,0.22,14624
Jinx,,Vex,0.89,968
Jinx,,Samira,1.88,78221
Jinx,,Mel,-0.98,44904
Jinx,,Irelia,0.54,1623
Jinx,,Lucian,0.45,91823
Jinx,,Sion,1.41,1328
Jinx,,Kalista,0.76,21059
Jinx,,Morgana,-0.17,1454
Jinx,,Orianna,-1.58,928
Jinx,,Quinn,0.94,1230
Jinx,,Naafiri,2.78,1160
Jinx,,Ezreal,-0.79,157968
Jinx,,Kennen,-1.57,478
Jinx,,Diana,-1.35,513
Jinx,,Malzahar,3.97,6670
Jinx,,Kled,1.86,216
Jinx,,Annie,2.17,944
Jinx,,Ornn,-1.94,140
Jinx,,Karma,-4.01,241
Jinx,,Lissandra,0.68,1015
Jinx,,Varus,-0.13,36006
Jinx,,Zed,1.85,975
Jinx,,Graves,1.02,746
Jinx,,Zoe,-0.75,811
Jinx,,Cassiopeia,2.04,4188
Jinx,,Mordekaiser,3.09,656
Jinx,,Urgot,1.27,366
Jinx,,Vi,-1.63,172
Jinx,,Ryze,2.11,876
Jinx,,Taliyah,2.20,1966
Jinx,,Qiyana,2.72,272
Jinx,,Twisted Fate,1.14,2321
Jinx,,Zaahen,1.20,182
Jinx,,Jarvan IV,1.00,303
Jinx,,Cho'Gath,1.55,1074
Jinx,,Azir,-0.51,702
Jinx,,Yorick,2.21,404
Jinx,,Jax,2.31,434
Jinx,,LeBlanc,-0.57,644
Jinx,,Garen,1.82,498
Jinx,,Malphite,-0.46,575
Jinx,,Gangplank,0.66,412
Jinx,,Sylas,1.66,2031
Jinx,,Lee Sin,-2.32,318
Jinx,,Shaco,-6.11,173
Jinx,,Darius,0.70,579
Jinx,,Kassadin,1.84,148
Jinx,,Kayn,1.88,139
Jinx,,Zilean,4.64,450
Jinx,,Nidalee,-3.25,432
Jinx,,Gragas,1.16,204
Jinx,,Rengar,0.23,680
Jinx,,Nunu & Willump,-4.80,110
Jinx,,Pantheon,4.26,932
Jinx,,Sona,-0.11,115
Jinx,,Soraka,0.40,147
Jinx,,Aatrox,2.18,434
Jinx,,Akali,0.62,887
Jinx,,Jayce,4.24,1161
Jinx,,K'Sante,2.17,102
Jinx,,Trundle,3.12,209
Jinx,,Pyke,2.26,282
Jinx,,Dr. Mundo,6.96,514
Jinx,,Renekton,1.14,139
Jinx,,Illaoi,3.16,152
Jinx,,Galio,5.69,302
Jinx,,Talon,5.57,166
Jinx,,Blitzcrank,-6.55,235
Jinx,,Gnar,2.84,275
Jinx,,Nautilus,-2.77,167
Jinx,,Thresh,-1.33,360
Jinx,,Leona,-0.71,122
Jinx,,Camille,6.52,265
Jinx,,Alistar,-0.33,128
Jinx,,Lulu,1.01,129
K'Sante,,Hwei,-6.48,220
K'Sante,,Kayle,-5.58,8822
K'Sante,,Veigar,-5.22,557
K'Sante,,Zilean,-3.68,558
K'Sante,,Singed,-2.60,6813
K'Sante,,Senna,-7.45,289
K'Sante,,Garen,-3.30,28340
K'Sante,,Syndra,-2.39,190
K'Sante,,Illaoi,-2.33,11594
K'Sante,,Zed,-2.27,1087
K'Sante,,Yorick,-1.82,11991
K'Sante,,Zeri,-6.52,117
K'Sante,,Kalista,-4.96,593
K'Sante,,Poppy,-3.02,4148
K'Sante,,Ahri,-0.74,387
K'Sante,,Vayne,-4.30,16161
K'Sante,,Rek'Sai,-1.95,263
K'Sante,,Lux,-4.14,172
K'Sante,,Nocturne,-2.69,303
K'Sante,,Lissandra,-1.42,685
K'Sante,,Heimerdinger,-1.63,4797
K'Sante,,LeBlanc,-3.32,186
K'Sante,,Naafiri,-1.60,863
K'Sante,,Fiora,-2.89,11074
K'Sante,,Karthus,-4.07,221
K'Sante,,Teemo,-0.04,13077
K'Sante,,Malzahar,-1.47,1536
K'Sante,,Wukong,-0.43,2239
K'Sante,,Shen,-0.88,9993
K'Sante,,Smolder,-5.88,1714
K'Sante,,Quinn,-1.31,1614
K'Sante,,Urgot,0.03,7124
K'Sante,,Annie,-0.36,188
K'Sante,,Fiddlesticks,-0.95,836
K'Sante,,Brand,-1.15,1102
K'Sante,,Swain,-2.04,2083
K'Sante,,Zaahen,-0.96,8839
K'Sante,,Darius,-1.86,24805
K'Sante,,Ekko,-3.05,392
K'Sante,,Qiyana,-1.71,279
K'Sante,,Yone,-0.59,26991
K'Sante,,Udyr,-2.81,1294
K'Sante,,Kai'Sa,-4.23,632
K'Sante,,Renekton,-0.42,15177
K'Sante,,Pantheon,-0.94,8550
K'Sante,,Ambessa,-2.19,11023
K'Sante,,Katarina,-2.15,209
K'Sante,,Kayn,-2.58,1211
K'Sante,,Ashe,-5.40,463
K'Sante,,Mordekaiser,1.40,33474
K'Sante,,Kled,1.09,4328
K'Sante,,Talon,-4.14,138
K'Sante,,Viktor,0.52,622
K'Sante,,Aurelion Sol,0.75,365
K'Sante,,Tryndamere,0.89,10413
K'Sante,,Gwen,-1.10,8809
K'Sante,,Trundle,-0.35,5212
K'Sante,,Warwick,2.07,4018
K'Sante,,Ivern,-3.27,192
K'Sante,,Corki,-4.08,295
K'Sante,,Anivia,1.38,1450
K'Sante,,Camille,-0.39,5583
K'Sante,,Gnar,-0.90,11801
K'Sante,,Sett,2.19,21556
K'Sante,,Kassadin,1.97,276
K'Sante,,Nautilus,-4.00,231
K'Sante,,Riven,-1.64,6458
K'Sante,,Ornn,2.15,7815
K'Sante,,Malphite,2.18,14106
K'Sante,,Cassiopeia,-0.09,1032
K'Sante,,Olaf,1.27,7664
K'Sante,,Neeko,0.20,217
K'Sante,,Yasuo,-0.41,9618
K'Sante,,Nasus,3.34,16164
K'Sante,,Kennen,0.34,2842
K'Sante,,Briar,1.99,873
K'Sante,,Tristana,-2.74,495
K'Sante,,Xin Zhao,0.22,888
K'Sante,,Akshan,0.90,317
K'Sante,,Aatrox,0.98,20082
K'Sante,,Aurora,0.31,967
K'Sante,,Twisted Fate,-1.22,740
K'Sante,,Gangplank,1.63,13709
K'Sante,,Dr. Mundo,3.05,11262
K'Sante,,Vladimir,0.53,2287
K'Sante,,Tahm Kench,2.17,5646
K'Sante,,Zac,3.83,1363
K'Sante,,Morgana,1.11,359
K'Sante,,Cho'Gath,1.58,6156
K'Sante,,Volibear,1.90,10649
K'Sante,,Varus,-0.21,2449
K'Sante,,Master Yi,-0.36,2013
K'Sante,,Rumble,-0.13,5336
K'Sante,,Sion,2.52,7269
K'Sante,,Elise,1.97,179
K'Sante,,Jhin,-0.64,360
K'Sante,,Karma,0.16,325
K'Sante,,Jayce,0.01,14636
K'Sante,,Jax,3.01,17945
K'Sante,,Akali,2.12,6176
K'Sante,,Ryze,1.22,1427
K'Sante,,Jarvan IV,-2.93,180
K'Sante,,Gragas,1.62,4381
K'Sante,,Irelia,2.66,9294
K'Sante,,Azir,2.97,252
K'Sante,,Graves,-0.34,587
K'Sante,,Lillia,-1.16,261
K'Sante,,Viego,0.55,435
K'Sante,,Zoe,4.21,202
K'Sante,,Draven,0.84,241
K'Sante,,Maokai,3.31,1522
K'Sante,,Locke,-0.61,1369
K'Sante,,Fizz,2.46,293
K'Sante,,Vel'Koz,5.60,286
K'Sante,,Kog'Maw,4.27,393
K'Sante,,Ezreal,-3.64,316
K'Sante,,Sejuani,4.68,639
K'Sante,,Caitlyn,0.22,540
K'Sante,,Rammus,1.83,200
K'Sante,,Shaco,0.99,478
K'Sante,,Sylas,4.75,2348
K'Sante,,Bel'Veth,-2.36,201
K'Sante,,Alistar,0.19,225
K'Sante,,Nidalee,-1.58,211
K'Sante,,Shyvana,2.72,633
K'Sante,,Ziggs,4.32,108
K'Sante,,Vex,8.08,108
K'Sante,,Diana,5.76,255
K'Sante,,Lulu,1.11,118
K'Sante,,Lucian,0.30,261
K'Sante,,Lee Sin,1.91,649
K'Sante,,Galio,8.15,432
K'Sante,,Mel,3.91,189
K'Sante,,Rengar,4.11,1118
K'Sante,,Vi,5.91,341
K'Sante,,Soraka,6.71,118
K'Sante,,Skarner,6.13,629
Kai'Sa,,Heimerdinger,-3.57,3250
Kai'Sa,,Karthus,-1.89,6882
Kai'Sa,,Nilah,-2.56,22070
Kai'Sa,,Kayle,-5.30,647
Kai'Sa,,Naafiri,-3.77,1648
Kai'Sa,,Swain,-0.92,20859
Kai'Sa,,Kog'Maw,-1.76,31602
Kai'Sa,,Gwen,-1.05,996
Kai'Sa,,Veigar,-0.09,38672
Kai'Sa,,Teemo,-1.39,6276
Kai'Sa,,Seraphine,0.26,40890
Kai'Sa,,Xayah,-1.70,119889
Kai'Sa,,Master Yi,-0.17,2285
Kai'Sa,,Jinx,-1.00,247829
Kai'Sa,,Annie,-3.03,1309
Kai'Sa,,Vladimir,-0.76,9503
Kai'Sa,,Hwei,0.40,21024
Kai'Sa,,Samira,-2.02,104702
Kai'Sa,,Zeri,-1.08,57686
Kai'Sa,,Aphelios,-2.39,83873
Kai'Sa,,Malzahar,-0.74,9013
Kai'Sa,,Aurelion Sol,1.24,8500
Kai'Sa,,Brand,0.76,16309
Kai'Sa,,Senna,0.03,38449
Kai'Sa,,Smolder,-0.07,86412
Kai'Sa,,Tahm Kench,1.91,3749
Kai'Sa,,Kled,-2.19,292
Kai'Sa,,Viktor,0.63,58015
Kai'Sa,,Katarina,1.28,12033
Kai'Sa,,Miss Fortune,-0.43,257740
Kai'Sa,,Zyra,0.14,2286
Kai'Sa,,Lux,1.46,18053
Kai'Sa,,Vel'Koz,1.21,10136
Kai'Sa,,Briar,0.05,762
Kai'Sa,,Ashe,-0.97,160344
Kai'Sa,,Draven,-1.77,52389
Kai'Sa,,Zed,-1.89,1839
Kai'Sa,,Fizz,-0.58,1140
Kai'Sa,,Sett,0.51,954
Kai'Sa,,Tristana,-0.07,155812
Kai'Sa,,Vayne,-0.33,113745
Kai'Sa,,Yunara,-1.31,126599
Kai'Sa,,Cassiopeia,-1.88,7730
Kai'Sa,,Sivir,0.03,70592
Kai'Sa,,Urgot,-2.70,419
Kai'Sa,,Twitch,0.96,88805
Kai'Sa,,Caitlyn,-0.41,350457
Kai'Sa,,Yasuo,1.46,36640
Kai'Sa,,Fiora,2.56,1478
Kai'Sa,,Graves,-1.73,975
Kai'Sa,,Corki,-0.66,28028
Kai'Sa,,Ekko,0.04,1417
Kai'Sa,,Riven,0.31,623
Kai'Sa,,Ziggs,2.68,86896
Kai'Sa,,Viego,2.16,5793
Kai'Sa,,Olaf,3.38,1294
Kai'Sa,,Jax,-1.78,556
Kai'Sa,,Neeko,-3.60,732
Kai'Sa,,Xerath,3.31,56399
Kai'Sa,,Syndra,1.02,46561
Kai'Sa,,Lucian,-0.56,169825
Kai'Sa,,Ahri,1.54,2725
Kai'Sa,,Morgana,-1.15,1827
Kai'Sa,,Kalista,-0.17,31797
Kai'Sa,,Sion,0.60,2009
Kai'Sa,,Kayn,-2.71,176
Kai'Sa,,Nasus,-0.92,741
Kai'Sa,,Jhin,1.47,304219
Kai'Sa,,Shen,3.05,455
Kai'Sa,,Mordekaiser,1.42,865
Kai'Sa,,Volibear,-0.69,222
Kai'Sa,,Vex,1.55,1314
Kai'Sa,,Zilean,0.76,567
Kai'Sa,,Varus,-0.97,49632
Kai'Sa,,Maokai,-7.67,106
Kai'Sa,,Taliyah,0.33,4160
Kai'Sa,,Xin Zhao,-1.08,577
Kai'Sa,,Singed,4.61,1178
Kai'Sa,,Quinn,1.42,1256
Kai'Sa,,Akshan,1.08,2349
Kai'Sa,,Anivia,1.54,2443
Kai'Sa,,Yone,2.61,6434
Kai'Sa,,Twisted Fate,-0.44,3390
Kai'Sa,,Pantheon,-0.42,1281
Kai'Sa,,Lissandra,0.69,1515
Kai'Sa,,Jayce,-0.85,2094
Kai'Sa,,Dr. Mundo,1.49,930
Kai'Sa,,Aurora,2.02,1497
Kai'Sa,,Locke,0.56,3738
Kai'Sa,,Ryze,1.90,1562
Kai'Sa,,Soraka,-3.58,219
Kai'Sa,,Gangplank,-1.03,607
Kai'Sa,,Yorick,1.23,494
Kai'Sa,,Mel,1.35,62926
Kai'Sa,,Ezreal,1.11,331870
Kai'Sa,,Wukong,3.20,402
Kai'Sa,,Lee Sin,-3.52,494
Kai'Sa,,Garen,1.07,669
Kai'Sa,,Talon,-0.12,275
Kai'Sa,,Sylas,0.90,4632
Kai'Sa,,Vi,-0.36,245
Kai'Sa,,Malphite,-0.45,679
Kai'Sa,,Cho'Gath,2.15,1753
Kai'Sa,,Irelia,4.31,3018
Kai'Sa,,Kindred,2.10,904
Kai'Sa,,Zoe,1.74,1282
Kai'Sa,,Orianna,2.23,1594
Kai'Sa,,Kennen,1.99,578
Kai'Sa,,Karma,-0.75,326
Kai'Sa,,Aatrox,0.71,935
Kai'Sa,,Zac,2.35,107
Kai'Sa,,Diana,2.59,727
Kai'Sa,,Illaoi,1.00,175
Kai'Sa,,Tryndamere,5.58,440
Kai'Sa,,Trundle,1.72,265
Kai'Sa,,Darius,2.04,728
Kai'Sa,,Pyke,1.17,461
Kai'Sa,,Jarvan IV,4.03,478
Kai'Sa,,Qiyana,6.26,507
Kai'Sa,,Azir,2.78,1154
Kai'Sa,,Galio,4.84,523
Kai'Sa,,Sona,0.77,158
Kai'Sa,,Rengar,1.94,1096
Kai'Sa,,LeBlanc,3.09,932
Kai'Sa,,Gragas,3.10,248
Kai'Sa,,Ambessa,7.97,413
Kai'Sa,,Renekton,1.36,248
Kai'Sa,,Akali,1.89,1774
Kai'Sa,,Camille,1.60,396
Kai'Sa,,Ornn,5.02,180
Kai'Sa,,Nami,0.35,109
Kai'Sa,,Nidalee,0.52,518
Kai'Sa,,Warwick,4.03,112
Kai'Sa,,Lulu,-6.05,131
Kai'Sa,,Fiddlesticks,7.88,163
Kai'Sa,,Kassadin,7.44,214
Kai'Sa,,Gnar,3.05,326
Kai'Sa,,Ivern,3.15,117
Kai'Sa,,Nocturne,7.21,133
Kai'Sa,,Rumble,7.37,177
Kai'Sa,,K'Sante,6.52,178
Kai'Sa,,Shaco,0.76,210
Kai'Sa,,Zaahen,10.28,267
Kai'Sa,,Thresh,1.25,452
Kai'Sa,,Blitzcrank,-1.01,280
Kai'Sa,,Leona,1.80,140
Kai'Sa,,Poppy,6.18,117
Kai'Sa,,Nunu & Willump,6.47,134
Kai'Sa,,Alistar,3.97,150
Kai'Sa,,Nautilus,4.89,215
Kalista,,Teemo,-4.48,487
Kalista,,Quinn,-6.74,116
Kalista,,Nilah,-1.40,1808
Kalista,,Kog'Maw,-1.69,2908
Kalista,,Vex,-4.33,196
Kalista,,Veigar,-0.05,3511
Kalista,,Tristana,-2.72,14231
Kalista,,Lux,-0.26,1805
Kalista,,Annie,-3.10,115
Kalista,,Heimerdinger,0.76,288
Kalista,,Miss Fortune,-1.64,24086
Kalista,,Jinx,-0.78,21059
Kalista,,Seraphine,0.97,3706
Kalista,,Yunara,-3.01,8863
Kalista,,Brand,0.81,1596
Kalista,,Draven,-2.95,5497
Kalista,,Vayne,-1.76,9734
Kalista,,Twitch,-0.68,8448
Kalista,,Hwei,0.91,1804
Kalista,,Xayah,-0.65,6242
Kalista,,Smolder,-0.05,8240
Kalista,,Vel'Koz,0.74,901
Kalista,,Lissandra,-3.87,119
Kalista,,Aphelios,-1.69,5955
Kalista,,Aurelion Sol,1.83,738
Kalista,,Pantheon,-4.58,135
Kalista,,Katarina,1.36,1127
Kalista,,Senna,0.87,3589
Kalista,,Master Yi,1.49,189
Kalista,,Ashe,-1.03,15868
Kalista,,Caitlyn,-1.04,30437
Kalista,,Swain,2.57,1704
Kalista,,Malzahar,1.01,841
Kalista,,Samira,-0.17,9346
Kalista,,Vladimir,1.39,759
Kalista,,Zyra,1.19,196
Kalista,,Sivir,0.38,6064
Kalista,,Viktor,2.00,4508
Kalista,,Kai'Sa,0.17,31797
Kalista,,Ziggs,2.52,6836
Kalista,,Zeri,1.94,4413
Kalista,,Viego,2.26,374
Kalista,,Ryze,-0.77,127
Kalista,,Karthus,4.78,752
Kalista,,Jhin,0.91,25249
Kalista,,Cassiopeia,-0.12,698
Kalista,,Lucian,0.04,12775
Kalista,,Aurora,0.27,135
Kalista,,Varus,-1.31,4425
Kalista,,Xerath,4.34,4393
Kalista,,Naafiri,2.58,158
Kalista,,Irelia,0.72,229
Kalista,,Taliyah,0.44,660
Kalista,,Twisted Fate,-0.88,278
Kalista,,Corki,1.24,2262
Kalista,,Syndra,2.64,3562
Kalista,,Olaf,5.37,134
Kalista,,Fiora,5.33,116
Kalista,,Yasuo,4.54,3113
Kalista,,Ahri,4.22,244
Kalista,,Zed,3.27,145
Kalista,,Rengar,-2.11,109
Kalista,,Akshan,3.62,210
Kalista,,Ezreal,2.01,23498
Kalista,,Locke,2.36,326
Kalista,,Mel,2.89,5640
Kalista,,Anivia,4.99,217
Kalista,,Darius,1.21,100
Kalista,,Orianna,2.66,129
Kalista,,Cho'Gath,3.41,141
Kalista,,Akali,-0.83,130
Kalista,,Yone,6.68,429
Kalista,,Jayce,3.35,141
Kalista,,Tahm Kench,11.02,373
Kalista,,Sylas,4.05,344
Kalista,,Ekko,8.83,124
Kalista,,Morgana,7.48,166
Kalista,,Fizz,11.98,109
Kalista,,Sion,11.33,155
Karma,,Rammus,-4.07,513
Karma,,Maokai,-1.89,8302
Karma,,Aurelion Sol,-4.95,427
Karma,,Sona,-0.76,14324
Karma,,Nautilus,-2.38,49911
Karma,,Amumu,-0.69,2609
Karma,,Thresh,-0.98,56647
Karma,,Rakan,-1.41,12745
Karma,,Taric,0.87,5050
Karma,,Rell,-0.17,14035
Karma,,Braum,-0.61,14011
Karma,,Leona,0.17,34909
Karma,,Blitzcrank,-1.40,26760
Karma,,Nami,-0.39,39073
Karma,,Soraka,-0.13,19978
Karma,,Senna,-0.57,30667
Karma,,Galio,-0.27,5721
Karma,,Poppy,0.68,10724
Karma,,Fiddlesticks,-0.97,2411
Karma,,Janna,0.54,13245
Karma,,Zilean,0.39,13320
Karma,,Zyra,0.40,16688
Karma,,Seraphine,0.12,57956
Karma,,Tahm Kench,-0.56,13470
Karma,,Milio,1.01,24784
Karma,,Kayle,-3.57,256
Karma,,Twisted Fate,-1.38,1119
Karma,,Pyke,-1.45,31008
Karma,,Lulu,-0.23,39121
Karma,,Skarner,-2.24,1176
Karma,,Sion,-0.11,1380
Karma,,Shen,0.48,7378
Karma,,Bard,-0.89,20936
Karma,,Alistar,1.11,13487
Karma,,Annie,0.55,1399
Karma,,Malzahar,-2.58,865
Karma,,LeBlanc,0.56,3830
Karma,,Quinn,-0.38,370
Karma,,Yuumi,-2.03,21532
Karma,,Morgana,1.76,37551
Karma,,Vel'Koz,1.73,16338
Karma,,Lux,1.07,61215
Karma,,Shaco,1.13,7683
Karma,,Nidalee,-0.99,1154
Karma,,Zoe,-1.27,3355
Karma,,Pantheon,0.67,22029
Karma,,Brand,2.00,19490
Karma,,Sylas,0.14,7420
Karma,,Teemo,2.41,4200
Karma,,Renata Glasc,2.01,3663
Karma,,Xerath,2.23,18769
Karma,,Lee Sin,-4.19,1426
Karma,,Aatrox,-4.95,367
Karma,,Sejuani,0.45,420
Karma,,Evelynn,1.07,206
Karma,,Camille,-0.17,24769
Karma,,Vi,-0.70,1151
Karma,,Jarvan IV,0.85,2128
Karma,,Malphite,-0.48,4057
Karma,,Heimerdinger,0.81,1101
Karma,,Neeko,0.09,9688
Karma,,Ivern,-0.06,816
Karma,,Gragas,0.34,997
Karma,,Jax,-0.44,680
Karma,,Trundle,-1.30,463
Karma,,Hwei,2.76,3367
Karma,,Elise,2.96,2172
Karma,,Nunu & Willump,-1.00,762
Karma,,Lissandra,0.91,1068
Karma,,Zac,2.21,1344
Karma,,Zed,-2.81,685
Karma,,Master Yi,-0.32,422
Karma,,Ornn,-0.47,378
Karma,,Singed,0.36,669
Karma,,Syndra,1.88,1193
Karma,,Fizz,1.52,535
Karma,,Swain,2.58,19134
Karma,,Ziggs,1.20,1488
Karma,,Veigar,1.75,3884
Karma,,Rek'Sai,1.70,141
Karma,,Orianna,-2.02,374
Karma,,Cho'Gath,1.08,1126
Karma,,Anivia,1.91,2301
Karma,,Kog'Maw,1.84,236
Karma,,Urgot,-1.19,129
Karma,,Ekko,1.91,455
Karma,,Kled,1.02,180
Karma,,Viego,-0.50,237
Karma,,Ashe,0.78,5382
Karma,,Briar,0.67,492
Karma,,Xin Zhao,0.72,292
Karma,,Volibear,-2.03,199
Karma,,Viktor,0.78,298
Karma,,Sett,2.75,1056
Karma,,K'Sante,-1.47,242
Karma,,Qiyana,2.59,458
Karma,,Rengar,-0.33,532
Karma,,Ahri,3.46,822
Karma,,Dr. Mundo,2.71,335
Karma,,Locke,1.52,810
Karma,,Taliyah,4.21,513
Karma,,Aurora,-0.33,163
Karma,,Kennen,5.32,386
Karma,,Jhin,-0.58,740
Karma,,Rumble,1.84,226
Karma,,Wukong,5.37,417
Karma,,Mel,1.59,14599
Karma,,Diana,1.99,200
Karma,,Vex,5.60,527
Karma,,Jayce,4.26,442
Karma,,Miss Fortune,1.86,2023
Karma,,Twitch,2.77,2235
Karma,,Yone,-1.18,314
Karma,,Ezreal,1.63,1368
Karma,,Caitlyn,-2.25,356
Karma,,Akali,0.98,175
Karma,,Katarina,2.69,307
Karma,,Cassiopeia,4.26,135
Karma,,Kai'Sa,0.67,241
Karma,,Zaahen,6.68,200
Karma,,Naafiri,3.83,293
Karma,,Riven,1.48,117
Karma,,Yorick,4.82,190
Karma,,Yasuo,2.52,534
Karma,,Illaoi,2.99,140
Karma,,Mordekaiser,4.96,315
Karma,,Karthus,8.03,274
Karma,,Nasus,5.64,401
Karma,,Vayne,2.21,155
Karma,,Tristana,-0.26,115
Karma,,Warwick,8.12,114
Karma,,Darius,8.03,307
Karma,,Varus,4.93,223
Karma,,Akshan,7.41,192
Karma,,Garen,7.06,205
Karma,,Tryndamere,8.43,107
Karma,,Jinx,6.85,111
Karthus,,Aatrox,-5.24,1263
Karthus,,Mordekaiser,-4.02,1025
Karthus,,Sion,-3.66,307
Karthus,,Dr. Mundo,-3.47,1096
Karthus,,Sejuani,-3.09,2379
Karthus,,Udyr,-3.73,2537
Karthus,,Cho'Gath,-2.24,704
Karthus,,Sett,-6.36,137
Karthus,,Ivern,-3.85,1159
Karthus,,Shyvana,-0.67,6641
Karthus,,Bel'Veth,-2.20,4767
Karthus,,Gwen,-3.85,831
Karthus,,Nasus,-1.85,3827
Karthus,,Darius,-2.05,1199
Karthus,,Master Yi,-3.13,10402
Karthus,,Nocturne,-0.98,11657
Karthus,,Xin Zhao,-2.02,4329
Karthus,,Rammus,0.79,2741
Karthus,,Fizz,-1.82,814
Karthus,,Briar,0.58,7943
Karthus,,Volibear,-1.24,1845
Karthus,,Morgana,-1.70,485
Karthus,,Skarner,-3.57,1110
Karthus,,Kayn,-0.60,12602
Karthus,,Trundle,-0.57,1126
Karthus,,Ambessa,-1.91,1001
Karthus,,Garen,-8.27,248
Karthus,,Nunu & Willump,-2.08,2710
Karthus,,Pantheon,-2.41,1374
Karthus,,Tryndamere,0.80,998
Karthus,,Naafiri,-0.97,5675
Karthus,,Lillia,0.59,3812
Karthus,,Zaahen,0.71,568
Karthus,,Warwick,1.69,7569
Karthus,,Evelynn,-0.20,3027
Karthus,,Vayne,-4.67,174
Karthus,,Vi,0.17,6863
Karthus,,Hecarim,-1.60,4130
Karthus,,Ekko,-0.15,4303
Karthus,,Nidalee,-2.42,2466
Karthus,,Diana,-1.59,4468
Karthus,,Aurelion Sol,-4.16,105
Karthus,,Zyra,1.82,1045
Karthus,,Olaf,-0.54,510
Karthus,,Nautilus,-3.78,176
Karthus,,Kindred,-1.22,3165
Karthus,,Teemo,1.43,1787
Karthus,,Graves,0.68,13366
Karthus,,Talon,0.43,4336
Karthus,,Jarvan IV,1.32,6100
Karthus,,Quinn,0.81,1965
Karthus,,Amumu,2.43,4857
Karthus,,Lee Sin,-0.87,13303
Karthus,,Zac,1.44,2738
Karthus,,Viego,1.04,13122
Karthus,,Gragas,0.30,682
Karthus,,Wukong,3.48,6172
Karthus,,Maokai,1.55,636
Karthus,,Fiddlesticks,1.41,2924
Karthus,,Jax,1.76,3831
Karthus,,Sylas,0.76,7916
Karthus,,Elise,1.10,1461
Karthus,,Jayce,-0.11,1513
Karthus,,Shen,2.02,483
Karthus,,Kha'Zix,0.37,6103
Karthus,,Poppy,1.77,644
Karthus,,Singed,0.50,165
Karthus,,Rek'Sai,2.93,986
Karthus,,Yorick,3.44,229
Karthus,,Brand,1.08,390
Karthus,,Neeko,0.98,106
Karthus,,Taliyah,3.38,643
Karthus,,Yone,-2.52,134
Karthus,,Shaco,4.27,9085
Karthus,,Zed,1.48,2784
Karthus,,Camille,0.17,123
Karthus,,Malphite,4.80,1569
Karthus,,Rumble,3.64,107
Karthus,,Riven,1.74,207
Karthus,,Rengar,0.03,4989
Karthus,,Locke,-1.82,2480
Karthus,,Qiyana,1.60,2649
Karthus,,Twitch,-0.96,473
Karthus,,Jhin,4.25,106
Karthus,,Kai'Sa,10.54,125
Kassadin,,Briar,-8.60,645
Kassadin,,Xin Zhao,-9.75,486
Kassadin,,Olaf,-7.64,145
Kassadin,,Zaahen,-9.07,237
Kassadin,,Master Yi,-8.14,433
Kassadin,,Kalista,-6.91,170
Kassadin,,Kled,-3.44,303
Kassadin,,Ornn,-7.34,121
Kassadin,,Sett,-2.91,425
Kassadin,,Tryndamere,-2.55,1079
Kassadin,,Viego,-6.57,380
Kassadin,,Nasus,-2.35,2337
Kassadin,,Garen,-2.99,1385
Kassadin,,Pantheon,-3.95,4161
Kassadin,,Ambessa,-4.43,880
Kassadin,,Quinn,-3.75,791
Kassadin,,Aatrox,-6.61,362
Kassadin,,Tahm Kench,-3.76,235
Kassadin,,Gwen,-2.97,2326
Kassadin,,Illaoi,-2.93,286
Kassadin,,Zilean,-1.93,569
Kassadin,,Heimerdinger,-0.84,1239
Kassadin,,Vi,-5.02,252
Kassadin,,Zed,-4.66,14483
Kassadin,,Yone,-4.05,22191
Kassadin,,Darius,-4.44,327
Kassadin,,Kog'Maw,-2.78,460
Kassadin,,Mordekaiser,-0.19,498
Kassadin,,Riven,-3.09,2102
Kassadin,,Renekton,-1.60,765
Kassadin,,Naafiri,-2.70,6562
Kassadin,,Gangplank,-2.88,1666
Kassadin,,Kayle,-1.16,1115
Kassadin,,Dr. Mundo,-3.54,317
Kassadin,,Jhin,-5.01,548
Kassadin,,Akshan,-3.37,5340
Kassadin,,Urgot,-2.20,200
Kassadin,,Tristana,-4.38,3450
Kassadin,,Cho'Gath,-1.74,1170
Kassadin,,Corki,-7.04,836
Kassadin,,Gragas,-0.18,884
Kassadin,,Singed,3.61,420
Kassadin,,Morgana,-0.68,1317
Kassadin,,Shen,-0.36,228
Kassadin,,Swain,0.32,1678
Kassadin,,Teemo,-0.01,770
Kassadin,,Talon,-2.23,5196
Kassadin,,Yorick,-0.74,449
Kassadin,,Lux,0.36,10414
Kassadin,,Lissandra,-0.43,9230
Kassadin,,Zeri,-3.89,112
Kassadin,,Vex,0.30,7119
Kassadin,,Hwei,-0.19,7652
Kassadin,,Caitlyn,-4.88,753
Kassadin,,Zac,1.80,204
Kassadin,,Galio,-0.84,8168
Kassadin,,Ahri,0.14,22728
Kassadin,,Vayne,-2.10,537
Kassadin,,Malzahar,1.50,18092
Kassadin,,Twitch,-2.80,396
Kassadin,,Zyra,-0.78,395
Kassadin,,Diana,0.32,9212
Kassadin,,Xerath,2.03,9544
Kassadin,,Warwick,0.61,128
Kassadin,,Jarvan IV,-0.44,156
Kassadin,,Vladimir,0.84,10622
Kassadin,,Brand,0.58,2324
Kassadin,,Kennen,1.58,694
Kassadin,,Aurora,-0.89,4064
Kassadin,,Irelia,-0.41,6552
Kassadin,,Annie,0.33,4486
Kassadin,,Veigar,2.07,17621
Kassadin,,K'Sante,-2.32,165
Kassadin,,Rumble,0.65,264
Kassadin,,Twisted Fate,0.73,8266
Kassadin,,Fiora,1.79,198
Kassadin,,Ekko,1.05,7982
Kassadin,,Fizz,2.41,18371
Kassadin,,Aphelios,-2.67,134
Kassadin,,Varus,-3.54,576
Kassadin,,Karthus,0.21,328
Kassadin,,Yasuo,-0.21,22749
Kassadin,,Syndra,1.47,15724
Kassadin,,Sion,2.35,1044
Kassadin,,Viktor,2.05,18125
Kassadin,,Graves,-2.12,229
Kassadin,,Jayce,-1.00,2343
Kassadin,,Anivia,1.02,4876
Kassadin,,Qiyana,-1.89,4724
Kassadin,,Ziggs,1.43,1913
Kassadin,,Sylas,0.47,15889
Kassadin,,Karma,-1.01,337
Kassadin,,Katarina,1.09,20489
Kassadin,,Miss Fortune,-2.44,349
Kassadin,,Neeko,1.89,770
Kassadin,,Cassiopeia,-0.75,3566
Kassadin,,Vel'Koz,2.67,2141
Kassadin,,Lee Sin,-3.25,313
Kassadin,,Taliyah,-0.23,2007
Kassadin,,Aurelion Sol,2.44,4480
Kassadin,,Malphite,3.19,1354
Kassadin,,LeBlanc,1.41,9784
Kassadin,,Ryze,-0.24,5574
Kassadin,,Draven,-0.42,266
Kassadin,,Wukong,3.51,277
Kassadin,,Samira,-2.92,110
Kassadin,,Zoe,1.45,5551
Kassadin,,Smolder,-0.26,1434
Kassadin,,Akali,1.71,14476
Kassadin,,Lucian,-4.24,1090
Kassadin,,Locke,1.59,19264
Kassadin,,Kai'Sa,-0.87,710
Kassadin,,Azir,-0.13,3352
Kassadin,,Jax,3.14,253
Kassadin,,Nunu & Willump,2.04,351
Kassadin,,Seraphine,2.33,528
Kassadin,,Nidalee,0.13,103
Kassadin,,Volibear,3.00,145
Kassadin,,Fiddlesticks,6.18,189
Kassadin,,Orianna,1.14,5235
Kassadin,,Nocturne,6.03,122
Kassadin,,Mel,1.24,6883
Kassadin,,Camille,4.14,205
Kassadin,,Ashe,0.18,316
Kassadin,,Ezreal,-0.49,1133
Kassadin,,Senna,2.12,106
Kassadin,,Kayn,6.36,114
Kassadin,,Pyke,4.15,165
Katarina,,Evelynn,-12.30,135
Katarina,,Singed,-4.39,1421
Katarina,,Shen,-8.04,802
Katarina,,Rek'Sai,-6.24,157
Katarina,,Sejuani,-8.66,349
Katarina,,Briar,-3.93,2310
Katarina,,Tryndamere,-3.89,3415
Katarina,,Warwick,-6.57,424
Katarina,,Mordekaiser,-3.71,2204
Katarina,,Heimerdinger,-3.64,4854
Katarina,,Wukong,-5.93,1071
Katarina,,Zac,-3.86,733
Katarina,,Urgot,-6.20,576
Katarina,,Illaoi,-4.35,776
Katarina,,Sett,-2.46,2000
Katarina,,Garen,-2.48,7695
Katarina,,Fiddlesticks,-2.93,826
Katarina,,Kled,-1.47,759
Katarina,,Nasus,-0.94,7043
Katarina,,Master Yi,-4.96,1429
Katarina,,Olaf,-3.28,381
Katarina,,Cho'Gath,-3.59,4771
Katarina,,Xin Zhao,-3.28,1961
Katarina,,Kennen,-1.98,2849
Katarina,,Fizz,-1.53,52696
Katarina,,Vladimir,-2.41,35443
Katarina,,Diana,-2.79,42817
Katarina,,Malphite,-1.96,7472
Katarina,,Tahm Kench,-1.72,870
Katarina,,Zaahen,-3.59,626
Katarina,,Camille,-4.12,477
Katarina,,Vex,-1.20,35196
Katarina,,Pantheon,-0.79,11882
Katarina,,Galio,-2.46,41203
Katarina,,Gragas,-0.74,3515
Katarina,,Kayle,-0.69,2787
Katarina,,Rumble,-1.66,851
Katarina,,Malzahar,-0.02,56085
Katarina,,Renekton,-0.25,2710
Katarina,,Yorick,-1.36,1484
Katarina,,Quinn,-0.02,2567
Katarina,,Lissandra,-0.91,39121
Katarina,,Lulu,-8.13,273
Katarina,,Sion,0.08,3824
Katarina,,Annie,-1.15,16520
Katarina,,Jax,-1.81,942
Katarina,,Teemo,-0.04,2782
Katarina,,Viktor,-0.10,44650
Katarina,,Yasuo,-2.27,81312
Katarina,,Kassadin,-1.10,20489
Katarina,,Riven,-0.90,6643
Katarina,,Ornn,-2.09,386
Katarina,,Fiora,0.35,522
Katarina,,Morgana,-0.21,4374
Katarina,,Shaco,-5.29,280
Katarina,,Ivern,-3.78,123
Katarina,,Zilean,1.58,1601
Katarina,,Ekko,-0.21,25681
Katarina,,Brand,-0.09,7942
Katarina,,Naafiri,-0.35,19604
Katarina,,Alistar,-7.77,256
Katarina,,Ambessa,0.36,2002
Katarina,,Akali,-1.81,54934
Katarina,,Gwen,1.39,7099
Katarina,,Lux,1.04,36502
Katarina,,Jayce,-2.38,4964
Katarina,,Dr. Mundo,-1.35,1028
Katarina,,Neeko,0.05,2856
Katarina,,Lee Sin,-5.20,961
Katarina,,Sylas,-0.64,53480
Katarina,,Nocturne,1.36,423
Katarina,,Poppy,0.33,173
Katarina,,Zyra,-0.22,1505
Katarina,,Twisted Fate,0.76,24696
Katarina,,Vi,-0.51,803
Katarina,,Kayn,-0.79,353
Katarina,,Aurelion Sol,1.00,11554
Katarina,,Swain,2.28,5258
Katarina,,Ahri,1.24,70366
Katarina,,Irelia,0.27,21957
Katarina,,Tristana,-1.59,5222
Katarina,,Cassiopeia,-1.61,10577
Katarina,,Xerath,3.27,27646
Katarina,,Anivia,1.07,13067
Katarina,,Aphelios,-2.01,372
Katarina,,Kalista,1.58,482
Katarina,,LeBlanc,0.37,27846
Katarina,,Samira,-4.17,340
Katarina,,Ziggs,1.61,6372
Katarina,,Talon,0.38,14099
Katarina,,Trundle,-0.23,292
Katarina,,Corki,-3.66,1573
Katarina,,Gangplank,1.48,4949
Katarina,,Yone,1.37,60685
Katarina,,Akshan,0.64,15239
Katarina,,Ryze,-0.95,15914
Katarina,,Veigar,3.74,57424
Katarina,,Varus,-2.47,1685
Katarina,,Kai'Sa,-2.51,2285
Katarina,,Zed,1.38,68690
Katarina,,Hwei,2.79,24371
Katarina,,Zoe,0.91,17429
Katarina,,Rakan,1.07,205
Katarina,,Vel'Koz,3.04,6474
Katarina,,Vayne,0.65,1099
Katarina,,Maokai,0.70,210
Katarina,,Volibear,1.02,659
Katarina,,Darius,1.73,876
Katarina,,Azir,-1.14,10669
Katarina,,Elise,2.33,260
Katarina,,Karma,0.37,1078
Katarina,,Kog'Maw,3.73,1541
Katarina,,Viego,2.33,1316
Katarina,,Qiyana,0.04,14632
Katarina,,Karthus,2.50,1040
Katarina,,Syndra,3.79,48153
Katarina,,Nunu & Willump,1.53,1187
Katarina,,Mel,-0.59,23384
Katarina,,Locke,1.82,49540
Katarina,,Caitlyn,-0.46,1976
Katarina,,Shyvana,-1.80,158
Katarina,,Draven,0.76,607
Katarina,,Aurora,2.90,12713
Katarina,,Lillia,1.59,125
Katarina,,Jhin,1.42,1704
Katarina,,Jinx,1.13,266
Katarina,,Kindred,-0.98,212
Katarina,,Aatrox,3.05,879
Katarina,,Thresh,-3.19,182
Katarina,,Udyr,-0.58,306
Katarina,,Xayah,1.34,150
Katarina,,Smolder,1.59,2929
Katarina,,Sivir,-2.38,243
Katarina,,Pyke,0.29,497
Katarina,,Seraphine,3.05,1641
Katarina,,Nautilus,-1.27,455
Katarina,,K'Sante,2.86,574
Katarina,,Orianna,2.03,16333
Katarina,,Zeri,2.93,300
Katarina,,Twitch,3.56,1326
Katarina,,Ashe,0.96,1235
Katarina,,Ezreal,0.13,3678
Katarina,,Graves,3.94,649
Katarina,,Lucian,-0.14,1441
Katarina,,Senna,2.27,324
Katarina,,Jarvan IV,7.30,490
Katarina,,Miss Fortune,4.00,1298
Katarina,,Taliyah,6.02,5446
Katarina,,Gnar,5.69,217
Katarina,,Soraka,3.13,180
Katarina,,Leona,0.96,111
Katarina,,Blitzcrank,-0.33,173
Katarina,,Nidalee,8.30,423
Katarina,,Yunara,3.95,237
Katarina,,Bel'Veth,6.76,189
Kayle,,Rek'Sai,-6.97,210
Kayle,,Alistar,-13.01,215
Kayle,,Kassadin,-6.35,347
Kayle,,Annie,-5.84,240
Kayle,,Xin Zhao,-7.74,1064
Kayle,,Malphite,-4.19,20617
Kayle,,Briar,-4.28,1194
Kayle,,Nasus,-2.80,21781
Kayle,,Syndra,-2.53,235
Kayle,,Nocturne,-4.31,217
Kayle,,Irelia,-4.51,12140
Kayle,,Teemo,-2.01,20621
Kayle,,Fizz,-5.64,554
Kayle,,Tahm Kench,-3.14,7279
Kayle,,Yone,-3.21,20899
Kayle,,Jax,-3.03,16347
Kayle,,Naafiri,-2.36,1272
Kayle,,Sylas,-3.47,3678
Kayle,,Sejuani,-3.18,508
Kayle,,Zed,-1.68,1081
Kayle,,Neeko,-3.87,209
Kayle,,Viktor,-2.36,530
Kayle,,Dr. Mundo,-1.30,12774
Kayle,,Anivia,-1.62,1212
Kayle,,Diana,-4.37,451
Kayle,,Katarina,-3.93,432
Kayle,,Tryndamere,-1.50,12530
Kayle,,Akshan,-2.48,600
Kayle,,Tristana,-6.03,699
Kayle,,LeBlanc,-2.83,267
Kayle,,Wukong,-0.55,1999
Kayle,,Vladimir,-3.13,2744
Kayle,,Mordekaiser,-0.02,26076
Kayle,,Galio,-2.39,517
Kayle,,Pantheon,-1.93,8340
Kayle,,Ahri,0.76,416
Kayle,,Yorick,0.04,13587
Kayle,,Master Yi,-4.22,2228
Kayle,,Quinn,-0.96,2560
Kayle,,Draven,-3.86,311
Kayle,,Talon,-4.55,162
Kayle,,Fiddlesticks,-0.46,804
Kayle,,Ekko,-2.97,474
Kayle,,Shen,0.02,8925
Kayle,,Rengar,-6.22,819
Kayle,,Gragas,-2.08,3589
Kayle,,Zilean,0.99,824
Kayle,,Yasuo,-2.15,9668
Kayle,,Akali,-1.33,6474
Kayle,,Ornn,0.78,8156
Kayle,,Kog'Maw,-0.61,336
Kayle,,Ryze,-2.10,1139
Kayle,,Zac,1.50,840
Kayle,,Elise,-1.04,153
Kayle,,Sion,-0.17,7375
Kayle,,Camille,-1.31,5244
Kayle,,Zaahen,-0.27,7179
Kayle,,Twisted Fate,-2.91,573
Kayle,,Brand,-0.12,909
Kayle,,Kennen,-1.08,3465
Kayle,,Lux,-1.23,263
Kayle,,Varus,-2.27,1607
Kayle,,Senna,-1.93,286
Kayle,,Malzahar,0.80,1809
Kayle,,Jayce,-2.17,7108
Kayle,,Aurora,-0.35,881
Kayle,,Aatrox,0.37,12142
Kayle,,Singed,3.40,12436
Kayle,,Kled,2.26,4220
Kayle,,Rammus,-2.35,159
Kayle,,Cho'Gath,0.48,7945
Kayle,,Heimerdinger,1.90,8103
Kayle,,Sett,2.58,26175
Kayle,,Warwick,2.78,3120
Kayle,,Aurelion Sol,1.75,414
Kayle,,Hwei,2.86,225
Kayle,,Ashe,-3.87,610
Kayle,,Riven,-1.34,5896
Kayle,,Urgot,2.49,11573
Kayle,,Kai'Sa,-2.30,527
Kayle,,Ambessa,-0.44,6613
Kayle,,Cassiopeia,0.20,966
Kayle,,Lissandra,2.50,621
Kayle,,Gwen,0.04,5867
Kayle,,Olaf,1.85,6715
Kayle,,Swain,0.53,1544
Kayle,,Caitlyn,-2.97,820
Kayle,,Darius,0.84,26270
Kayle,,Gnar,0.29,8493
Kayle,,Veigar,2.42,753
Kayle,,Xerath,-1.06,122
Kayle,,Mel,-3.62,296
Kayle,,Locke,-2.70,1991
Kayle,,Qiyana,1.13,294
Kayle,,Renekton,2.33,12388
Kayle,,Gangplank,2.15,15270
Kayle,,Rumble,-0.41,3014
Kayle,,Jarvan IV,-3.65,213
Kayle,,Vi,-2.18,459
Kayle,,Vayne,1.04,7084
Kayle,,Vex,2.67,136
Kayle,,Vel'Koz,3.72,273
Kayle,,Trundle,1.90,5353
Kayle,,Udyr,0.52,1116
Kayle,,Karma,0.09,380
Kayle,,Fiora,1.81,8878
Kayle,,Jhin,-0.61,448
Kayle,,Garen,4.52,40137
Kayle,,Ziggs,0.31,168
Kayle,,Maokai,2.22,898
Kayle,,Illaoi,4.59,14400
Kayle,,Zoe,3.68,195
Kayle,,Zyra,1.49,124
Kayle,,Nautilus,-1.27,237
Kayle,,Viego,0.73,340
Kayle,,Kalista,1.82,409
Kayle,,Poppy,3.99,2221
Kayle,,Volibear,3.90,10303
Kayle,,Graves,0.24,560
Kayle,,Kayn,2.01,1029
Kayle,,Miss Fortune,-3.19,177
Kayle,,Morgana,3.77,402
Kayle,,Lee Sin,-1.87,451
Kayle,,Ezreal,-3.41,317
Kayle,,Lillia,0.38,197
Kayle,,Shyvana,1.81,500
Kayle,,Ivern,1.93,202
Kayle,,Smolder,1.37,925
Kayle,,Skarner,0.30,332
Kayle,,Azir,5.77,277
Kayle,,Shaco,2.60,541
Kayle,,Karthus,4.69,174
Kayle,,Nidalee,-0.23,144
Kayle,,Lulu,0.46,129
Kayle,,Lucian,-0.08,236
Kayle,,Bel'Veth,1.70,165
Kayle,,Twitch,1.66,145
Kayle,,K'Sante,5.57,8822
Kayle,,Soraka,5.39,120
Kayle,,Corki,7.46,131
Kayle,,Thresh,2.10,133
Kayle,,Leona,2.78,126
Kayn,,Wukong,-1.26,59916
Kayn,,Shyvana,-0.28,67573
Kayn,,Briar,-0.47,78301
Kayn,,Rammus,0.54,24935
Kayn,,Maokai,-2.08,5214
Kayn,,Warwick,-0.27,92784
Kayn,,Nocturne,-0.62,104253
Kayn,,Darius,-0.86,10198
Kayn,,Bel'Veth,-0.73,45378
Kayn,,Master Yi,-2.10,110879
Kayn,,Zyra,-0.18,5468
Kayn,,Fiddlesticks,-1.56,27093
Kayn,,Poppy,-1.84,6685
Kayn,,Ivern,-1.34,8829
Kayn,,Quinn,-1.28,16411
Kayn,,Tryndamere,0.43,9765
Kayn,,Fizz,-0.77,6499
Kayn,,Jarvan IV,-0.41,47881
Kayn,,Amumu,0.68,43043
Kayn,,Zaahen,0.41,5238
Kayn,,Graves,-0.88,109792
Kayn,,Evelynn,-0.58,26493
Kayn,,Viego,-0.51,144394
Kayn,,Rumble,-2.57,915
Kayn,,Vi,-0.10,59600
Kayn,,Malphite,-1.01,14824
Kayn,,Morgana,-0.50,3611
Kayn,,Lillia,1.15,33285
Kayn,,Trundle,0.60,11354
Kayn,,Xin Zhao,0.38,37933
Kayn,,Aatrox,1.23,10912
Kayn,,Cho'Gath,1.88,7342
Kayn,,Sejuani,1.40,23238
Kayn,,Udyr,0.68,22495
Kayn,,Rek'Sai,0.13,8387
Kayn,,Talon,0.00,35071
Kayn,,Volibear,0.80,20015
Kayn,,Teemo,1.25,13024
Kayn,,Kindred,-1.30,27530
Kayn,,Nasus,2.00,36958
Kayn,,Mordekaiser,2.87,10910
Kayn,,Shen,0.68,4475
Kayn,,Ekko,0.47,39757
Kayn,,Ambessa,-0.28,8729
Kayn,,Nunu & Willump,-0.43,22974
Kayn,,Elise,0.34,12128
Kayn,,Shaco,0.88,77569
Kayn,,Kha'Zix,-0.43,51017
Kayn,,Sion,3.28,2679
Kayn,,Sylas,0.56,60232
Kayn,,Zeri,-4.68,337
Kayn,,Neeko,-1.10,760
Kayn,,Taliyah,1.27,3322
Kayn,,Taric,-0.48,415
Kayn,,Diana,0.01,42379
Kayn,,Jayce,-0.19,7698
Kayn,,Jax,2.15,42702
Kayn,,Dr. Mundo,3.07,9247
Kayn,,Gragas,1.03,5931
Kayn,,Kled,-3.59,183
Kayn,,Singed,-0.65,1165
Kayn,,Hecarim,0.43,35277
Kayn,,Gwen,1.54,8763
Kayn,,Zac,2.34,25313
Kayn,,Pantheon,0.43,10702
Kayn,,Karthus,0.60,12602
Kayn,,Lee Sin,0.48,100391
Kayn,,Zed,-0.59,24161
Kayn,,Nidalee,0.31,15343
Kayn,,Vayne,-1.48,1259
Kayn,,Riven,-1.30,1639
Kayn,,Nautilus,-0.79,1580
Kayn,,Kayle,-0.23,274
Kayn,,Naafiri,3.27,48115
Kayn,,Yorick,3.87,2016
Kayn,,Olaf,2.71,4625
Kayn,,Heimerdinger,-2.54,202
Kayn,,Skarner,1.65,9579
Kayn,,Lux,-7.62,141
Kayn,,Brand,2.06,2849
Kayn,,Yone,-1.93,1059
Kayn,,Qiyana,-0.37,19804
Kayn,,Ornn,0.99,481
Kayn,,Camille,-0.48,1126
Kayn,,Sett,2.43,1606
Kayn,,Urgot,1.88,549
Kayn,,Malzahar,-1.79,320
Kayn,,Kai'Sa,-0.63,808
Kayn,,Gnar,0.19,178
Kayn,,Tristana,-4.58,278
Kayn,,Rengar,0.13,48085
Kayn,,Tahm Kench,-0.88,448
Kayn,,Twisted Fate,-3.26,349
Kayn,,Aurelion Sol,3.11,714
Kayn,,Kassadin,-1.71,112
Kayn,,Locke,-0.30,21375
Kayn,,Jinx,-2.05,101
Kayn,,Garen,0.95,2378
Kayn,,Twitch,-0.08,3632
Kayn,,Jhin,-1.26,925
Kayn,,Renekton,-0.95,218
Kayn,,Akshan,-2.18,155
Kayn,,Yasuo,-1.21,549
Kayn,,Ashe,-3.98,105
Kayn,,Leona,3.43,218
Kayn,,Ezreal,2.31,328
Kayn,,Katarina,2.74,249
Kayn,,Galio,5.90,320
Kayn,,Pyke,2.85,139
Kayn,,Irelia,0.45,116
Kayn,,Caitlyn,5.23,196
Kayn,,Illaoi,6.20,131
Kayn,,Blitzcrank,1.47,116
Kayn,,Alistar,5.53,100
Kennen,,Zoe,-10.12,154
Kennen,,Annie,-8.30,158
Kennen,,Syndra,-5.63,246
Kennen,,Nasus,-4.69,10377
Kennen,,Dr. Mundo,-5.35,8644
Kennen,,Veigar,-6.21,465
Kennen,,Yorick,-5.02,7056
Kennen,,Neeko,-6.44,131
Kennen,,Lux,-6.24,177
Kennen,,Galio,-5.37,697
Kennen,,Sejuani,-4.51,271
Kennen,,Naafiri,-3.62,658
Kennen,,Morgana,-4.79,217
Kennen,,Sion,-3.58,4299
Kennen,,Jarvan IV,-9.50,110
Kennen,,Ahri,-1.30,330
Kennen,,Elise,-4.14,103
Kennen,,Kassadin,-2.21,232
Kennen,,Cho'Gath,-3.68,4205
Kennen,,Zilean,-1.63,362
Kennen,,Kog'Maw,-3.33,196
Kennen,,Malphite,-1.55,10606
Kennen,,Anivia,-1.92,953
Kennen,,Olaf,-2.40,4608
Kennen,,Zac,-0.48,473
Kennen,,Katarina,-3.96,218
Kennen,,Illaoi,-0.54,4294
Kennen,,Irelia,-2.70,5974
Kennen,,Mordekaiser,-0.45,11399
Kennen,,Tahm Kench,-1.82,2786
Kennen,,Ornn,-0.69,3628
Kennen,,LeBlanc,-2.80,180
Kennen,,Garen,-0.01,10136
Kennen,,Diana,-3.75,304
Kennen,,Lissandra,-0.50,483
Kennen,,Gangplank,-1.55,6569
Kennen,,Urgot,-0.26,3752
Kennen,,Teemo,0.52,14823
Kennen,,Sylas,-1.82,2557
Kennen,,Xin Zhao,-2.54,476
Kennen,,Vi,-5.76,203
Kennen,,Hwei,0.47,159
Kennen,,Maokai,-1.95,617
Kennen,,Rek'Sai,-0.01,102
Kennen,,Briar,-0.29,512
Kennen,,Aurelion Sol,-0.34,208
Kennen,,Zed,0.40,717
Kennen,,Fiddlesticks,-0.55,437
Kennen,,Malzahar,-0.43,1279
Kennen,,Locke,-5.47,930
Kennen,,Fizz,-2.38,297
Kennen,,Ekko,-2.85,266
Kennen,,Brand,-0.49,548
Kennen,,Kai'Sa,-4.03,354
Kennen,,Viktor,0.04,514
Kennen,,Shen,0.28,4237
Kennen,,Pantheon,-0.72,3944
Kennen,,Kayle,1.05,3465
Kennen,,Twisted Fate,-3.00,332
Kennen,,Akshan,-0.73,342
Kennen,,Singed,2.39,3105
Kennen,,Swain,-1.18,1001
Kennen,,Tryndamere,0.62,4468
Kennen,,Vladimir,-1.40,1812
Kennen,,Kled,1.43,2051
Kennen,,Shaco,-4.06,234
Kennen,,Wukong,1.42,989
Kennen,,Cassiopeia,-0.62,729
Kennen,,Zaahen,0.61,3224
Kennen,,Heimerdinger,1.67,3998
Kennen,,Quinn,1.12,1768
Kennen,,Qiyana,0.25,187
Kennen,,Warwick,2.96,1642
Kennen,,Vel'Koz,2.42,165
Kennen,,Sett,2.78,13002
Kennen,,Azir,0.94,157
Kennen,,Trundle,0.57,2512
Kennen,,Tristana,-2.78,395
Kennen,,Ryze,-0.24,1138
Kennen,,Jayce,-1.29,6544
Kennen,,Aurora,0.36,712
Kennen,,Karma,-0.99,243
Kennen,,Fiora,0.77,4863
Kennen,,Renekton,1.88,6350
Kennen,,Yone,1.85,11093
Kennen,,Gragas,0.50,2124
Kennen,,Varus,-0.20,1316
Kennen,,Viego,-0.80,203
Kennen,,Caitlyn,-2.38,464
Kennen,,Camille,1.27,2826
Kennen,,Aatrox,2.16,7436
Kennen,,Poppy,2.71,1080
Kennen,,Darius,1.75,14453
Kennen,,Rumble,0.20,2266
Kennen,,Rengar,-2.85,467
Kennen,,Akali,2.00,4091
Kennen,,Master Yi,0.07,1041
Kennen,,Vex,3.13,106
Kennen,,Gwen,1.60,2861
Kennen,,Gnar,1.57,5912
Kennen,,Yasuo,1.60,5377
Kennen,,Jax,3.50,9259
Kennen,,Vayne,2.40,4842
Kennen,,Volibear,3.60,4223
Kennen,,K'Sante,-0.34,2842
Kennen,,Ambessa,2.58,4056
Kennen,,Smolder,0.01,459
Kennen,,Graves,0.68,267
Kennen,,Riven,2.17,3235
Kennen,,Kayn,2.93,445
Kennen,,Corki,0.50,144
Kennen,,Ashe,0.15,317
Kennen,,Kalista,3.45,342
Kennen,,Mel,-0.04,232
Kennen,,Shyvana,2.41,242
Kennen,,Bel'Veth,-0.94,104
Kennen,,Nautilus,2.02,127
Kennen,,Lee Sin,0.17,320
Kennen,,Nocturne,7.13,105
Kennen,,Karthus,5.19,135
Kennen,,Skarner,1.89,212
Kennen,,Udyr,5.82,465
Kennen,,Jhin,6.20,256
Kennen,,Ezreal,1.74,274
Kennen,,Draven,7.37,190
Kennen,,Lucian,2.79,175
Kennen,,Senna,10.16,151
Kennen,,Alistar,10.20,102
Kindred,,Sett,-10.04,320
Kindred,,Sion,-3.68,688
Kindred,,Rammus,-2.37,5791
Kindred,,Ornn,-7.49,104
Kindred,,Zyra,-1.58,1651
Kindred,,Shyvana,-0.13,15138
Kindred,,Briar,-0.48,17500
Kindred,,Teemo,-1.88,3027
Kindred,,Rumble,-4.82,257
Kindred,,Malphite,-3.33,3496
Kindred,,Wukong,-0.41,12754
Kindred,,Mordekaiser,0.02,2396
Kindred,,Naafiri,-2.35,11556
Kindred,,Xin Zhao,-1.65,10018
Kindred,,Jax,-1.49,9326
Kindred,,Sejuani,-0.64,5586
Kindred,,Shaco,-1.95,14828
Kindred,,Nocturne,-0.16,23374
Kindred,,Tryndamere,-0.03,2461
Kindred,,Dr. Mundo,-0.26,2435
Kindred,,Yorick,-1.08,498
Kindred,,Warwick,0.54,17443
Kindred,,Cho'Gath,0.65,1687
Kindred,,Master Yi,-1.41,21809
Kindred,,Amumu,0.50,9390
Kindred,,Ivern,-1.03,2368
Kindred,,Volibear,-0.59,4317
Kindred,,Evelynn,-0.91,6090
Kindred,,Aatrox,0.29,2600
Kindred,,Vi,-0.41,14065
Kindred,,Viego,-0.60,28138
Kindred,,Trundle,0.11,2685
Kindred,,Darius,0.91,2349
Kindred,,Nasus,1.47,8761
Kindred,,Fiddlesticks,0.04,5931
Kindred,,Poppy,-0.11,1472
Kindred,,Taliyah,0.04,1145
Kindred,,Elise,-0.27,3078
Kindred,,Kha'Zix,-1.26,12303
Kindred,,Talon,0.01,7956
Kindred,,Fizz,0.79,1583
Kindred,,Maokai,0.79,1281
Kindred,,Zaahen,1.80,1126
Kindred,,Udyr,1.12,5727
Kindred,,Kayn,1.30,27530
Kindred,,Gragas,-0.11,1541
Kindred,,Shen,0.98,1050
Kindred,,Brand,-1.44,738
Kindred,,Nidalee,-1.42,5128
Kindred,,Jarvan IV,1.43,12520
Kindred,,Ekko,0.95,8399
Kindred,,Diana,-0.32,8725
Kindred,,Quinn,1.18,3415
Kindred,,Lee Sin,-0.66,27421
Kindred,,Graves,1.28,32769
Kindred,,Gwen,0.98,1830
Kindred,,Nunu & Willump,0.23,5669
Kindred,,Nautilus,-2.69,374
Kindred,,Bel'Veth,2.78,11936
Kindred,,Zac,1.99,5724
Kindred,,Skarner,-0.49,2729
Kindred,,Olaf,0.91,1075
Kindred,,Sylas,1.27,14991
Kindred,,Rek'Sai,1.85,2300
Kindred,,Lillia,3.31,9314
Kindred,,Hecarim,0.78,8788
Kindred,,Pantheon,0.94,2687
Kindred,,Karthus,1.22,3165
Kindred,,Ambessa,2.02,1898
Kindred,,Morgana,2.87,880
Kindred,,Qiyana,-1.11,4861
Kindred,,Jayce,2.08,2994
Kindred,,Neeko,1.39,192
Kindred,,Riven,-0.48,349
Kindred,,Zed,1.33,4621
Kindred,,Vayne,0.17,293
Kindred,,Singed,3.47,328
Kindred,,Rengar,-0.19,9293
Kindred,,Garen,-1.27,515
Kindred,,Aurelion Sol,2.08,185
Kindred,,Urgot,3.46,162
Kindred,,Locke,-0.42,4696
Kindred,,Yone,3.38,240
Kindred,,Camille,4.76,274
Kindred,,Kai'Sa,3.73,210
Kindred,,Taric,10.21,111
Kindred,,Twitch,4.45,802
Kindred,,Jhin,6.94,204
Kha'Zix,,Naafiri,-4.34,25237
Kha'Zix,,Warwick,-1.91,26911
Kha'Zix,,Rammus,-0.77,8725
Kha'Zix,,Yorick,-2.92,693
Kha'Zix,,Shyvana,-0.13,22289
Kha'Zix,,Sion,-0.76,902
Kha'Zix,,Briar,-0.40,28306
Kha'Zix,,Wukong,-0.57,24048
Kha'Zix,,Sejuani,-1.59,8878
Kha'Zix,,Nasus,-1.16,13129
Kha'Zix,,Dr. Mundo,-1.28,3417
Kha'Zix,,Nocturne,-1.05,43309
Kha'Zix,,Amumu,-0.44,13274
Kha'Zix,,Cho'Gath,-0.17,2551
Kha'Zix,,Aatrox,-0.46,4652
Kha'Zix,,Shaco,-1.74,29246
Kha'Zix,,Maokai,-1.08,2004
Kha'Zix,,Volibear,-0.56,5651
Kha'Zix,,Trundle,-0.35,3638
Kha'Zix,,Bel'Veth,0.32,18407
Kha'Zix,,Darius,0.34,3549
Kha'Zix,,Zac,-0.47,9189
Kha'Zix,,Mordekaiser,1.68,3070
Kha'Zix,,Malphite,-1.23,5475
Kha'Zix,,Zyra,1.03,2633
Kha'Zix,,Tryndamere,1.18,3286
Kha'Zix,,Kayn,0.42,51017
Kha'Zix,,Xin Zhao,0.31,16584
Kha'Zix,,Talon,-0.34,18820
Kha'Zix,,Teemo,0.94,4974
Kha'Zix,,Poppy,-0.15,2278
Kha'Zix,,Jarvan IV,0.69,23734
Kha'Zix,,Vi,0.50,25693
Kha'Zix,,Hecarim,-1.22,16311
Kha'Zix,,Fiddlesticks,0.42,10044
Kha'Zix,,Sett,-2.05,432
Kha'Zix,,Evelynn,0.37,12193
Kha'Zix,,Diana,-1.13,15744
Kha'Zix,,Quinn,0.37,6793
Kha'Zix,,Skarner,-1.82,4174
Kha'Zix,,Taric,-1.42,143
Kha'Zix,,Master Yi,0.21,47824
Kha'Zix,,Rek'Sai,0.51,3766
Kha'Zix,,Jax,1.12,13200
Kha'Zix,,Ivern,0.75,3932
Kha'Zix,,Viego,0.78,61043
Kha'Zix,,Graves,0.77,63312
Kha'Zix,,Shen,1.07,1475
Kha'Zix,,Lillia,2.20,13752
Kha'Zix,,Udyr,1.50,8313
Kha'Zix,,Gwen,0.72,2991
Kha'Zix,,Karthus,-0.37,6103
Kha'Zix,,Elise,0.87,6626
Kha'Zix,,Gragas,0.55,2413
Kha'Zix,,Lee Sin,-0.52,56822
Kha'Zix,,Nunu & Willump,0.19,9005
Kha'Zix,,Zaahen,2.79,1811
Kha'Zix,,Pantheon,-0.06,4338
Kha'Zix,,Sylas,1.02,25708
Kha'Zix,,Nidalee,-0.49,10680
Kha'Zix,,Kayle,-1.59,103
Kha'Zix,,Morgana,1.84,1543
Kha'Zix,,Ekko,2.03,16090
Kha'Zix,,Fizz,2.62,3119
Kha'Zix,,Rengar,-3.83,28924
Kha'Zix,,Ambessa,1.67,3439
Kha'Zix,,Kindred,1.25,12303
Kha'Zix,,Rumble,0.95,427
Kha'Zix,,Camille,-1.96,425
Kha'Zix,,Garen,-4.27,729
Kha'Zix,,Malzahar,-3.93,100
Kha'Zix,,Urgot,0.36,194
Kha'Zix,,Zed,0.54,11798
Kha'Zix,,Taliyah,3.56,2001
Kha'Zix,,Nautilus,-0.21,555
Kha'Zix,,Neeko,1.60,299
Kha'Zix,,Olaf,3.31,1593
Kha'Zix,,Jayce,2.52,5568
Kha'Zix,,Brand,2.06,1175
Kha'Zix,,Qiyana,0.31,11122
Kha'Zix,,Tristana,-5.31,124
Kha'Zix,,Singed,3.16,395
Kha'Zix,,Ornn,2.44,160
Kha'Zix,,Vayne,1.53,536
Kha'Zix,,Riven,4.04,631
Kha'Zix,,Zeri,2.84,164
Kha'Zix,,Aurelion Sol,4.64,312
Kha'Zix,,Yone,2.98,407
Kha'Zix,,Locke,1.25,8956
Kha'Zix,,Tahm Kench,1.91,127
Kha'Zix,,Kai'Sa,4.19,400
Kha'Zix,,Twitch,1.95,1447
Kha'Zix,,Yasuo,-0.17,186
Kha'Zix,,Twisted Fate,1.87,128
Kha'Zix,,Jhin,4.02,470
Kha'Zix,,Ezreal,8.74,155
Kled,,Singed,-3.40,4250
Kled,,Zac,-3.65,619
Kled,,Teemo,-2.74,10021
Kled,,Fiddlesticks,-4.28,497
Kled,,Veigar,-3.85,323
Kled,,Illaoi,-2.35,6180
Kled,,Kayle,-2.26,4220
Kled,,Warwick,-1.82,2865
Kled,,Rek'Sai,-2.35,152
Kled,,Jhin,-6.24,196
Kled,,Ahri,-0.54,239
Kled,,Mordekaiser,-0.83,16514
Kled,,Garen,-0.66,12600
Kled,,Fiora,-3.09,6417
Kled,,Shen,-1.34,5467
Kled,,Volibear,-2.08,6199
Kled,,Kog'Maw,-2.14,180
Kled,,Ornn,-0.59,4498
Kled,,Yorick,-0.28,7793
Kled,,Lillia,-6.42,135
Kled,,Nocturne,-1.76,135
Kled,,Azir,-2.06,143
Kled,,Heimerdinger,-0.61,3359
Kled,,Vayne,-2.71,4663
Kled,,Poppy,-1.29,1587
Kled,,Sett,0.24,12991
Kled,,Urgot,0.10,5088
Kled,,Lissandra,0.02,392
Kled,,Zaahen,-1.02,5240
Kled,,Maokai,-1.61,624
Kled,,Darius,-1.77,13339
Kled,,Zed,0.54,510
Kled,,Cassiopeia,-1.84,557
Kled,,Morgana,-1.49,189
Kled,,Nasus,1.54,9410
Kled,,Camille,-1.61,3175
Kled,,Malphite,0.77,8387
Kled,,Kennen,-1.43,2051
Kled,,Tryndamere,0.27,6257
Kled,,Gwen,-1.81,4343
Kled,,Yone,-0.28,11505
Kled,,Tahm Kench,-0.16,3754
Kled,,Swain,-1.06,928
Kled,,Anivia,0.79,704
Kled,,Kalista,-1.83,243
Kled,,Varus,-2.22,885
Kled,,Renekton,0.39,8291
Kled,,Wukong,1.44,1417
Kled,,Malzahar,0.67,916
Kled,,Sion,0.70,4584
Kled,,Qiyana,-0.32,123
Kled,,Aurelion Sol,1.30,171
Kled,,Brand,0.69,463
Kled,,Jax,1.03,9413
Kled,,Udyr,-1.22,702
Kled,,Akshan,0.82,203
Kled,,Aatrox,0.93,9075
Kled,,Gnar,-0.19,5378
Kled,,Elise,0.68,108
Kled,,Gangplank,1.44,11022
Kled,,Shaco,-2.66,280
Kled,,Trundle,0.87,3116
Kled,,Dr. Mundo,3.07,7694
Kled,,Ambessa,0.07,5022
Kled,,Quinn,1.88,1351
Kled,,Pantheon,1.44,4265
Kled,,Irelia,1.44,4583
Kled,,Karma,-0.53,191
Kled,,Ryze,0.42,697
Kled,,Aurora,1.02,521
Kled,,Shyvana,-1.19,326
Kled,,Cho'Gath,1.93,4440
Kled,,Gragas,0.94,2310
Kled,,Senna,0.09,130
Kled,,Sejuani,2.36,325
Kled,,Hwei,4.47,109
Kled,,Kayn,0.60,661
Kled,,Vel'Koz,4.14,138
Kled,,K'Sante,-1.09,4328
Kled,,LeBlanc,2.02,103
Kled,,Lux,1.82,101
Kled,,Vladimir,1.72,1412
Kled,,Zilean,4.66,424
Kled,,Skarner,-2.50,288
Kled,,Twisted Fate,0.40,310
Kled,,Smolder,-1.16,409
Kled,,Jayce,0.41,5021
Kled,,Viktor,3.71,280
Kled,,Graves,-0.36,372
Kled,,Nautilus,-1.33,144
Kled,,Akali,2.69,3410
Kled,,Rumble,0.94,2125
Kled,,Ekko,1.42,196
Kled,,Yasuo,2.25,4660
Kled,,Olaf,4.33,5664
Kled,,Briar,4.97,541
Kled,,Riven,1.81,3712
Kled,,Ashe,-0.44,243
Kled,,Naafiri,5.84,533
Kled,,Karthus,3.16,106
Kled,,Corki,0.78,111
Kled,,Master Yi,2.72,1045
Kled,,Neeko,4.63,123
Kled,,Viego,2.57,195
Kled,,Diana,3.80,138
Kled,,Kassadin,7.03,117
Kled,,Ezreal,-2.32,157
Kled,,Bel'Veth,-1.55,101
Kled,,Sylas,6.02,898
Kled,,Caitlyn,2.04,343
Kled,,Kai'Sa,3.08,293
Kled,,Draven,3.72,129
Kled,,Jarvan IV,1.17,101
Kled,,Xin Zhao,6.52,457
Kled,,Alistar,2.36,120
Kled,,Locke,3.95,880
Kled,,Rengar,3.16,454
Kled,,Tristana,4.93,250
Kled,,Galio,9.12,230
Kled,,Fizz,9.11,183
Kled,,Rammus,7.87,120
Kled,,Lucian,3.48,108
Kled,,Katarina,10.62,135
Kled,,Vi,9.88,178
Kled,,Nidalee,7.17,117
Kled,,Lee Sin,8.62,300
Kog'Maw,,Fizz,-12.30,103
Kog'Maw,,Naafiri,-8.73,140
Kog'Maw,,Fiora,-5.57,133
Kog'Maw,,Lissandra,-8.77,116
Kog'Maw,,Aurelion Sol,-2.79,864
Kog'Maw,,Hwei,-3.14,2110
Kog'Maw,,Vel'Koz,-2.98,1107
Kog'Maw,,Master Yi,-2.78,192
Kog'Maw,,Veigar,-1.41,4337
Kog'Maw,,Morgana,-7.06,194
Kog'Maw,,Zyra,-3.26,246
Kog'Maw,,Seraphine,-1.28,4072
Kog'Maw,,Nilah,-1.44,2114
Kog'Maw,,Lux,-1.15,2095
Kog'Maw,,Xerath,-1.01,4021
Kog'Maw,,Zed,-4.55,127
Kog'Maw,,Karthus,0.45,838
Kog'Maw,,Viego,-1.50,268
Kog'Maw,,Jinx,-1.00,24374
Kog'Maw,,Viktor,-0.60,4692
Kog'Maw,,Ziggs,-0.48,7273
Kog'Maw,,Smolder,-0.76,9260
Kog'Maw,,Brand,0.52,1863
Kog'Maw,,Senna,-0.31,4044
Kog'Maw,,Yasuo,-1.01,3116
Kog'Maw,,Heimerdinger,1.05,342
Kog'Maw,,Tahm Kench,1.47,533
Kog'Maw,,Twitch,-0.32,11470
Kog'Maw,,Syndra,-1.37,4237
Kog'Maw,,Miss Fortune,-0.47,27794
Kog'Maw,,Sett,-0.11,108
Kog'Maw,,Zeri,0.02,4771
Kog'Maw,,Caitlyn,-1.50,35604
Kog'Maw,,Yone,-1.19,436
Kog'Maw,,Annie,-1.49,121
Kog'Maw,,Katarina,1.61,1276
Kog'Maw,,Tristana,-0.37,15750
Kog'Maw,,Xayah,0.26,6045
Kog'Maw,,Akshan,-2.22,233
Kog'Maw,,Sion,-0.94,208
Kog'Maw,,Malzahar,1.32,846
Kog'Maw,,Anivia,-1.34,244
Kog'Maw,,Vayne,0.08,10399
Kog'Maw,,Ryze,-1.67,134
Kog'Maw,,Ashe,0.20,15250
Kog'Maw,,Ekko,-0.18,135
Kog'Maw,,Ahri,0.83,268
Kog'Maw,,Samira,1.06,10428
Kog'Maw,,Jhin,0.63,26971
Kog'Maw,,Aphelios,0.82,7094
Kog'Maw,,Yunara,0.49,9732
Kog'Maw,,Draven,0.29,6593
Kog'Maw,,Teemo,3.08,526
Kog'Maw,,Sivir,1.86,5985
Kog'Maw,,Irelia,0.30,251
Kog'Maw,,Vex,1.13,141
Kog'Maw,,Aurora,0.40,161
Kog'Maw,,Kai'Sa,1.74,31602
Kog'Maw,,Swain,5.44,1939
Kog'Maw,,Lucian,0.76,12317
Kog'Maw,,Vladimir,4.38,902
Kog'Maw,,Kalista,1.62,2908
Kog'Maw,,Ezreal,-0.07,19968
Kog'Maw,,Corki,2.11,2221
Kog'Maw,,Twisted Fate,0.11,295
Kog'Maw,,Mel,0.96,5934
Kog'Maw,,Locke,0.75,406
Kog'Maw,,Varus,1.09,4736
Kog'Maw,,Cassiopeia,3.07,617
Kog'Maw,,Pantheon,1.41,130
Kog'Maw,,Orianna,1.46,136
Kog'Maw,,Taliyah,3.91,310
Kog'Maw,,Jayce,2.04,158
Kog'Maw,,Sylas,2.13,314
Kog'Maw,,Olaf,9.26,129
Kog'Maw,,Cho'Gath,3.51,151
Kog'Maw,,Zoe,2.82,132
Kog'Maw,,Akali,-0.26,133
Kog'Maw,,Rengar,1.01,102
Kog'Maw,,Quinn,7.42,125
Kog'Maw,,Mordekaiser,10.46,106
LeBlanc,,Malzahar,-4.54,34976
LeBlanc,,Naafiri,-5.71,14095
LeBlanc,,Vex,-3.76,27387
LeBlanc,,Fiddlesticks,-1.44,415
LeBlanc,,Illaoi,-1.41,351
LeBlanc,,Kled,-0.01,353
LeBlanc,,Heimerdinger,0.31,2312
LeBlanc,,Briar,0.75,1382
LeBlanc,,Urgot,-3.01,230
LeBlanc,,Yorick,-2.42,1004
LeBlanc,,Sion,-1.20,2792
LeBlanc,,Nasus,0.89,2770
LeBlanc,,Quinn,-0.98,1325
LeBlanc,,Maokai,-4.15,116
LeBlanc,,Diana,-1.70,18821
LeBlanc,,Tahm Kench,-0.91,350
LeBlanc,,Mordekaiser,1.56,817
LeBlanc,,Singed,3.43,666
LeBlanc,,Bel'Veth,-10.42,116
LeBlanc,,Gragas,-0.16,1393
LeBlanc,,Kassadin,-1.43,9784
LeBlanc,,Lissandra,-0.88,21925
LeBlanc,,Twisted Fate,-0.97,18118
LeBlanc,,Swain,0.50,2863
LeBlanc,,Morgana,-0.32,3267
LeBlanc,,Fizz,0.79,26816
LeBlanc,,Vladimir,-0.10,14371
LeBlanc,,Viktor,0.18,32598
LeBlanc,,Twitch,-3.40,641
LeBlanc,,Poppy,-0.80,156
LeBlanc,,Lux,0.56,22410
LeBlanc,,Gangplank,-0.96,2302
LeBlanc,,Master Yi,-1.32,697
LeBlanc,,Sejuani,-1.71,174
LeBlanc,,Kennen,0.83,1255
LeBlanc,,Jarvan IV,-0.98,304
LeBlanc,,Zaahen,-1.38,213
LeBlanc,,Zyra,-1.11,867
LeBlanc,,Karthus,-1.15,644
LeBlanc,,Garen,2.05,1660
LeBlanc,,Ekko,0.00,12743
LeBlanc,,Veigar,1.47,26128
LeBlanc,,Galio,-0.75,21536
LeBlanc,,Pantheon,1.22,4288
LeBlanc,,Ahri,0.26,47376
LeBlanc,,Kog'Maw,0.49,916
LeBlanc,,Shaco,-4.64,158
LeBlanc,,Dr. Mundo,-1.28,701
LeBlanc,,Xerath,2.18,18828
LeBlanc,,Hwei,0.74,13245
LeBlanc,,Akshan,-1.06,8686
LeBlanc,,Annie,0.25,8378
LeBlanc,,Anivia,-0.04,7782
LeBlanc,,Katarina,-0.38,27846
LeBlanc,,Aurelion Sol,0.56,6291
LeBlanc,,Brand,0.81,4933
LeBlanc,,Vi,-0.67,349
LeBlanc,,Teemo,1.59,1575
LeBlanc,,Yasuo,-0.59,41094
LeBlanc,,Zed,-0.11,38356
LeBlanc,,Zilean,2.91,899
LeBlanc,,Shen,1.71,286
LeBlanc,,Varus,-3.58,1152
LeBlanc,,Gwen,2.71,3093
LeBlanc,,Syndra,1.44,28087
LeBlanc,,Wukong,1.90,424
LeBlanc,,Kalista,1.25,314
LeBlanc,,Aurora,0.04,8578
LeBlanc,,Mel,-2.74,14769
LeBlanc,,Xin Zhao,1.62,791
LeBlanc,,Rumble,1.58,476
LeBlanc,,Nautilus,-5.00,181
LeBlanc,,Tryndamere,4.98,1407
LeBlanc,,Irelia,0.97,11118
LeBlanc,,Zeri,-1.38,192
LeBlanc,,Sylas,0.75,33432
LeBlanc,,Cho'Gath,1.73,1888
LeBlanc,,Talon,0.75,7643
LeBlanc,,Zoe,0.57,11463
LeBlanc,,Akali,0.66,30590
LeBlanc,,Ryze,-0.84,10822
LeBlanc,,Kayle,3.32,1153
LeBlanc,,Neeko,1.98,1596
LeBlanc,,Fiora,3.38,251
LeBlanc,,Malphite,3.20,3323
LeBlanc,,Camille,0.77,219
LeBlanc,,Sett,5.42,609
LeBlanc,,Caitlyn,-1.71,1307
LeBlanc,,Taliyah,0.06,3454
LeBlanc,,Locke,0.79,25128
LeBlanc,,Ornn,1.39,280
LeBlanc,,Jinx,-0.54,157
LeBlanc,,Senna,-2.47,187
LeBlanc,,Nunu & Willump,1.16,962
LeBlanc,,Elise,2.41,106
LeBlanc,,Yone,2.57,33740
LeBlanc,,Vel'Koz,3.83,3733
LeBlanc,,Riven,3.28,1757
LeBlanc,,Zac,5.53,374
LeBlanc,,Ziggs,3.44,4133
LeBlanc,,Seraphine,1.35,1031
LeBlanc,,Renekton,4.90,600
LeBlanc,,Ambessa,4.36,894
LeBlanc,,Kayn,1.95,147
LeBlanc,,Nidalee,-0.72,248
LeBlanc,,Warwick,4.38,131
LeBlanc,,Cassiopeia,1.13,5669
LeBlanc,,Ezreal,-2.69,2681
LeBlanc,,Qiyana,1.25,6856
LeBlanc,,Lee Sin,-0.83,513
LeBlanc,,Vayne,2.74,621
LeBlanc,,Draven,1.53,316
LeBlanc,,Volibear,3.35,201
LeBlanc,,Jayce,2.72,2549
LeBlanc,,Tristana,2.36,3375
LeBlanc,,Miss Fortune,0.61,801
LeBlanc,,Trundle,3.09,104
LeBlanc,,Jhin,2.14,1075
LeBlanc,,Viego,4.19,776
LeBlanc,,Nocturne,6.11,295
LeBlanc,,Udyr,0.04,111
LeBlanc,,Kai'Sa,0.64,1298
LeBlanc,,Smolder,2.04,2121
LeBlanc,,Ashe,-0.27,683
LeBlanc,,Orianna,2.07,11756
LeBlanc,,Aphelios,2.27,185
LeBlanc,,Graves,2.56,375
LeBlanc,,Alistar,-1.30,104
LeBlanc,,Karma,3.63,725
LeBlanc,,Darius,5.69,254
LeBlanc,,Jax,6.01,326
LeBlanc,,Corki,1.43,1260
LeBlanc,,Azir,3.36,7072
LeBlanc,,Kindred,2.15,117
LeBlanc,,K'Sante,4.89,273
LeBlanc,,Lucian,0.76,1087
LeBlanc,,Aatrox,7.19,423
LeBlanc,,Olaf,10.16,167
LeBlanc,,Sivir,1.96,208
LeBlanc,,Pyke,5.14,259
LeBlanc,,Samira,4.26,153
LeBlanc,,Yunara,1.79,160
LeBlanc,,Lulu,5.37,141
LeBlanc,,Gnar,10.19,127
Lee Sin,,Warwick,-1.38,64489
Lee Sin,,Briar,-0.81,63592
Lee Sin,,Zaahen,-1.79,4443
Lee Sin,,Shyvana,-0.08,52170
Lee Sin,,Cho'Gath,-1.15,6405
Lee Sin,,Mordekaiser,-0.26,7347
Lee Sin,,Rammus,0.76,20433
Lee Sin,,Sion,-0.08,2062
Lee Sin,,Nocturne,-0.61,102988
Lee Sin,,Naafiri,-2.20,74004
Lee Sin,,Yorick,-1.34,1693
Lee Sin,,Darius,-0.49,8580
Lee Sin,,Tryndamere,-0.12,8610
Lee Sin,,Lillia,-0.35,38967
Lee Sin,,Nasus,0.07,31460
Lee Sin,,Gwen,-1.82,7229
Lee Sin,,Volibear,-0.92,13796
Lee Sin,,Wukong,0.93,74172
Lee Sin,,Aatrox,-0.15,10992
Lee Sin,,Amumu,0.26,30223
Lee Sin,,Dr. Mundo,0.11,8093
Lee Sin,,Kayn,-0.49,100391
Lee Sin,,Zyra,0.41,8079
Lee Sin,,Quinn,-1.11,14513
Lee Sin,,Rek'Sai,-1.18,14487
Lee Sin,,Zac,-0.54,28379
Lee Sin,,Sejuani,0.37,21147
Lee Sin,,Fiddlesticks,-0.75,21059
Lee Sin,,Trundle,-0.07,10302
Lee Sin,,Udyr,-0.12,17101
Lee Sin,,Ivern,-0.58,8118
Lee Sin,,Malphite,-1.13,15065
Lee Sin,,Vi,-0.18,101710
Lee Sin,,Elise,-0.89,16809
Lee Sin,,Poppy,-0.65,14656
Lee Sin,,Gragas,-1.08,8621
Lee Sin,,Shaco,-0.48,63893
Lee Sin,,Xin Zhao,0.06,58408
Lee Sin,,Jarvan IV,0.29,78720
Lee Sin,,Taliyah,-0.30,6702
Lee Sin,,Morgana,-0.37,3876
Lee Sin,,Bel'Veth,1.19,33077
Lee Sin,,Neeko,-2.46,751
Lee Sin,,Olaf,-0.85,4486
Lee Sin,,Shen,0.32,3614
Lee Sin,,Jax,0.68,35884
Lee Sin,,Teemo,1.19,11852
Lee Sin,,Maokai,0.71,6371
Lee Sin,,Skarner,-1.82,12752
Lee Sin,,Graves,0.34,177845
Lee Sin,,Ekko,0.38,36170
Lee Sin,,Evelynn,0.44,21410
Lee Sin,,Fizz,0.85,8800
Lee Sin,,Diana,-0.99,37163
Lee Sin,,Master Yi,0.33,98601
Lee Sin,,Brand,-1.16,3299
Lee Sin,,Viego,1.07,132769
Lee Sin,,Pantheon,-0.51,15706
Lee Sin,,Sylas,0.46,100989
Lee Sin,,Nunu & Willump,0.10,20454
Lee Sin,,Ambessa,0.52,8956
Lee Sin,,Taric,0.01,334
Lee Sin,,Singed,-0.60,1205
Lee Sin,,Kha'Zix,0.51,56822
Lee Sin,,Talon,2.02,35485
Lee Sin,,Karthus,0.87,13303
Lee Sin,,Kindred,0.65,27421
Lee Sin,,Rumble,0.35,1395
Lee Sin,,Jayce,0.72,27004
Lee Sin,,Sett,0.16,1117
Lee Sin,,Nidalee,0.28,35688
Lee Sin,,Aurelion Sol,-1.54,675
Lee Sin,,Hecarim,1.55,34524
Lee Sin,,Galio,-4.84,260
Lee Sin,,Kled,-2.37,172
Lee Sin,,Malzahar,-4.24,306
Lee Sin,,Kayle,-0.10,281
Lee Sin,,Zeri,-2.43,269
Lee Sin,,Heimerdinger,-2.69,222
Lee Sin,,Zed,0.72,31989
Lee Sin,,Riven,-0.35,1510
Lee Sin,,Camille,-0.80,1256
Lee Sin,,Vayne,0.31,1441
Lee Sin,,Nautilus,0.67,1298
Lee Sin,,Qiyana,0.28,24166
Lee Sin,,Ornn,2.14,311
Lee Sin,,Garen,-1.41,2345
Lee Sin,,Yone,0.17,1386
Lee Sin,,Urgot,3.23,627
Lee Sin,,Rengar,0.25,37137
Lee Sin,,Gnar,0.74,157
Lee Sin,,Twitch,-1.87,3274
Lee Sin,,Locke,-0.83,21278
Lee Sin,,Jinx,-2.57,110
Lee Sin,,Kai'Sa,0.90,1200
Lee Sin,,Tahm Kench,1.03,314
Lee Sin,,Yasuo,-3.48,664
Lee Sin,,Twisted Fate,-1.36,436
Lee Sin,,Leona,0.58,169
Lee Sin,,Irelia,-4.63,105
Lee Sin,,Pyke,-2.01,122
Lee Sin,,Renekton,-0.77,187
Lee Sin,,Jhin,-0.30,789
Lee Sin,,Tristana,-0.55,279
Lee Sin,,Ezreal,-0.43,440
Lee Sin,,Blitzcrank,-8.62,140
Lee Sin,,Katarina,0.28,187
Lee Sin,,Akshan,0.38,125
Lee Sin,,Ryze,3.41,158
Lee Sin,,Caitlyn,2.47,182
Lee Sin,,Ashe,2.80,110
Lee Sin,,Draven,11.79,105
Lillia,,Briar,-1.92,22659
Lillia,,Morgana,-3.25,1273
Lillia,,Quinn,-2.79,4627
Lillia,,Fizz,-2.25,2251
Lillia,,Zeri,-8.27,141
Lillia,,Viego,-2.18,37759
Lillia,,Darius,-0.92,3326
Lillia,,Maokai,-1.79,2105
Lillia,,Kai'Sa,-8.45,298
Lillia,,Teemo,-0.96,4453
Lillia,,Kayn,-1.16,33285
Lillia,,Master Yi,-2.06,26133
Lillia,,Ambessa,-2.62,2874
Lillia,,Ivern,-1.70,2974
Lillia,,Taric,-3.60,109
Lillia,,Sion,0.50,998
Lillia,,Kindred,-3.33,9314
Lillia,,Shyvana,1.45,22087
Lillia,,Talon,-1.69,11137
Lillia,,Fiddlesticks,-1.27,7627
Lillia,,Zyra,0.16,2318
Lillia,,Jarvan IV,-0.43,17392
Lillia,,Graves,-0.95,35128
Lillia,,Jayce,-2.62,4114
Lillia,,Nocturne,0.66,33742
Lillia,,Mordekaiser,1.57,3151
Lillia,,Elise,-1.17,3887
Lillia,,Evelynn,-0.70,7533
Lillia,,Kha'Zix,-2.21,13752
Lillia,,Vi,-0.31,21870
Lillia,,Udyr,-0.09,7622
Lillia,,Bel'Veth,0.76,14678
Lillia,,Ekko,-0.48,11052
Lillia,,Xin Zhao,-0.05,13694
Lillia,,Rek'Sai,-0.45,3074
Lillia,,Zaahen,0.97,1577
Lillia,,Yorick,0.25,585
Lillia,,Aatrox,1.10,3394
Lillia,,Diana,-1.49,12192
Lillia,,Gwen,-0.32,2748
Lillia,,Amumu,1.77,14260
Lillia,,Wukong,2.74,23642
Lillia,,Brand,-1.76,930
Lillia,,Warwick,2.46,25591
Lillia,,Shaco,0.39,21698
Lillia,,Nasus,2.30,12282
Lillia,,Karthus,-0.62,3812
Lillia,,Zed,-2.07,6086
Lillia,,Nunu & Willump,-0.06,7707
Lillia,,Gragas,0.40,1686
Lillia,,Naafiri,1.14,15973
Lillia,,Taliyah,1.27,1555
Lillia,,Poppy,1.14,2161
Lillia,,Nidalee,-0.91,5927
Lillia,,Ornn,-2.03,150
Lillia,,Singed,-1.04,491
Lillia,,Hecarim,0.05,12852
Lillia,,Tryndamere,3.14,2594
Lillia,,Volibear,2.04,5921
Lillia,,Trundle,2.27,3676
Lillia,,Rengar,-4.53,11003
Lillia,,Sylas,1.05,23058
Lillia,,Dr. Mundo,3.03,3893
Lillia,,Cho'Gath,3.70,2257
Lillia,,Jax,2.54,12125
Lillia,,Rammus,5.17,11252
Lillia,,Lee Sin,0.35,38967
Lillia,,Neeko,0.35,248
Lillia,,Aurelion Sol,-1.35,242
Lillia,,Zac,3.37,11904
Lillia,,Pantheon,1.46,4128
Lillia,,Sejuani,4.39,9414
Lillia,,Nautilus,-0.92,514
Lillia,,Vayne,-1.13,383
Lillia,,Qiyana,-1.10,5712
Lillia,,Shen,4.53,1592
Lillia,,Olaf,3.86,1611
Lillia,,Rumble,2.81,358
Lillia,,Sett,2.63,437
Lillia,,Twitch,-3.91,986
Lillia,,Malphite,4.50,4675
Lillia,,Camille,0.30,329
Lillia,,Urgot,2.25,164
Lillia,,Tahm Kench,-2.21,146
Lillia,,Locke,-2.39,5750
Lillia,,Riven,1.90,513
Lillia,,Yone,0.02,386
Lillia,,Skarner,4.20,4232
Lillia,,Twisted Fate,-3.51,134
Lillia,,Garen,2.72,669
Lillia,,Galio,2.53,125
Lillia,,Jhin,1.15,282
Lillia,,Yasuo,3.15,141
Leona,,Taric,-0.83,16912
Leona,,Morgana,-2.41,93023
Leona,,Milio,-1.30,42941
Leona,,Janna,-1.01,25833
Leona,,Swain,-3.16,48125
Leona,,Teemo,-1.33,10985
Leona,,Soraka,-0.84,37140
Leona,,Rell,-0.21,34975
Leona,,Zilean,-0.56,21108
Leona,,Seraphine,-0.88,104600
Leona,,Shen,-1.37,18525
Leona,,Brand,-0.98,41254
Leona,,Braum,-0.53,43041
Leona,,Vel'Koz,-1.01,32149
Leona,,Hwei,-1.25,6370
Leona,,Alistar,-0.75,47026
Leona,,Zac,-2.05,2651
Leona,,Poppy,0.41,35267
Leona,,Senna,-0.56,53756
Leona,,Sona,0.52,23727
Leona,,Shaco,-1.32,15505
Leona,,Galio,-0.09,12117
Leona,,Renata Glasc,-0.34,7900
Leona,,Thresh,0.29,121586
Leona,,Zyra,0.47,34663
Leona,,Rakan,-0.18,24547
Leona,,Kennen,-2.23,796
Leona,,Lux,-0.72,121518
Leona,,Xerath,-0.04,32308
Leona,,Tahm Kench,-0.60,38867
Leona,,Nami,0.66,58790
Leona,,Maokai,0.74,20563
Leona,,Karthus,-4.34,670
Leona,,Rek'Sai,-2.48,319
Leona,,Fiddlesticks,0.23,4726
Leona,,Amumu,1.85,6119
Leona,,Annie,0.40,2769
Leona,,Bard,-0.63,28786
Leona,,Aurelion Sol,-1.36,984
Leona,,Wukong,-1.18,956
Leona,,LeBlanc,0.46,6114
Leona,,Karma,-0.17,34909
Leona,,Veigar,-1.48,8642
Leona,,Elise,1.08,3611
Leona,,Kog'Maw,-1.60,507
Leona,,Neeko,-1.12,19356
Leona,,Rammus,1.63,1311
Leona,,Syndra,-0.44,2056
Leona,,Fiora,-4.83,221
Leona,,Lissandra,-0.69,2146
Leona,,Pantheon,0.66,48993
Leona,,Lulu,1.23,57010
Leona,,Jarvan IV,0.39,3892
Leona,,Zaahen,-2.23,471
Leona,,Pyke,0.24,71063
Leona,,Sion,1.39,3428
Leona,,Viego,-3.59,444
Leona,,Cho'Gath,-1.19,3026
Leona,,Twisted Fate,0.76,1673
Leona,,Gragas,0.09,2189
Leona,,Anivia,-0.31,4637
Leona,,Nidalee,-0.24,2308
Leona,,Nautilus,2.07,128555
Leona,,Ziggs,-0.43,3070
Leona,,Blitzcrank,2.46,64788
Leona,,Quinn,0.94,718
Leona,,Sylas,1.02,12794
Leona,,Skarner,0.08,2069
Leona,,Fizz,0.49,1035
Leona,,Jax,-0.31,1672
Leona,,Ivern,0.19,1576
Leona,,Heimerdinger,1.26,3156
Leona,,Yorick,-3.39,527
Leona,,Kayn,-3.27,174
Leona,,Camille,1.01,49334
Leona,,Urgot,-2.45,346
Leona,,Sett,0.36,3924
Leona,,Dr. Mundo,-0.30,998
Leona,,Ornn,-0.28,1120
Leona,,Vex,0.57,1219
Leona,,Malphite,1.09,11735
Leona,,Ekko,1.10,967
Leona,,Trundle,-0.06,1348
Leona,,Sejuani,2.46,1144
Leona,,Zoe,1.44,5822
Leona,,Mordekaiser,-3.04,1087
Leona,,Evelynn,3.34,361
Leona,,Kled,0.40,402
Leona,,Singed,1.20,1628
Leona,,Qiyana,0.99,693
Leona,,Taliyah,1.93,1004
Leona,,Xin Zhao,0.22,586
Leona,,Gwen,-5.34,103
Leona,,Malzahar,1.22,2160
Leona,,Ahri,1.87,1757
Leona,,Vi,2.03,2245
Leona,,Rumble,-0.37,413
Leona,,Nasus,-2.36,874
Leona,,Lillia,0.25,155
Leona,,Cassiopeia,-0.83,336
Leona,,Briar,0.87,1048
Leona,,Ambessa,-3.34,200
Leona,,Ashe,1.07,10676
Leona,,Jayce,0.90,647
Leona,,Graves,-3.87,161
Leona,,Locke,0.35,1656
Leona,,Viktor,0.96,615
Leona,,Yuumi,2.47,46173
Leona,,Zed,-0.36,1253
Leona,,K'Sante,-1.60,701
Leona,,Kayle,2.77,546
Leona,,Vladimir,-6.47,107
Leona,,Nocturne,1.58,186
Leona,,Illaoi,-1.99,550
Leona,,Akali,-2.11,363
Leona,,Twitch,0.19,4282
Leona,,Jhin,-0.56,1331
Leona,,Yasuo,-1.20,1186
Leona,,Olaf,-1.50,198
Leona,,Nunu & Willump,3.55,1567
Leona,,Master Yi,3.71,966
Leona,,Darius,0.79,1014
Leona,,Katarina,0.41,610
Leona,,Miss Fortune,0.58,4523
Leona,,Aurora,0.55,315
Leona,,Talon,1.30,192
Leona,,Akshan,-0.86,333
Leona,,Volibear,0.53,627
Leona,,Mel,1.96,32829
Leona,,Ezreal,0.02,2385
Leona,,Warwick,2.22,342
Leona,,Riven,-0.89,253
Leona,,Garen,-1.23,580
Leona,,Vayne,-2.66,355
Leona,,Udyr,1.77,199
Leona,,Lee Sin,2.63,2683
Leona,,Orianna,2.58,744
Leona,,Renekton,-0.68,185
Leona,,Naafiri,2.48,593
Leona,,Aatrox,2.61,693
Leona,,Kalista,-6.15,122
Leona,,Gnar,1.51,176
Leona,,Diana,3.77,452
Leona,,Tryndamere,0.93,234
Leona,,Rengar,4.33,1112
Leona,,Draven,-7.07,102
Leona,,Tristana,-1.87,285
Leona,,Smolder,-1.91,222
Leona,,Caitlyn,0.77,686
Leona,,Varus,2.58,452
Leona,,Bel'Veth,2.89,188
Leona,,Yone,2.58,836
Leona,,Ryze,3.73,172
Leona,,Gangplank,-0.43,241
Leona,,Jinx,-1.48,291
Leona,,Kai'Sa,4.32,468
Leona,,Azir,0.53,201
Leona,,Lucian,1.71,170
Leona,,Yunara,1.55,109
Lissandra,,Fiddlesticks,-5.50,300
Lissandra,,Kog'Maw,-4.92,842
Lissandra,,Xerath,-2.89,20076
Lissandra,,Swain,-3.31,3574
Lissandra,,Briar,-0.84,1191
Lissandra,,Brand,-3.72,4559
Lissandra,,Zilean,-1.79,963
Lissandra,,Viktor,-2.83,31492
Lissandra,,Kled,-0.89,414
Lissandra,,Trundle,-5.15,108
Lissandra,,Karthus,-3.98,595
Lissandra,,Lux,-1.95,20283
Lissandra,,Gnar,-7.15,146
Lissandra,,Hwei,-2.39,15120
Lissandra,,Kayle,-1.62,1444
Lissandra,,Veigar,-1.07,24730
Lissandra,,Ziggs,-2.75,3670
Lissandra,,Sett,0.62,612
Lissandra,,Elise,-2.91,110
Lissandra,,Quinn,-0.70,1035
Lissandra,,Cho'Gath,-2.14,1991
Lissandra,,Vel'Koz,-1.33,3629
Lissandra,,Xin Zhao,-1.62,731
Lissandra,,Seraphine,-3.89,999
Lissandra,,Heimerdinger,1.32,2063
Lissandra,,Vladimir,-0.95,15536
Lissandra,,Annie,-1.59,8112
Lissandra,,Syndra,-1.13,28485
Lissandra,,Aurelion Sol,-1.37,6296
Lissandra,,Tryndamere,1.88,1485
Lissandra,,Nunu & Willump,-3.33,743
Lissandra,,Tristana,-4.01,3003
Lissandra,,Jinx,-4.66,163
Lissandra,,Draven,-4.44,285
Lissandra,,Sylas,-2.26,34361
Lissandra,,Kalista,-1.21,236
Lissandra,,Malzahar,0.58,29986
Lissandra,,Morgana,-0.52,2590
Lissandra,,Gwen,0.72,4542
Lissandra,,Vex,0.03,12756
Lissandra,,Anivia,-1.34,8853
Lissandra,,Ahri,-0.63,42417
Lissandra,,Pantheon,0.40,3455
Lissandra,,Zyra,-1.68,776
Lissandra,,Twisted Fate,-0.79,15489
Lissandra,,Zac,1.39,383
Lissandra,,Mordekaiser,2.35,981
Lissandra,,Singed,4.34,753
Lissandra,,Gragas,0.61,1451
Lissandra,,Ekko,-0.22,14559
Lissandra,,Illaoi,1.11,320
Lissandra,,Galio,-0.72,15796
Lissandra,,Cassiopeia,-2.89,6740
Lissandra,,Zoe,-1.49,9554
Lissandra,,Olaf,0.92,220
Lissandra,,Jarvan IV,-0.47,315
Lissandra,,Rumble,0.31,453
Lissandra,,Nasus,3.50,2982
Lissandra,,Diana,0.55,18372
Lissandra,,Aatrox,-1.13,611
Lissandra,,Zaahen,-0.52,242
Lissandra,,Zed,-0.41,52661
Lissandra,,Kassadin,0.42,9230
Lissandra,,Vi,-0.62,373
Lissandra,,Jax,-0.18,318
Lissandra,,Teemo,1.60,1415
Lissandra,,Corki,-4.68,926
Lissandra,,Sion,2.16,2182
Lissandra,,Irelia,0.12,12010
Lissandra,,Akshan,-0.35,8143
Lissandra,,Locke,-0.75,26506
Lissandra,,Gangplank,0.76,2479
Lissandra,,Aurora,-0.03,7717
Lissandra,,Twitch,-1.48,663
Lissandra,,Caitlyn,-3.07,1169
Lissandra,,Ornn,-0.05,250
Lissandra,,Kennen,2.57,1251
Lissandra,,Yone,0.72,34126
Lissandra,,Malphite,2.17,2866
Lissandra,,Azir,-2.59,6000
Lissandra,,Katarina,0.90,39121
Lissandra,,Miss Fortune,-2.75,634
Lissandra,,Kai'Sa,-2.97,1237
Lissandra,,Fizz,3.28,40509
Lissandra,,Varus,-2.82,956
Lissandra,,Orianna,-1.94,11202
Lissandra,,Shen,2.65,318
Lissandra,,Neeko,1.75,1403
Lissandra,,Bel'Veth,-7.06,107
Lissandra,,Graves,-1.37,340
Lissandra,,LeBlanc,0.88,21925
Lissandra,,Ezreal,-4.64,2260
Lissandra,,Kayn,0.55,116
Lissandra,,Ryze,-0.54,10478
Lissandra,,Jhin,-0.36,959
Lissandra,,Taliyah,0.16,3552
Lissandra,,Smolder,-0.61,1974
Lissandra,,Talon,1.44,8373
Lissandra,,Shaco,-1.77,141
Lissandra,,Tahm Kench,3.85,372
Lissandra,,Mel,-1.08,13115
Lissandra,,Qiyana,-0.11,7563
Lissandra,,Nocturne,4.42,275
Lissandra,,Yorick,3.65,898
Lissandra,,Zeri,0.49,200
Lissandra,,Karma,0.90,618
Lissandra,,Viego,2.78,762
Lissandra,,Akali,2.26,35487
Lissandra,,Urgot,3.65,241
Lissandra,,Yasuo,2.78,58464
Lissandra,,Jayce,1.78,2400
Lissandra,,Garen,6.69,1708
Lissandra,,Naafiri,4.57,12158
Lissandra,,K'Sante,1.74,277
Lissandra,,Volibear,2.88,195
Lissandra,,Fiora,5.72,273
Lissandra,,Master Yi,3.87,798
Lissandra,,Ashe,-1.06,579
Lissandra,,Aphelios,1.44,177
Lissandra,,Riven,5.12,2123
Lissandra,,Kindred,-0.08,104
Lissandra,,Dr. Mundo,4.11,708
Lissandra,,Ambessa,6.32,896
Lissandra,,Warwick,6.35,144
Lissandra,,Wukong,6.82,352
Lissandra,,Senna,0.86,162
Lissandra,,Sejuani,5.37,165
Lissandra,,Lucian,-0.88,825
Lissandra,,Samira,0.83,172
Lissandra,,Lee Sin,1.28,485
Lissandra,,Renekton,8.39,599
Lissandra,,Yunara,-1.44,123
Lissandra,,Camille,6.17,227
Lissandra,,Darius,7.12,304
Lissandra,,Vayne,7.19,541
Lissandra,,Nautilus,2.65,126
Lissandra,,Nidalee,5.73,172
Lissandra,,Udyr,6.30,126
Lissandra,,Soraka,4.86,106
Lissandra,,Sivir,4.99,188
Lissandra,,Pyke,7.63,231
Locke,,Heimerdinger,-3.35,5012
Locke,,Kled,-2.71,854
Locke,,Urgot,-5.77,545
Locke,,Zac,-2.77,661
Locke,,Shen,-3.69,687
Locke,,Singed,0.74,1283
Locke,,Garen,-1.32,4094
Locke,,Sett,-0.65,1747
Locke,,Mordekaiser,-0.52,2229
Locke,,Nasus,0.55,4761
Locke,,Gwen,-0.76,7580
Locke,,Ambessa,-1.57,2125
Locke,,Tryndamere,0.98,3049
Locke,,Briar,1.21,2295
Locke,,Master Yi,-2.73,1309
Locke,,Kalista,-1.92,534
Locke,,Gragas,-0.77,2715
Locke,,Teemo,-0.86,2948
Locke,,Fiora,-0.73,555
Locke,,Morgana,-1.25,4481
Locke,,Sion,-0.50,3879
Locke,,Illaoi,-0.24,889
Locke,,K'Sante,-4.46,682
Locke,,Zilean,0.37,1658
Locke,,Fiddlesticks,-0.08,640
Locke,,Maokai,-3.45,180
Locke,,Kassadin,-1.60,19264
Locke,,Elise,-2.16,184
Locke,,Naafiri,-1.33,20441
Locke,,Fizz,0.26,42715
Locke,,Kayle,-0.14,2347
Locke,,Akali,-2.77,59436
Locke,,Kennen,0.00,2274
Locke,,Katarina,-1.83,49540
Locke,,Tahm Kench,-0.06,783
Locke,,Galio,-1.51,42198
Locke,,Pantheon,0.40,8565
Locke,,Veigar,0.78,44838
Locke,,Zaahen,-1.84,560
Locke,,Diana,-0.56,33749
Locke,,Viego,-1.67,1324
Locke,,Ahri,-0.41,61360
Locke,,Trundle,-2.68,240
Locke,,Poppy,-0.78,202
Locke,,Jinx,-3.96,311
Locke,,Vex,0.43,27812
Locke,,Ekko,-0.30,24879
Locke,,Neeko,-0.74,2628
Locke,,Olaf,0.32,363
Locke,,Yasuo,-1.68,71537
Locke,,Irelia,-1.14,19976
Locke,,Sylas,-1.27,52859
Locke,,Camille,-1.81,446
Locke,,Talon,-1.49,14139
Locke,,Malzahar,1.48,47996
Locke,,Yone,-0.69,53477
Locke,,Xin Zhao,0.22,1537
Locke,,Warwick,0.50,336
Locke,,Vi,-1.16,672
Locke,,Vayne,-1.83,1035
Locke,,Annie,0.09,13327
Locke,,Riven,0.11,5818
Locke,,Vladimir,0.92,23076
Locke,,Udyr,-4.91,270
Locke,,Zyra,-0.45,1455
Locke,,Volibear,-1.26,515
Locke,,Lissandra,0.75,26506
Locke,,Xayah,-2.99,142
Locke,,Rek'Sai,2.05,144
Locke,,LeBlanc,-0.79,25128
Locke,,Anivia,0.12,11937
Locke,,Brand,0.86,7498
Locke,,Yorick,0.65,1630
Locke,,Renekton,1.98,1667
Locke,,Swain,2.05,4777
Locke,,Rakan,-0.66,182
Locke,,Zed,-0.19,55457
Locke,,Viktor,1.71,41443
Locke,,Aurelion Sol,0.90,10417
Locke,,Thresh,-6.92,212
Locke,,Cho'Gath,0.84,3606
Locke,,Wukong,1.60,792
Locke,,Jax,0.20,865
Locke,,Jarvan IV,0.38,409
Locke,,Lux,2.14,31290
Locke,,Aatrox,-0.43,865
Locke,,Akshan,-0.22,14142
Locke,,Malphite,2.00,5076
Locke,,Aurora,0.23,12245
Locke,,Gangplank,1.20,4168
Locke,,Zoe,0.05,15879
Locke,,Lee Sin,-3.85,809
Locke,,Tristana,-0.91,4669
Locke,,Quinn,3.23,2008
Locke,,Twisted Fate,2.07,22046
Locke,,Xerath,4.02,24015
Locke,,Dr. Mundo,0.87,1116
Locke,,Samira,-3.54,341
Locke,,Lillia,-0.49,113
Locke,,Cassiopeia,-0.58,10535
Locke,,Vel'Koz,2.82,5921
Locke,,Ziggs,2.39,5997
Locke,,Hwei,2.98,21096
Locke,,Nunu & Willump,0.62,1202
Locke,,Rumble,2.72,784
Locke,,Qiyana,-0.61,12835
Locke,,Ryze,-0.28,15916
Locke,,Azir,-1.26,9794
Locke,,Syndra,3.14,38517
Locke,,Jayce,0.52,3983
Locke,,Seraphine,0.84,1598
Locke,,Kog'Maw,4.13,1426
Locke,,Alistar,-3.70,191
Locke,,Ornn,2.51,406
Locke,,Nidalee,-0.50,363
Locke,,Darius,2.83,797
Locke,,Caitlyn,-0.35,2091
Locke,,Pyke,-0.78,456
Locke,,Graves,0.70,582
Locke,,Draven,0.87,513
Locke,,Kayn,2.40,289
Locke,,Karthus,3.28,1023
Locke,,Gnar,0.16,231
Locke,,Jhin,1.31,1615
Locke,,Aphelios,0.86,346
Locke,,Soraka,-2.61,152
Locke,,Shaco,-0.16,266
Locke,,Mel,0.83,21653
Locke,,Zeri,2.21,312
Locke,,Karma,2.66,1132
Locke,,Smolder,2.19,2706
Locke,,Taliyah,3.00,5132
Locke,,Kai'Sa,0.97,1945
Locke,,Kindred,0.20,206
Locke,,Twitch,3.03,1052
Locke,,Varus,1.68,1696
Locke,,Sejuani,5.10,266
Locke,,Ivern,3.42,153
Locke,,Nautilus,0.32,298
Locke,,Orianna,3.17,15072
Locke,,Corki,1.44,1507
Locke,,Miss Fortune,2.84,1271
Locke,,Nocturne,8.85,421
Locke,,Ezreal,1.25,3471
Locke,,Shyvana,2.56,186
Locke,,Ashe,3.02,1212
Locke,,Lucian,2.35,1261
Locke,,Senna,4.37,289
Locke,,Lulu,4.61,176
Locke,,Bel'Veth,2.62,182
Locke,,Sivir,5.65,235
Locke,,Yunara,4.26,248
Locke,,Blitzcrank,0.70,173
Locke,,Evelynn,13.04,108
Lucian,,Heimerdinger,-2.83,1255
Lucian,,Veigar,-1.29,15265
Lucian,,Singed,-2.62,407
Lucian,,Qiyana,-5.98,195
Lucian,,Seraphine,-1.04,17476
Lucian,,Shen,-2.91,180
Lucian,,Sett,-2.86,333
Lucian,,Fiora,-1.70,564
Lucian,,Malzahar,-2.36,3541
Lucian,,Ahri,-3.28,1126
Lucian,,Teemo,-1.92,2124
Lucian,,Tahm Kench,0.41,1464
Lucian,,Kog'Maw,-0.77,12317
Lucian,,Smolder,-1.14,34367
Lucian,,Aurelion Sol,0.67,3219
Lucian,,Brand,0.17,7191
Lucian,,Annie,-3.13,556
Lucian,,Senna,-0.56,15680
Lucian,,Nilah,0.24,7819
Lucian,,Swain,0.77,7418
Lucian,,Lux,0.54,7972
Lucian,,Katarina,0.53,5062
Lucian,,Jinx,-0.46,91823
Lucian,,Viktor,-0.05,22501
Lucian,,Zyra,-0.42,988
Lucian,,Naafiri,-1.17,602
Lucian,,Hwei,1.22,8171
Lucian,,Miss Fortune,-0.51,108176
Lucian,,Dr. Mundo,-3.12,333
Lucian,,Vel'Koz,1.02,4193
Lucian,,Xayah,-0.10,28589
Lucian,,Vladimir,0.43,3685
Lucian,,Yasuo,0.00,14593
Lucian,,Zed,-2.27,663
Lucian,,Wukong,-2.09,156
Lucian,,Ziggs,1.01,34029
Lucian,,Ashe,-1.07,61261
Lucian,,Caitlyn,-1.17,151794
Lucian,,Samira,-0.49,42423
Lucian,,Quinn,-1.80,579
Lucian,,Karthus,3.15,2875
Lucian,,Tryndamere,-1.83,169
Lucian,,Xerath,2.08,22577
Lucian,,Twitch,0.93,36339
Lucian,,Vex,-0.77,603
Lucian,,Yorick,-2.88,174
Lucian,,Aphelios,-0.28,28626
Lucian,,Tristana,0.46,62067
Lucian,,Taliyah,-2.05,1805
Lucian,,Anivia,-1.17,1023
Lucian,,Zeri,1.29,20368
Lucian,,Vayne,0.31,39807
Lucian,,Jhin,-0.02,122009
Lucian,,Syndra,0.46,18711
Lucian,,Sion,-0.29,684
Lucian,,Ambessa,-0.68,141
Lucian,,Akshan,-1.04,948
Lucian,,Draven,-0.38,24122
Lucian,,Fizz,0.75,454
Lucian,,Kayle,0.43,295
Lucian,,Gwen,3.39,366
Lucian,,Yunara,0.03,42834
Lucian,,Aurora,-0.60,639
Lucian,,Kai'Sa,0.56,169825
Lucian,,Neeko,-3.45,277
Lucian,,Gragas,-4.61,105
Lucian,,Sivir,1.50,25586
Lucian,,Kled,0.33,113
Lucian,,Corki,-0.04,11659
Lucian,,Kalista,-0.07,12775
Lucian,,Pantheon,-2.06,565
Lucian,,Viego,2.73,1934
Lucian,,Master Yi,3.90,887
Lucian,,Cassiopeia,-0.08,2791
Lucian,,Urgot,-0.56,175
Lucian,,Briar,3.10,307
Lucian,,Zaahen,-1.28,103
Lucian,,Kindred,-1.41,373
Lucian,,Ryze,0.65,600
Lucian,,Varus,-0.58,19429
Lucian,,Mordekaiser,2.07,323
Lucian,,Lissandra,0.60,602
Lucian,,Morgana,0.59,785
Lucian,,Yone,2.74,2242
Lucian,,Riven,2.54,290
Lucian,,Mel,0.30,25616
Lucian,,Galio,-0.41,175
Lucian,,Twisted Fate,-0.05,1230
Lucian,,Nasus,1.05,225
Lucian,,Ezreal,0.43,120036
Lucian,,Irelia,2.72,1117
Lucian,,Locke,1.29,1451
Lucian,,Orianna,0.56,656
Lucian,,Jax,2.07,207
Lucian,,Sylas,0.72,1725
Lucian,,Zoe,0.76,497
Lucian,,Graves,2.88,401
Lucian,,Gangplank,0.29,235
Lucian,,Ekko,5.18,522
Lucian,,Talon,0.78,107
Lucian,,LeBlanc,0.57,390
Lucian,,Olaf,8.70,509
Lucian,,Garen,2.74,267
Lucian,,Jarvan IV,3.31,233
Lucian,,Trundle,1.73,121
Lucian,,Akali,-0.26,617
Lucian,,Pyke,1.13,208
Lucian,,Zilean,5.95,233
Lucian,,Azir,2.03,415
Lucian,,Gnar,-1.17,127
Lucian,,Cho'Gath,4.25,638
Lucian,,Jayce,3.56,828
Lucian,,Aatrox,2.24,313
Lucian,,Darius,2.87,294
Lucian,,Malphite,2.72,314
Lucian,,Kennen,5.46,214
Lucian,,Xin Zhao,6.22,225
Lucian,,Rengar,3.23,413
Lucian,,Diana,7.91,304
Lucian,,Nidalee,2.64,213
Lucian,,Camille,4.97,161
Lucian,,Lee Sin,6.49,230
Lucian,,Thresh,1.02,220
Lucian,,Karma,10.39,143
Lucian,,Blitzcrank,4.49,132
Lulu,,Kayn,-14.57,109
Lulu,,Amumu,-2.09,4166
Lulu,,Leona,-1.24,57010
Lulu,,Sona,-0.54,20980
Lulu,,Thresh,-1.13,83716
Lulu,,Braum,-1.06,22492
Lulu,,Zyra,-0.64,21894
Lulu,,Blitzcrank,-1.52,41143
Lulu,,Senna,-0.86,41688
Lulu,,Seraphine,-0.71,76951
Lulu,,Annie,-1.51,2062
Lulu,,Zilean,-0.22,18401
Lulu,,Renata Glasc,-0.91,6647
Lulu,,Rell,0.25,21544
Lulu,,Taric,1.47,8061
Lulu,,Elise,-0.87,2929
Lulu,,Nami,0.09,61580
Lulu,,Vel'Koz,-0.47,21704
Lulu,,Hwei,-0.73,4508
Lulu,,Maokai,0.19,11481
Lulu,,Fiddlesticks,-0.81,3690
Lulu,,Janna,0.71,19809
Lulu,,Nautilus,-0.74,69520
Lulu,,Brand,0.05,24371
Lulu,,Rammus,0.17,835
Lulu,,Rakan,0.12,18795
Lulu,,Galio,0.58,7464
Lulu,,Lux,-0.36,74462
Lulu,,Soraka,1.01,32482
Lulu,,Alistar,0.52,20814
Lulu,,Heimerdinger,-1.34,1562
Lulu,,Morgana,0.79,43085
Lulu,,Milio,1.43,43250
Lulu,,Xerath,0.70,22168
Lulu,,Anivia,-2.08,3399
Lulu,,Twisted Fate,-0.52,1617
Lulu,,Tahm Kench,0.61,20326
Lulu,,Bard,-0.28,26621
Lulu,,Poppy,2.64,15475
Lulu,,Pyke,-0.33,42055
Lulu,,Karma,0.21,39121
Lulu,,Jarvan IV,0.08,3164
Lulu,,Quinn,-0.09,526
Lulu,,Zaahen,-2.38,319
Lulu,,Shen,1.65,11551
Lulu,,Teemo,2.33,6701
Lulu,,Syndra,-0.03,1562
Lulu,,Sejuani,0.32,676
Lulu,,Shaco,1.72,10953
Lulu,,Taliyah,-0.52,772
Lulu,,Sion,1.63,2115
Lulu,,Karthus,-2.25,414
Lulu,,Lissandra,-0.02,1586
Lulu,,Skarner,-0.35,1561
Lulu,,LeBlanc,1.76,4857
Lulu,,Gragas,0.14,1434
Lulu,,Veigar,-0.18,5266
Lulu,,Aurelion Sol,0.07,550
Lulu,,Rek'Sai,-0.26,185
Lulu,,Neeko,0.12,12987
Lulu,,Sylas,1.07,9892
Lulu,,Zoe,-0.24,4456
Lulu,,Malphite,-0.03,6289
Lulu,,Ziggs,0.01,1904
Lulu,,Pantheon,2.05,30698
Lulu,,Swain,1.92,26702
Lulu,,Ashe,-1.28,7443
Lulu,,Zac,2.20,2049
Lulu,,Ahri,0.35,1097
Lulu,,Nocturne,-1.54,138
Lulu,,Yuumi,0.22,42347
Lulu,,Nidalee,0.96,1658
Lulu,,Malzahar,-0.07,1266
Lulu,,Dr. Mundo,-0.11,536
Lulu,,Ivern,1.35,1185
Lulu,,Kennen,2.27,631
Lulu,,Vi,1.23,1726
Lulu,,Cassiopeia,-1.80,221
Lulu,,Viego,-1.29,297
Lulu,,Camille,2.13,34736
Lulu,,Jax,1.45,970
Lulu,,Diana,-2.05,292
Lulu,,Qiyana,1.19,538
Lulu,,Ornn,0.80,580
Lulu,,Viktor,0.21,393
Lulu,,Orianna,-1.27,564
Lulu,,Cho'Gath,2.11,1746
Lulu,,Jayce,1.24,591
Lulu,,Locke,0.54,1205
Lulu,,Nunu & Willump,1.87,1248
Lulu,,Vex,2.63,697
Lulu,,Fizz,3.78,698
Lulu,,Sett,2.81,1540
Lulu,,Xin Zhao,1.48,380
Lulu,,Nasus,-1.51,644
Lulu,,Wukong,4.02,645
Lulu,,Kayle,2.77,360
Lulu,,Warwick,0.26,168
Lulu,,Aurora,-0.53,231
Lulu,,Rumble,1.31,325
Lulu,,Trundle,2.84,693
Lulu,,Ekko,4.12,646
Lulu,,Jhin,-0.76,925
Lulu,,Katarina,-0.33,410
Lulu,,Master Yi,3.43,627
Lulu,,Mel,1.29,17798
Lulu,,Briar,2.92,695
Lulu,,Bel'Veth,-2.48,139
Lulu,,Miss Fortune,0.81,2956
Lulu,,Lee Sin,2.12,1924
Lulu,,Kled,4.29,211
Lulu,,Rengar,1.85,879
Lulu,,Evelynn,7.38,252
Lulu,,Singed,5.22,995
Lulu,,Zed,2.48,933
Lulu,,Twitch,2.01,3329
Lulu,,Ezreal,0.86,2005
Lulu,,K'Sante,1.44,311
Lulu,,Akshan,0.29,261
Lulu,,Darius,2.24,431
Lulu,,Kog'Maw,6.63,413
Lulu,,Ambessa,0.56,129
Lulu,,Mordekaiser,2.37,477
Lulu,,Varus,-0.42,303
Lulu,,Azir,-3.43,112
Lulu,,Kai'Sa,0.52,341
Lulu,,Naafiri,3.40,392
Lulu,,Olaf,1.40,105
Lulu,,Talon,4.07,158
Lulu,,Illaoi,2.63,182
Lulu,,Caitlyn,-0.25,463
Lulu,,Aatrox,4.91,480
Lulu,,Urgot,6.17,187
Lulu,,Smolder,-1.63,105
Lulu,,Yorick,6.11,247
Lulu,,Volibear,5.31,257
Lulu,,Fiora,7.06,121
Lulu,,Riven,4.28,147
Lulu,,Jinx,-0.78,145
Lulu,,Vayne,3.20,243
Lulu,,Gangplank,0.74,135
Lulu,,Yasuo,6.25,670
Lulu,,Akali,6.75,239
Lulu,,Tryndamere,6.40,129
Lulu,,Yone,5.73,446
Lulu,,Garen,7.25,237
Lulu,,Lucian,3.74,100
Lulu,,Tristana,6.31,149
Lux,,Master Yi,-5.97,1743
Lux,,Xerath,-1.50,79487
Lux,,Sona,-0.14,37442
Lux,,Milio,-0.58,52896
Lux,,Poppy,-0.12,28317
Lux,,Soraka,-0.61,53240
Lux,,Blitzcrank,-1.45,106098
Lux,,Nami,-0.51,84301
Lux,,Taric,1.16,14024
Lux,,Amumu,0.09,9232
Lux,,LeBlanc,-1.76,9883
Lux,,Vel'Koz,-0.75,61553
Lux,,Rell,0.30,34186
Lux,,Zyra,-0.02,58674
Lux,,Shen,-0.91,21624
Lux,,Galio,-0.26,20185
Lux,,Leona,0.72,121518
Lux,,Janna,0.42,23320
Lux,,Teemo,-0.18,19399
Lux,,Hwei,-0.70,10999
Lux,,Zilean,0.42,30790
Lux,,Thresh,0.31,144509
Lux,,Nautilus,-0.69,150511
Lux,,Braum,0.41,33223
Lux,,Annie,-0.46,4508
Lux,,Maokai,0.61,26556
Lux,,Rammus,0.10,1638
Lux,,Shaco,-0.53,23508
Lux,,Elise,0.02,3811
Lux,,Karma,-1.07,61215
Lux,,Seraphine,0.74,228030
Lux,,Pantheon,-0.76,76331
Lux,,Tahm Kench,-0.17,54129
Lux,,Twisted Fate,-1.23,2827
Lux,,Zac,-0.70,3799
Lux,,Evelynn,-0.76,655
Lux,,Pyke,-1.35,108202
Lux,,Fiddlesticks,0.14,6973
Lux,,Renata Glasc,0.57,9037
Lux,,Wukong,-1.73,1429
Lux,,Morgana,0.92,161776
Lux,,Sion,0.11,5179
Lux,,Rek'Sai,-1.93,437
Lux,,Brand,1.13,81101
Lux,,Camille,-1.53,62613
Lux,,Sylas,-0.69,20344
Lux,,Alistar,1.14,33130
Lux,,Kennen,-0.99,1283
Lux,,Lulu,0.35,74462
Lux,,Zoe,-1.76,10039
Lux,,Taliyah,-1.51,1297
Lux,,Bard,-0.07,38250
Lux,,Quinn,-0.25,1212
Lux,,Ziggs,-1.55,8356
Lux,,Aurelion Sol,-0.94,1832
Lux,,Trundle,-2.68,1611
Lux,,Sejuani,-0.20,1574
Lux,,Senna,1.99,85888
Lux,,Fizz,-0.67,2477
Lux,,Nidalee,-1.01,4604
Lux,,Jarvan IV,0.18,6954
Lux,,Syndra,-0.22,3646
Lux,,Kog'Maw,-1.16,942
Lux,,Sett,-1.58,4488
Lux,,Heimerdinger,0.04,4169
Lux,,Vi,-1.18,3380
Lux,,Kled,-2.30,555
Lux,,Ekko,-1.05,1823
Lux,,Gragas,-0.29,2860
Lux,,Rakan,2.27,31061
Lux,,Swain,0.99,73251
Lux,,Malzahar,-1.33,3708
Lux,,Anivia,-0.24,7603
Lux,,Yuumi,-0.89,65956
Lux,,Qiyana,-1.25,1097
Lux,,Veigar,-0.12,17512
Lux,,Jax,-0.62,2366
Lux,,Neeko,0.35,39220
Lux,,Ashe,-1.58,22583
Lux,,Lissandra,0.65,3088
Lux,,Nunu & Willump,-0.98,2382
Lux,,Kayle,-0.37,818
Lux,,Lillia,-1.78,354
Lux,,Singed,0.04,2188
Lux,,Malphite,0.61,25403
Lux,,Skarner,0.83,2230
Lux,,Vex,0.20,2342
Lux,,Dr. Mundo,-0.40,2004
Lux,,Jayce,-0.98,1129
Lux,,Cho'Gath,0.34,5413
Lux,,Locke,-1.56,3073
Lux,,Ahri,0.96,3547
Lux,,Nocturne,-0.98,405
Lux,,Darius,-2.91,1429
Lux,,Briar,-0.45,1770
Lux,,Ivern,1.73,2309
Lux,,Naafiri,-2.66,1248
Lux,,Karthus,0.01,1217
Lux,,Rumble,-1.00,619
Lux,,Mel,-1.42,76311
Lux,,Xin Zhao,0.30,1118
Lux,,Ornn,0.97,1771
Lux,,Udyr,-1.91,307
Lux,,Rengar,-1.46,1864
Lux,,Zed,-1.02,2450
Lux,,Twitch,-1.65,7664
Lux,,Viktor,0.50,1214
Lux,,Diana,-1.14,992
Lux,,Lee Sin,-0.57,5588
Lux,,Viego,-0.04,677
Lux,,Talon,-0.86,376
Lux,,Aatrox,-1.14,1048
Lux,,Ambessa,-2.85,338
Lux,,Katarina,-1.32,1242
Lux,,Gwen,-3.87,177
Lux,,Ezreal,-1.60,4546
Lux,,Urgot,0.99,489
Lux,,Miss Fortune,-0.23,11123
Lux,,Bel'Veth,-3.47,247
Lux,,Yasuo,-1.66,2838
Lux,,Aurora,-0.24,688
Lux,,Cassiopeia,0.97,601
Lux,,Yorick,0.80,918
Lux,,Warwick,0.95,562
Lux,,Jhin,-0.61,2591
Lux,,Kai'Sa,-2.51,1086
Lux,,Zaahen,3.45,631
Lux,,Akshan,-1.36,515
Lux,,Renekton,-2.26,303
Lux,,Varus,-2.62,996
Lux,,Orianna,1.37,1363
Lux,,Mordekaiser,0.33,1735
Lux,,Nasus,0.22,1647
Lux,,K'Sante,1.09,633
Lux,,Graves,-0.74,315
Lux,,Riven,-0.40,448
Lux,,Volibear,1.80,1043
Lux,,Garen,-0.07,1209
Lux,,Akali,0.92,727
Lux,,Kindred,-0.95,172
Lux,,Illaoi,1.74,724
Lux,,Tryndamere,0.90,547
Lux,,Shyvana,1.19,185
Lux,,Gnar,2.12,300
Lux,,Kayn,4.91,363
Lux,,Caitlyn,-0.76,1582
Lux,,Fiora,5.30,291
Lux,,Yone,1.01,1776
Lux,,Vladimir,-0.77,228
Lux,,Gangplank,-1.96,422
Lux,,Kha'Zix,3.36,194
Lux,,Tristana,-1.68,759
Lux,,Olaf,3.27,292
Lux,,Ryze,2.64,304
Lux,,Irelia,-2.51,234
Lux,,Kassadin,-0.05,107
Lux,,Vayne,1.94,728
Lux,,Azir,-0.05,357
Lux,,Lucian,-1.66,350
Lux,,Smolder,0.31,466
Lux,,Xayah,-0.08,115
Lux,,Jinx,0.53,723
Lux,,Corki,-0.05,100
Lux,,Draven,-1.49,219
Lux,,Sivir,-0.11,150
Lux,,Kalista,2.56,203
Lux,,Samira,3.24,236
Lux,,Aphelios,1.12,171
Lux,,Yunara,0.46,215
Malphite,,Zac,-6.58,2757
Malphite,,Kassadin,-7.16,1222
Malphite,,Dr. Mundo,-6.17,48134
Malphite,,Mordekaiser,-5.04,76650
Malphite,,Swain,-7.68,5489
Malphite,,Tahm Kench,-6.16,19378
Malphite,,Aurelion Sol,-5.71,1124
Malphite,,Sylas,-6.39,39268
Malphite,,Ornn,-4.65,19275
Malphite,,Singed,-3.15,12863
Malphite,,Sion,-5.46,21647
Malphite,,Nasus,-3.06,41097
Malphite,,Maokai,-5.73,3116
Malphite,,Illaoi,-3.32,24797
Malphite,,Cho'Gath,-5.38,21842
Malphite,,Galio,-5.36,2188
Malphite,,Shen,-3.76,21484
Malphite,,Rek'Sai,-3.16,484
Malphite,,Malzahar,-3.85,5089
Malphite,,Fiddlesticks,-3.82,2272
Malphite,,Zilean,-2.09,1768
Malphite,,Vex,-2.95,381
Malphite,,Sejuani,-3.08,1412
Malphite,,Yorick,-1.03,27728
Malphite,,Veigar,-1.73,1993
Malphite,,Anivia,-1.41,3590
Malphite,,Kled,-0.77,8387
Malphite,,Lissandra,-1.00,2076
Malphite,,Ryze,-3.83,3523
Malphite,,Garen,-0.30,52243
Malphite,,Annie,-1.04,620
Malphite,,Vladimir,-3.18,6572
Malphite,,Rumble,-4.22,10041
Malphite,,Warwick,0.07,7729
Malphite,,Soraka,-6.57,308
Malphite,,Olaf,-1.31,15709
Malphite,,Gwen,-2.90,18360
Malphite,,Morgana,-2.38,1217
Malphite,,Zyra,-3.46,353
Malphite,,Udyr,-3.52,2681
Malphite,,Heimerdinger,-0.46,16647
Malphite,,Hwei,0.52,719
Malphite,,Ahri,1.17,1404
Malphite,,Vel'Koz,0.22,789
Malphite,,Brand,-0.93,3126
Malphite,,Renekton,-0.48,28380
Malphite,,Cassiopeia,-1.67,2673
Malphite,,Neeko,-1.40,520
Malphite,,Fizz,-2.31,1164
Malphite,,Volibear,-0.54,20197
Malphite,,Urgot,0.95,18749
Malphite,,Taliyah,-0.45,217
Malphite,,Zoe,0.57,617
Malphite,,Gragas,-1.45,9253
Malphite,,Zaahen,0.01,16512
Malphite,,Shaco,-3.89,1446
Malphite,,Nocturne,0.30,665
Malphite,,Sett,1.89,51071
Malphite,,Teemo,2.45,96020
Malphite,,Akali,-0.29,15141
Malphite,,Yone,0.65,60861
Malphite,,Viktor,0.97,1840
Malphite,,Gangplank,0.57,34189
Malphite,,LeBlanc,-0.33,628
Malphite,,Lux,-0.58,693
Malphite,,Skarner,-4.85,949
Malphite,,Mel,-4.64,837
Malphite,,Darius,0.11,56228
Malphite,,Lillia,-3.33,593
Malphite,,Azir,1.04,720
Malphite,,Briar,2.13,2306
Malphite,,Aurora,0.37,2548
Malphite,,Elise,0.91,414
Malphite,,Karthus,-0.33,500
Malphite,,Wukong,3.12,5181
Malphite,,Poppy,1.89,4678
Malphite,,K'Sante,-2.18,14106
Malphite,,Camille,0.84,11316
Malphite,,Kog'Maw,1.79,982
Malphite,,Jax,2.21,38238
Malphite,,Aatrox,1.77,41667
Malphite,,Locke,-2.57,4092
Malphite,,Ekko,-0.08,1245
Malphite,,Ambessa,0.56,19100
Malphite,,Diana,0.20,1087
Malphite,,Master Yi,-0.45,5861
Malphite,,Kennen,1.52,10606
Malphite,,Yasuo,0.88,26562
Malphite,,Twisted Fate,-0.11,1501
Malphite,,Rell,-4.07,115
Malphite,,Kayn,0.51,3134
Malphite,,Alistar,-2.69,611
Malphite,,Akshan,2.24,1220
Malphite,,Kayle,4.19,20617
Malphite,,Varus,0.56,5603
Malphite,,Trundle,2.50,15903
Malphite,,Rammus,-0.03,457
Malphite,,Zed,4.75,3057
Malphite,,Pantheon,3.14,19007
Malphite,,Syndra,5.49,739
Malphite,,Senna,1.38,745
Malphite,,Ivern,0.13,461
Malphite,,Seraphine,-0.15,154
Malphite,,Nautilus,-0.85,735
Malphite,,Shyvana,0.65,1368
Malphite,,Qiyana,3.20,579
Malphite,,Gnar,2.67,29392
Malphite,,Ziggs,1.84,476
Malphite,,Taric,-3.21,190
Malphite,,Riven,2.15,15676
Malphite,,Fiora,3.94,26991
Malphite,,Tryndamere,5.51,46896
Malphite,,Xin Zhao,3.62,2085
Malphite,,Karma,2.27,984
Malphite,,Naafiri,5.67,2851
Malphite,,Quinn,5.08,8243
Malphite,,Irelia,4.45,26592
Malphite,,Jayce,2.36,46708
Malphite,,Orianna,2.31,234
Malphite,,Xerath,2.39,291
Malphite,,Jhin,2.16,1191
Malphite,,Smolder,1.22,2620
Malphite,,Katarina,4.02,923
Malphite,,Sivir,-4.15,146
Malphite,,Thresh,-3.87,316
Malphite,,Janna,3.24,136
Malphite,,Vi,2.38,955
Malphite,,Jarvan IV,1.00,571
Malphite,,Viego,3.94,1021
Malphite,,Talon,3.47,418
Malphite,,Rengar,1.98,2308
Malphite,,Kai'Sa,4.22,1563
Malphite,,Evelynn,4.56,150
Malphite,,Graves,4.36,1645
Malphite,,Lee Sin,1.70,1457
Malphite,,Lulu,1.40,331
Malphite,,Aphelios,5.24,220
Malphite,,Miss Fortune,1.52,386
Malphite,,Vayne,8.12,37408
Malphite,,Amumu,-0.85,283
Malphite,,Nidalee,2.31,429
Malphite,,Ashe,4.60,1785
Malphite,,Caitlyn,5.14,2244
Malphite,,Leona,-2.38,309
Malphite,,Twitch,2.49,309
Malphite,,Ezreal,2.42,1004
Malphite,,Tristana,6.60,1698
Malphite,,Jinx,4.32,219
Malphite,,Corki,6.94,519
Malphite,,Samira,4.72,191
Malphite,,Bel'Veth,4.15,495
Malphite,,Lucian,4.27,792
Malphite,,Zeri,9.13,273
Malphite,,Draven,10.02,799
Malphite,,Hecarim,0.01,115
Malphite,,Kalista,11.29,1741
Malphite,,Yunara,4.05,134
Malphite,,Nunu & Willump,3.13,122
Malphite,,Blitzcrank,2.11,176
Malphite,,Kindred,8.51,112
Malzahar,,Singed,-3.82,1478
Malzahar,,Nocturne,-7.55,689
Malzahar,,Sion,-6.77,11016
Malzahar,,Tryndamere,-4.71,3493
Malzahar,,Zac,-3.84,653
Malzahar,,Kayle,-4.38,3166
Malzahar,,Briar,-1.48,2475
Malzahar,,Nasus,-1.51,7379
Malzahar,,Olaf,-3.21,660
Malzahar,,Karthus,-4.69,1509
Malzahar,,Xerath,-1.86,44154
Malzahar,,Zeri,-6.67,445
Malzahar,,Ivern,-6.59,120
Malzahar,,Dr. Mundo,-4.50,1759
Malzahar,,Aurelion Sol,-2.96,19330
Malzahar,,Smolder,-6.37,32464
Malzahar,,Swain,-1.64,7736
Malzahar,,Viktor,-1.86,64252
Malzahar,,Fizz,-1.15,57979
Malzahar,,Kled,0.34,894
Malzahar,,Rek'Sai,-0.79,128
Malzahar,,Garen,-0.01,3702
Malzahar,,Twitch,-4.98,1484
Malzahar,,Ziggs,-2.22,11572
Malzahar,,Galio,-2.73,32324
Malzahar,,Hwei,-1.65,31831
Malzahar,,Gwen,-0.39,8778
Malzahar,,Zilean,0.04,2044
Malzahar,,Ornn,-3.21,497
Malzahar,,Udyr,-7.03,267
Malzahar,,Veigar,-0.10,74316
Malzahar,,Mordekaiser,1.50,2144
Malzahar,,Gangplank,-1.91,5671
Malzahar,,Kennen,-0.23,2491
Malzahar,,Jarvan IV,-2.05,634
Malzahar,,Ekko,-1.17,29797
Malzahar,,Kassadin,-1.50,18092
Malzahar,,Xin Zhao,-1.16,1943
Malzahar,,Jinx,-4.69,497
Malzahar,,Yone,-1.77,66255
Malzahar,,Lux,0.02,48700
Malzahar,,Twisted Fate,-1.03,38162
Malzahar,,Vel'Koz,-0.53,9221
Malzahar,,Syndra,-0.66,55848
Malzahar,,Lissandra,-0.59,29986
Malzahar,,Ahri,-0.60,85160
Malzahar,,Brand,-0.58,13291
Malzahar,,Lillia,-3.54,181
Malzahar,,Taliyah,-3.26,7705
Malzahar,,Diana,-0.46,36457
Malzahar,,Yorick,-0.42,2570
Malzahar,,Teemo,0.60,3927
Malzahar,,Vex,0.78,29570
Malzahar,,Zyra,-1.03,2697
Malzahar,,Riven,-0.09,4110
Malzahar,,Wukong,0.67,854
Malzahar,,Anivia,-0.28,17240
Malzahar,,Evelynn,-0.73,116
Malzahar,,Neeko,-0.10,3677
Malzahar,,Talon,-1.21,14818
Malzahar,,Cho'Gath,0.07,4578
Malzahar,,Urgot,-0.13,544
Malzahar,,Irelia,-0.55,24764
Malzahar,,Heimerdinger,3.27,5997
Malzahar,,Kog'Maw,0.82,1875
Malzahar,,Viego,-0.63,1354
Malzahar,,Morgana,0.82,8017
Malzahar,,Locke,-1.49,47996
Malzahar,,Yunara,-8.39,329
Malzahar,,Senna,-5.09,505
Malzahar,,Seraphine,-1.69,2785
Malzahar,,Sejuani,-0.73,376
Malzahar,,Draven,-2.64,598
Malzahar,,Quinn,1.91,2269
Malzahar,,Rumble,0.72,902
Malzahar,,Kalista,0.70,474
Malzahar,,Akshan,-0.62,17189
Malzahar,,Katarina,0.01,56085
Malzahar,,Kayn,-0.91,355
Malzahar,,Sett,3.73,1202
Malzahar,,Volibear,-0.83,496
Malzahar,,Ambessa,1.66,1548
Malzahar,,Renekton,2.35,1168
Malzahar,,Fiora,2.23,478
Malzahar,,Pyke,-3.35,460
Malzahar,,Orianna,-2.19,21181
Malzahar,,Aurora,0.41,14655
Malzahar,,Zed,0.73,66395
Malzahar,,Graves,-1.43,749
Malzahar,,Fiddlesticks,3.46,719
Malzahar,,Vayne,-0.04,1141
Malzahar,,Annie,2.01,14634
Malzahar,,Naafiri,2.22,23930
Malzahar,,Pantheon,3.49,6293
Malzahar,,Tristana,-0.37,6177
Malzahar,,Warwick,2.83,263
Malzahar,,Poppy,2.54,175
Malzahar,,Gragas,3.88,2237
Malzahar,,Jax,2.08,718
Malzahar,,Aphelios,-0.63,429
Malzahar,,Vi,1.87,651
Malzahar,,Master Yi,2.31,1305
Malzahar,,Sylas,2.08,53275
Malzahar,,Malphite,3.96,5645
Malzahar,,Miss Fortune,-1.26,2077
Malzahar,,Azir,-0.78,12322
Malzahar,,Jayce,1.00,4008
Malzahar,,Karma,0.61,1298
Malzahar,,Darius,2.41,608
Malzahar,,Ashe,-2.32,1904
Malzahar,,Akali,2.15,48890
Malzahar,,Jhin,0.78,2229
Malzahar,,Corki,-1.54,1814
Malzahar,,Qiyana,0.70,12603
Malzahar,,Illaoi,5.52,749
Malzahar,,Soraka,-2.69,236
Malzahar,,Trundle,2.34,268
Malzahar,,Yasuo,3.09,94939
Malzahar,,K'Sante,1.68,487
Malzahar,,Vladimir,5.14,29950
Malzahar,,Tahm Kench,5.46,729
Malzahar,,Camille,2.94,372
Malzahar,,Sivir,-2.75,567
Malzahar,,Rakan,3.27,183
Malzahar,,Thresh,-3.01,213
Malzahar,,Ryze,1.83,20959
Malzahar,,Shen,5.66,641
Malzahar,,Shyvana,-0.46,190
Malzahar,,Nautilus,-1.17,274
Malzahar,,Nunu & Willump,3.43,1112
Malzahar,,Varus,0.91,2150
Malzahar,,Cassiopeia,2.63,12705
Malzahar,,Mel,1.45,35124
Malzahar,,Aatrox,4.13,936
Malzahar,,Kindred,0.17,234
Malzahar,,Caitlyn,1.43,2836
Malzahar,,Zoe,4.24,18672
Malzahar,,LeBlanc,4.53,34976
Malzahar,,Zaahen,5.19,455
Malzahar,,Elise,6.03,185
Malzahar,,Nidalee,2.57,485
Malzahar,,Lee Sin,1.61,847
Malzahar,,Xayah,3.90,185
Malzahar,,Maokai,5.52,198
Malzahar,,Gnar,3.57,282
Malzahar,,Kai'Sa,3.06,2644
Malzahar,,Lucian,0.61,1692
Malzahar,,Alistar,2.31,196
Malzahar,,Samira,4.37,374
Malzahar,,Bel'Veth,1.20,199
Malzahar,,Ezreal,3.39,4456
Malzahar,,Shaco,6.13,308
Malzahar,,Lulu,6.82,190
Malzahar,,Blitzcrank,10.95,150
Maokai,,Taric,-2.04,2982
Maokai,,Rammus,-3.99,273
Maokai,,Kog'Maw,-5.82,132
Maokai,,Hwei,-2.82,1368
Maokai,,Morgana,-2.24,16226
Maokai,,Senna,-1.90,11982
Maokai,,Leona,-0.75,20563
Maokai,,Rell,-0.71,6772
Maokai,,Sona,-0.13,5441
Maokai,,Heimerdinger,-3.27,649
Maokai,,Milio,-0.62,8503
Maokai,,Fiddlesticks,-1.79,1202
Maokai,,Swain,-2.58,9967
Maokai,,Thresh,-0.50,23724
Maokai,,Shen,-1.26,4057
Maokai,,Shaco,-1.66,3678
Maokai,,Galio,-0.52,2952
Maokai,,Renata Glasc,-0.87,1670
Maokai,,Braum,-0.23,7096
Maokai,,Zyra,0.03,7612
Maokai,,Jarvan IV,-2.29,870
Maokai,,Vel'Koz,-0.56,7091
Maokai,,Janna,0.41,4673
Maokai,,Seraphine,-0.19,23976
Maokai,,Tahm Kench,-1.10,8686
Maokai,,Soraka,0.23,8019
Maokai,,Zilean,0.56,4959
Maokai,,Alistar,-0.07,7889
Maokai,,Viego,-5.99,103
Maokai,,Sion,-0.88,782
Maokai,,Nami,0.63,12667
Maokai,,Twisted Fate,-1.69,441
Maokai,,Lux,-0.63,26556
Maokai,,Poppy,1.39,6489
Maokai,,Rakan,0.51,6101
Maokai,,Teemo,0.89,2640
Maokai,,Nautilus,0.05,23331
Maokai,,Lulu,-0.19,11481
Maokai,,Brand,0.88,9335
Maokai,,Kennen,-1.32,189
Maokai,,K'Sante,-6.96,140
Maokai,,Blitzcrank,0.67,12693
Maokai,,Taliyah,-1.79,228
Maokai,,Xerath,1.22,7108
Maokai,,Sylas,-0.45,2967
Maokai,,Lissandra,-1.18,480
Maokai,,Neeko,-0.94,4606
Maokai,,Xin Zhao,-3.12,155
Maokai,,Zaahen,-2.47,107
Maokai,,Zac,0.68,606
Maokai,,Pantheon,0.94,11721
Maokai,,Cho'Gath,-1.49,719
Maokai,,Quinn,0.36,146
Maokai,,Zed,-4.16,295
Maokai,,Briar,-2.47,257
Maokai,,Sett,-0.88,727
Maokai,,Diana,-4.27,109
Maokai,,Ziggs,-0.38,726
Maokai,,Amumu,3.97,1376
Maokai,,Vex,-0.47,263
Maokai,,Fizz,0.66,246
Maokai,,Trundle,-1.23,272
Maokai,,Aurelion Sol,0.60,244
Maokai,,Singed,-0.30,329
Maokai,,Malphite,0.20,2762
Maokai,,Annie,2.76,628
Maokai,,Karma,1.89,8302
Maokai,,Elise,3.18,819
Maokai,,Karthus,-1.27,150
Maokai,,Anivia,0.77,1041
Maokai,,Camille,1.06,10529
Maokai,,Yuumi,0.17,9384
Maokai,,Bard,2.21,7493
Maokai,,Ekko,0.67,228
Maokai,,LeBlanc,3.05,1496
Maokai,,Vayne,-7.80,101
Maokai,,Syndra,1.94,464
Maokai,,Pyke,2.05,19301
Maokai,,Sejuani,2.36,257
Maokai,,Ornn,0.10,253
Maokai,,Qiyana,0.71,156
Maokai,,Gragas,2.18,482
Maokai,,Darius,-2.55,230
Maokai,,Veigar,1.97,2032
Maokai,,Jayce,0.34,165
Maokai,,Nunu & Willump,0.93,373
Maokai,,Skarner,2.44,480
Maokai,,Nidalee,2.51,521
Maokai,,Locke,-0.10,414
Maokai,,Twitch,-1.50,947
Maokai,,Vi,2.60,508
Maokai,,Katarina,-1.85,149
Maokai,,Zoe,2.77,1319
Maokai,,Jax,2.63,352
Maokai,,Orianna,-0.66,191
Maokai,,Ashe,1.32,2537
Maokai,,Mordekaiser,-1.69,281
Maokai,,Varus,-4.11,107
Maokai,,Ivern,3.73,406
Maokai,,Dr. Mundo,2.46,248
Maokai,,Yasuo,-1.95,297
Maokai,,Ahri,4.15,366
Maokai,,Naafiri,0.25,148
Maokai,,Illaoi,-1.54,117
Maokai,,Jhin,-0.45,294
Maokai,,Mel,1.28,7356
Maokai,,Rengar,1.18,263
Maokai,,Malzahar,4.30,460
Maokai,,Viktor,3.33,146
Maokai,,Aatrox,1.08,151
Maokai,,Ezreal,0.32,550
Maokai,,Miss Fortune,1.22,1054
Maokai,,Yorick,2.68,117
Maokai,,Volibear,1.74,150
Maokai,,Kayle,6.04,139
Maokai,,Lee Sin,3.68,646
Maokai,,Garen,0.44,139
Maokai,,Nasus,2.78,201
Maokai,,Kai'Sa,1.22,144
Maokai,,Master Yi,7.57,204
Maokai,,Yone,1.00,193
Maokai,,Wukong,12.66,227
Maokai,,Caitlyn,3.42,166
Master Yi,,Rammus,-3.52,55041
Master Yi,,Wukong,-2.74,53813
Master Yi,,Tryndamere,-2.71,12636
Master Yi,,Warwick,-1.60,89685
Master Yi,,Amumu,-1.45,39407
Master Yi,,Jax,-2.24,61541
Master Yi,,Sion,-0.50,2183
Master Yi,,Elise,-2.90,10936
Master Yi,,Sejuani,-0.99,19020
Master Yi,,Shyvana,0.67,53298
Master Yi,,Briar,0.40,67209
Master Yi,,Zac,-1.35,18927
Master Yi,,Vi,-1.18,55621
Master Yi,,Maokai,-1.07,4140
Master Yi,,Shaco,-1.54,60460
Master Yi,,Teemo,-0.22,12689
Master Yi,,Viego,-1.03,115677
Master Yi,,Mordekaiser,1.45,9083
Master Yi,,Taric,-2.78,379
Master Yi,,Udyr,-0.39,18705
Master Yi,,Volibear,-0.34,18508
Master Yi,,Shen,-0.58,3983
Master Yi,,Dr. Mundo,0.60,8329
Master Yi,,Aatrox,0.50,7574
Master Yi,,Yorick,-0.30,1979
Master Yi,,Zyra,0.81,4297
Master Yi,,Cho'Gath,1.14,6859
Master Yi,,Darius,0.65,8397
Master Yi,,Evelynn,-0.51,22021
Master Yi,,Nocturne,1.02,91919
Master Yi,,Fizz,-0.14,5605
Master Yi,,Bel'Veth,0.87,36528
Master Yi,,Graves,-0.37,100323
Master Yi,,Rek'Sai,-0.39,6400
Master Yi,,Kayle,-3.79,309
Master Yi,,Naafiri,-0.07,39120
Master Yi,,Ekko,0.10,29150
Master Yi,,Trundle,0.86,11041
Master Yi,,Pantheon,-1.15,11018
Master Yi,,Xin Zhao,0.87,35406
Master Yi,,Zaahen,1.93,3948
Master Yi,,Lillia,2.06,26133
Master Yi,,Jarvan IV,1.34,41505
Master Yi,,Jayce,-0.90,7803
Master Yi,,Malphite,0.21,16120
Master Yi,,Quinn,0.92,12321
Master Yi,,Fiddlesticks,1.24,20789
Master Yi,,Gragas,0.45,5021
Master Yi,,Talon,0.92,26590
Master Yi,,Kha'Zix,-0.21,47824
Master Yi,,Nasus,2.92,35052
Master Yi,,Kayn,2.08,110879
Master Yi,,Lee Sin,-0.33,98601
Master Yi,,Sylas,0.91,48999
Master Yi,,Sett,-0.61,1400
Master Yi,,Ivern,1.96,6491
Master Yi,,Poppy,1.82,4072
Master Yi,,Singed,-0.39,1082
Master Yi,,Morgana,1.98,3267
Master Yi,,Skarner,0.07,8042
Master Yi,,Riven,-1.89,1380
Master Yi,,Neeko,0.04,644
Master Yi,,Hecarim,1.02,28957
Master Yi,,Urgot,-0.49,536
Master Yi,,Diana,1.44,32516
Master Yi,,Rumble,0.85,796
Master Yi,,Nunu & Willump,1.80,19318
Master Yi,,Kindred,1.41,21809
Master Yi,,Gwen,2.88,6055
Master Yi,,Nautilus,-0.63,1336
Master Yi,,Olaf,2.69,3843
Master Yi,,Karthus,3.13,10402
Master Yi,,Ambessa,3.98,5913
Master Yi,,Qiyana,0.09,15529
Master Yi,,Taliyah,4.82,2500
Master Yi,,Vayne,0.81,1248
Master Yi,,Zeri,-0.50,299
Master Yi,,Kled,0.16,161
Master Yi,,Brand,3.54,2421
Master Yi,,Heimerdinger,-0.36,219
Master Yi,,Tahm Kench,-1.81,409
Master Yi,,Zed,2.99,19646
Master Yi,,Nidalee,3.79,14313
Master Yi,,Camille,1.15,906
Master Yi,,Ornn,2.83,359
Master Yi,,Yone,0.39,1079
Master Yi,,Malzahar,-0.65,386
Master Yi,,Twisted Fate,-3.28,381
Master Yi,,Aurelion Sol,3.18,625
Master Yi,,Galio,-0.43,301
Master Yi,,Caitlyn,-5.40,183
Master Yi,,Garen,1.73,2678
Master Yi,,Kassadin,0.09,112
Master Yi,,Rengar,3.51,39593
Master Yi,,Renekton,-0.94,233
Master Yi,,Kai'Sa,3.49,790
Master Yi,,Lux,-1.15,108
Master Yi,,Locke,2.63,18456
Master Yi,,Akshan,-1.28,122
Master Yi,,Twitch,1.88,3238
Master Yi,,Jhin,0.77,793
Master Yi,,Tristana,0.66,309
Master Yi,,Illaoi,-0.97,140
Master Yi,,Leona,2.57,234
Master Yi,,Ezreal,1.43,302
Master Yi,,Yasuo,0.39,650
Master Yi,,Gnar,6.88,168
Master Yi,,Katarina,1.88,192
Master Yi,,Pyke,1.37,168
Master Yi,,Ryze,6.51,114
Master Yi,,Ashe,4.34,111
Master Yi,,Blitzcrank,1.85,149
Master Yi,,Irelia,7.96,115
Master Yi,,Alistar,7.59,112
Mel,,Briar,-3.53,1188
Mel,,Zac,-3.91,261
Mel,,Nocturne,-4.93,295
Mel,,Xerath,-3.69,22404
Mel,,Master Yi,-5.70,708
Mel,,Gwen,-3.21,3374
Mel,,Fizz,-3.19,28617
Mel,,Sion,-3.12,1924
Mel,,Sett,-1.36,685
Mel,,Nasus,-1.02,2654
Mel,,Aurelion Sol,-4.10,7757
Mel,,Rumble,-3.65,380
Mel,,Viktor,-2.20,28891
Mel,,Malzahar,-1.45,35124
Mel,,Syndra,-2.47,26965
Mel,,Mordekaiser,0.29,1057
Mel,,Kled,0.12,359
Mel,,Singed,2.44,623
Mel,,Xin Zhao,-2.15,1031
Mel,,Veigar,-0.62,35257
Mel,,Garen,0.05,1810
Mel,,Ambessa,-1.37,825
Mel,,Tahm Kench,-1.10,452
Mel,,Zeri,-5.15,196
Mel,,Kog'Maw,-1.36,773
Mel,,Shaco,-6.42,177
Mel,,Fiora,-0.43,300
Mel,,Shen,-0.57,328
Mel,,Tryndamere,1.97,1493
Mel,,Ziggs,-1.31,5213
Mel,,Jax,-2.01,428
Mel,,Kennen,0.06,1236
Mel,,Cho'Gath,-1.28,2085
Mel,,Kassadin,-1.24,6883
Mel,,Xayah,-4.43,107
Mel,,Vi,-2.21,341
Mel,,Vladimir,-0.24,12443
Mel,,Vel'Koz,-0.30,4075
Mel,,Fiddlesticks,0.77,350
Mel,,Gragas,0.50,1116
Mel,,Riven,-0.59,1738
Mel,,Diana,-0.29,17418
Mel,,Zilean,1.59,878
Mel,,Irelia,-1.20,11438
Mel,,Pantheon,0.93,3871
Mel,,Hwei,0.17,14860
Mel,,Karthus,-1.13,704
Mel,,Naafiri,-0.14,12739
Mel,,Yorick,-0.06,1048
Mel,,Jarvan IV,-0.69,415
Mel,,Kayn,-1.75,155
Mel,,Yasuo,-1.30,45046
Mel,,Gnar,-4.02,159
Mel,,Brand,0.47,5936
Mel,,Camille,-1.48,226
Mel,,Trundle,-1.78,154
Mel,,Viego,-0.67,739
Mel,,Elise,-0.46,104
Mel,,Nunu & Willump,-1.53,622
Mel,,Galio,0.00,14653
Mel,,Ekko,0.85,12967
Mel,,Heimerdinger,3.63,3008
Mel,,Dr. Mundo,-0.65,681
Mel,,Lissandra,1.08,13115
Mel,,Zed,-0.19,28594
Mel,,Zyra,-0.02,1123
Mel,,Annie,0.82,7362
Mel,,Sylas,-0.09,28310
Mel,,Locke,-0.84,21653
Mel,,Morgana,1.48,3465
Mel,,Anivia,0.70,7597
Mel,,Aurora,-0.10,7323
Mel,,Orianna,-2.59,10267
Mel,,Lux,2.39,25201
Mel,,Kayle,2.41,1275
Mel,,Twisted Fate,1.36,15911
Mel,,Katarina,0.59,23384
Mel,,Akali,-0.03,25683
Mel,,Swain,2.99,3188
Mel,,Akshan,0.34,7893
Mel,,Quinn,3.11,1211
Mel,,Wukong,2.45,432
Mel,,Yone,1.30,37739
Mel,,Karma,-0.74,605
Mel,,Kalista,2.13,277
Mel,,Taliyah,-0.24,3132
Mel,,Teemo,3.38,2016
Mel,,Sejuani,1.34,130
Mel,,Ryze,-0.40,8949
Mel,,Urgot,2.30,272
Mel,,Tristana,0.06,3152
Mel,,Lee Sin,-2.72,520
Mel,,Malphite,3.62,3099
Mel,,Talon,1.71,6113
Mel,,Zoe,1.52,12099
Mel,,Cassiopeia,0.20,5971
Mel,,Gangplank,2.76,2054
Mel,,Darius,2.11,371
Mel,,Jhin,0.23,1298
Mel,,Renekton,4.58,645
Mel,,Azir,-0.50,5823
Mel,,Senna,-2.08,247
Mel,,Kai'Sa,-1.01,1217
Mel,,Jayce,1.58,2057
Mel,,LeBlanc,2.72,14769
Mel,,Miss Fortune,-0.46,1117
Mel,,Illaoi,5.45,425
Mel,,Ahri,4.53,53935
Mel,,Vayne,2.38,683
Mel,,Sivir,-3.14,231
Mel,,Samira,-1.30,258
Mel,,Aatrox,3.01,494
Mel,,Bel'Veth,-4.55,109
Mel,,Vex,5.65,17533
Mel,,Ornn,3.57,203
Mel,,Qiyana,1.61,6038
Mel,,Graves,1.57,370
Mel,,Volibear,3.32,242
Mel,,Twitch,2.59,731
Mel,,Olaf,6.18,201
Mel,,Smolder,2.10,2305
Mel,,Aphelios,1.98,210
Mel,,Corki,0.07,880
Mel,,Nautilus,-0.89,163
Mel,,Neeko,5.55,1768
Mel,,Seraphine,3.87,1302
Mel,,Pyke,1.36,246
Mel,,Warwick,6.60,123
Mel,,Ezreal,-0.59,2643
Mel,,Caitlyn,2.33,1495
Mel,,Nidalee,2.36,285
Mel,,Zaahen,5.96,265
Mel,,Blitzcrank,-6.12,106
Mel,,Ashe,1.16,922
Mel,,Varus,2.67,1143
Mel,,Jinx,4.16,219
Mel,,K'Sante,4.80,232
Mel,,Draven,4.91,313
Mel,,Lucian,1.01,968
Mel,,Kindred,5.37,148
Mel,,Alistar,4.14,115
Mel,,Lulu,4.78,106
Mel,,Udyr,9.69,120
Mel,,Thresh,8.06,102
Mel,,Yunara,7.89,166
Milio,,Blitzcrank,-3.36,26637
Milio,,Janna,-0.91,13739
Milio,,Thresh,-1.32,54159
Milio,,Sona,-0.49,16295
Milio,,Braum,-1.16,15860
Milio,,Rammus,-1.32,494
Milio,,Soraka,-0.68,22999
Milio,,Senna,-0.88,29699
Milio,,Amumu,0.10,3045
Milio,,Nami,-0.25,46441
Milio,,Rell,0.35,14103
Milio,,Lulu,-1.44,43250
Milio,,Nautilus,-1.14,44613
Milio,,Zilean,0.30,12995
Milio,,Elise,-0.49,1816
Milio,,Alistar,-0.07,13361
Milio,,Galio,0.22,4634
Milio,,Rakan,-0.09,12433
Milio,,Tahm Kench,-0.62,13912
Milio,,Leona,1.30,42941
Milio,,Maokai,0.62,8503
Milio,,Vel'Koz,0.18,15441
Milio,,Evelynn,-1.06,192
Milio,,Fiddlesticks,-0.14,2403
Milio,,Zyra,1.09,16504
Milio,,Shen,0.16,7128
Milio,,Karma,-1.01,24784
Milio,,Hwei,0.09,2923
Milio,,Jarvan IV,-1.10,1761
Milio,,Taric,2.71,5948
Milio,,Wukong,-1.67,365
Milio,,Taliyah,-2.14,469
Milio,,Brand,1.06,17856
Milio,,Seraphine,1.38,62550
Milio,,Bard,-0.58,16649
Milio,,Poppy,2.26,9614
Milio,,Lux,0.57,52896
Milio,,Teemo,1.60,4251
Milio,,Xerath,1.29,14381
Milio,,Annie,1.02,1492
Milio,,Quinn,-0.29,327
Milio,,Pyke,-0.27,27675
Milio,,Gragas,-0.75,873
Milio,,Zac,0.51,1194
Milio,,Yuumi,-1.70,21633
Milio,,Malphite,-1.11,4028
Milio,,Ahri,-1.14,710
Milio,,Kog'Maw,-0.81,238
Milio,,Pantheon,1.07,19432
Milio,,Morgana,2.51,35024
Milio,,Ornn,-1.88,427
Milio,,Nunu & Willump,-1.83,656
Milio,,Sion,1.87,1315
Milio,,Shaco,2.11,6614
Milio,,LeBlanc,1.97,2589
Milio,,Neeko,0.38,8563
Milio,,Sejuani,1.11,446
Milio,,Sylas,1.43,4992
Milio,,Syndra,1.18,945
Milio,,Twisted Fate,1.78,1027
Milio,,Swain,2.07,17904
Milio,,Renata Glasc,3.44,4255
Milio,,Ivern,0.68,792
Milio,,Ziggs,0.45,1167
Milio,,Heimerdinger,1.73,885
Milio,,Kayle,-0.12,257
Milio,,Skarner,0.88,817
Milio,,Trundle,-0.50,423
Milio,,Jax,0.56,536
Milio,,Anivia,1.05,2093
Milio,,Camille,1.32,20085
Milio,,Jayce,-0.92,234
Milio,,Kennen,1.95,334
Milio,,Master Yi,-0.05,290
Milio,,Veigar,1.52,3527
Milio,,Zoe,1.29,3195
Milio,,Viego,-1.54,185
Milio,,Kled,0.11,145
Milio,,Fizz,2.14,421
Milio,,Sett,1.35,933
Milio,,Nidalee,2.08,996
Milio,,Ashe,0.29,5704
Milio,,Yorick,-1.35,175
Milio,,Cho'Gath,1.72,1046
Milio,,Briar,0.58,413
Milio,,Rek'Sai,2.51,121
Milio,,Darius,-1.67,270
Milio,,Vi,2.42,895
Milio,,Nasus,-2.29,293
Milio,,Lissandra,3.19,1139
Milio,,Dr. Mundo,1.46,333
Milio,,Aurelion Sol,3.36,406
Milio,,Urgot,-0.09,111
Milio,,Zaahen,1.79,169
Milio,,Vex,2.58,452
Milio,,Malzahar,2.64,980
Milio,,K'Sante,-1.23,136
Milio,,Rumble,1.13,170
Milio,,Locke,1.47,635
Milio,,Naafiri,-0.17,228
Milio,,Volibear,-0.30,196
Milio,,Jhin,-0.63,526
Milio,,Mel,1.08,12247
Milio,,Singed,3.97,568
Milio,,Qiyana,3.69,319
Milio,,Lee Sin,1.28,1055
Milio,,Zed,1.52,434
Milio,,Cassiopeia,2.00,120
Milio,,Xin Zhao,4.17,241
Milio,,Viktor,3.99,251
Milio,,Aatrox,1.94,250
Milio,,Rengar,2.43,410
Milio,,Vayne,-2.45,110
Milio,,Karthus,4.69,251
Milio,,Ezreal,1.03,964
Milio,,Warwick,2.98,108
Milio,,Yasuo,0.47,324
Milio,,Mordekaiser,1.75,269
Milio,,Diana,2.64,194
Milio,,Yone,-1.32,251
Milio,,Miss Fortune,2.43,1672
Milio,,Akshan,1.72,169
Milio,,Ekko,7.75,433
Milio,,Twitch,4.05,1796
Milio,,Katarina,3.85,228
Milio,,Kai'Sa,2.62,194
Milio,,Orianna,6.09,356
Milio,,Varus,2.60,169
Milio,,Caitlyn,1.36,264
Milio,,Illaoi,4.86,136
Milio,,Garen,4.55,165
Milio,,Akali,7.85,112
Milio,,Aurora,9.83,135
Miss Fortune,,Olaf,-5.06,840
Miss Fortune,,Tahm Kench,-2.18,3677
Miss Fortune,,Kled,-6.17,273
Miss Fortune,,Mordekaiser,-5.72,1058
Miss Fortune,,Aurelion Sol,-1.64,7076
Miss Fortune,,Katarina,-2.36,10283
Miss Fortune,,Xerath,-2.33,33760
Miss Fortune,,Gwen,-1.73,920
Miss Fortune,,Swain,-1.21,16282
Miss Fortune,,Fiora,-2.12,855
Miss Fortune,,Viego,-2.87,2671
Miss Fortune,,Karthus,-0.47,5438
Miss Fortune,,Hwei,-1.36,15441
Miss Fortune,,Singed,-2.03,707
Miss Fortune,,Seraphine,-0.85,38930
Miss Fortune,,Zyra,-2.62,2198
Miss Fortune,,Briar,-2.90,890
Miss Fortune,,Brand,-1.03,18478
Miss Fortune,,Vel'Koz,-1.47,8603
Miss Fortune,,Veigar,-0.15,42025
Miss Fortune,,Ziggs,-1.63,73453
Miss Fortune,,Viktor,-1.23,33651
Miss Fortune,,Master Yi,-0.59,2034
Miss Fortune,,Lux,-0.39,18770
Miss Fortune,,Nilah,-0.27,22271
Miss Fortune,,Yasuo,-1.69,30194
Miss Fortune,,Dr. Mundo,-4.63,775
Miss Fortune,,Naafiri,-2.09,1679
Miss Fortune,,Sion,-3.27,1616
Miss Fortune,,Vladimir,-0.85,5507
Miss Fortune,,Senna,-0.46,38405
Miss Fortune,,Sett,-1.11,1139
Miss Fortune,,Tryndamere,-3.54,564
Miss Fortune,,Riven,-2.60,500
Miss Fortune,,Smolder,-0.43,90509
Miss Fortune,,Yone,-2.09,4659
Miss Fortune,,Kog'Maw,0.45,27794
Miss Fortune,,Zeri,-0.47,35399
Miss Fortune,,Malzahar,-0.15,9093
Miss Fortune,,Ahri,-1.08,2814
Miss Fortune,,Irelia,-2.73,2068
Miss Fortune,,Heimerdinger,1.88,3784
Miss Fortune,,Twitch,-0.09,98941
Miss Fortune,,Teemo,0.58,7152
Miss Fortune,,Jax,-3.51,613
Miss Fortune,,Fizz,-0.69,1137
Miss Fortune,,Kayle,-0.88,737
Miss Fortune,,Jinx,0.96,243883
Miss Fortune,,Jhin,-0.69,288098
Miss Fortune,,Xayah,0.75,58766
Miss Fortune,,Sivir,0.01,54256
Miss Fortune,,Syndra,-0.27,29024
Miss Fortune,,Samira,0.05,103362
Miss Fortune,,Zed,-1.29,1357
Miss Fortune,,Ekko,-0.44,1107
Miss Fortune,,Caitlyn,-0.21,419793
Miss Fortune,,Aurora,-1.21,1338
Miss Fortune,,Tristana,1.00,173978
Miss Fortune,,Zilean,-0.91,505
Miss Fortune,,Draven,-0.46,56894
Miss Fortune,,Ryze,-1.09,1102
Miss Fortune,,Ashe,0.49,183434
Miss Fortune,,Kai'Sa,0.42,257740
Miss Fortune,,Vex,0.20,1481
Miss Fortune,,Aphelios,0.71,57327
Miss Fortune,,Shen,1.95,453
Miss Fortune,,Yunara,0.16,84970
Miss Fortune,,Rumble,-4.06,137
Miss Fortune,,Yorick,-1.67,648
Miss Fortune,,Anivia,0.07,1999
Miss Fortune,,Urgot,-1.03,504
Miss Fortune,,Ambessa,0.21,297
Miss Fortune,,Vayne,1.58,104626
Miss Fortune,,Diana,-2.40,739
Miss Fortune,,Orianna,-2.25,1182
Miss Fortune,,Garen,-1.99,780
Miss Fortune,,Mel,-1.14,65326
Miss Fortune,,Annie,0.99,1198
Miss Fortune,,Quinn,0.50,1920
Miss Fortune,,Corki,0.58,17137
Miss Fortune,,Ezreal,-1.12,199542
Miss Fortune,,Lucian,0.50,108176
Miss Fortune,,Xin Zhao,-1.41,508
Miss Fortune,,Akshan,0.60,2476
Miss Fortune,,Trundle,-2.82,348
Miss Fortune,,Gangplank,-2.31,551
Miss Fortune,,Locke,-0.43,3330
Miss Fortune,,Morgana,0.26,2593
Miss Fortune,,Neeko,-1.79,982
Miss Fortune,,Fiddlesticks,-0.43,198
Miss Fortune,,Pyke,-3.41,450
Miss Fortune,,Kayn,-1.35,222
Miss Fortune,,Twisted Fate,-0.49,2944
Miss Fortune,,Cassiopeia,1.49,4636
Miss Fortune,,Ornn,-1.74,119
Miss Fortune,,Aatrox,-2.55,502
Miss Fortune,,Kalista,1.63,24086
Miss Fortune,,Qiyana,1.47,358
Miss Fortune,,Jayce,-0.78,1249
Miss Fortune,,K'Sante,-2.88,148
Miss Fortune,,Illaoi,-2.42,271
Miss Fortune,,Cho'Gath,0.19,1351
Miss Fortune,,Taliyah,1.50,2126
Miss Fortune,,LeBlanc,-2.10,934
Miss Fortune,,Zoe,-0.43,1118
Miss Fortune,,Kindred,0.08,987
Miss Fortune,,Lissandra,1.58,1145
Miss Fortune,,Varus,0.72,49761
Miss Fortune,,Graves,1.63,961
Miss Fortune,,Jarvan IV,0.37,367
Miss Fortune,,Kennen,-0.05,639
Miss Fortune,,Sylas,0.10,2795
Miss Fortune,,Pantheon,0.87,1445
Miss Fortune,,Talon,-0.46,226
Miss Fortune,,Volibear,1.85,303
Miss Fortune,,Galio,1.28,465
Miss Fortune,,Nasus,2.21,607
Miss Fortune,,Rengar,-1.76,941
Miss Fortune,,Wukong,4.09,343
Miss Fortune,,Gragas,-0.28,251
Miss Fortune,,Zaahen,2.17,238
Miss Fortune,,Karma,-1.05,302
Miss Fortune,,Akali,-1.61,1259
Miss Fortune,,Azir,0.51,841
Miss Fortune,,Poppy,-6.47,111
Miss Fortune,,Lee Sin,-1.96,457
Miss Fortune,,Bel'Veth,-0.67,105
Miss Fortune,,Darius,1.23,880
Miss Fortune,,Nami,-3.08,110
Miss Fortune,,Malphite,0.68,911
Miss Fortune,,Nocturne,2.06,125
Miss Fortune,,Nidalee,-2.52,716
Miss Fortune,,Renekton,-0.41,220
Miss Fortune,,Warwick,1.61,159
Miss Fortune,,Vi,2.35,253
Miss Fortune,,Gnar,-0.66,390
Miss Fortune,,Sona,1.13,181
Miss Fortune,,Nunu & Willump,-2.86,169
Miss Fortune,,Kassadin,5.70,175
Miss Fortune,,Camille,2.48,354
Miss Fortune,,Leona,-2.77,175
Miss Fortune,,Soraka,5.27,161
Miss Fortune,,Shaco,1.13,279
Miss Fortune,,Thresh,-0.24,625
Miss Fortune,,Maokai,5.75,113
Miss Fortune,,Ivern,7.20,108
Miss Fortune,,Nautilus,1.11,296
Miss Fortune,,Lulu,1.33,182
Miss Fortune,,Bard,0.31,127
Miss Fortune,,Blitzcrank,1.87,389
Miss Fortune,,Alistar,5.09,191
Miss Fortune,,Yuumi,6.28,117
Mordekaiser,,Vel'Koz,-7.50,1299
Mordekaiser,,Syndra,-4.04,768
Mordekaiser,,Kog'Maw,-6.09,1157
Mordekaiser,,Zed,-4.54,3941
Mordekaiser,,Singed,-2.65,28480
Mordekaiser,,Taliyah,-4.64,268
Mordekaiser,,Hwei,-2.25,926
Mordekaiser,,Warwick,-2.15,27917
Mordekaiser,,Heimerdinger,-2.93,33969
Mordekaiser,,Ahri,-1.43,1628
Mordekaiser,,Vex,-3.42,498
Mordekaiser,,Zoe,-3.06,758
Mordekaiser,,Morgana,-4.45,2326
Mordekaiser,,Viktor,-2.90,1934
Mordekaiser,,Kalista,-5.22,1937
Mordekaiser,,Yone,-3.15,105603
Mordekaiser,,Zilean,-1.63,2843
Mordekaiser,,Yorick,-1.56,65652
Mordekaiser,,Anivia,-2.14,5536
Mordekaiser,,Malzahar,-2.48,7652
Mordekaiser,,Elise,-3.47,570
Mordekaiser,,Briar,-1.87,3801
Mordekaiser,,Tryndamere,-1.85,52798
Mordekaiser,,Azir,-2.82,947
Mordekaiser,,Olaf,-2.18,65351
Mordekaiser,,Fizz,-4.11,1328
Mordekaiser,,Nocturne,-2.26,1005
Mordekaiser,,LeBlanc,-3.19,770
Mordekaiser,,Vayne,-3.51,43663
Mordekaiser,,Volibear,-2.25,61814
Mordekaiser,,Ekko,-4.40,1714
Mordekaiser,,Nasus,0.25,71558
Mordekaiser,,Karthus,-3.87,808
Mordekaiser,,Pyke,-9.80,124
Mordekaiser,,Naafiri,-0.93,4308
Mordekaiser,,Brand,-1.65,4581
Mordekaiser,,Kassadin,-0.45,1046
Mordekaiser,,Fiora,-2.45,42349
Mordekaiser,,Orianna,-4.33,253
Mordekaiser,,Lissandra,-0.27,2390
Mordekaiser,,Aurelion Sol,-0.75,1421
Mordekaiser,,Lillia,-6.04,1087
Mordekaiser,,Veigar,-0.82,3063
Mordekaiser,,Kayle,0.02,26076
Mordekaiser,,Jax,-0.88,62530
Mordekaiser,,Sett,0.53,108039
Mordekaiser,,Aurora,-2.09,3442
Mordekaiser,,Darius,-1.85,116420
Mordekaiser,,Cassiopeia,-1.85,5314
Mordekaiser,,Twisted Fate,-3.50,2026
Mordekaiser,,Aphelios,-4.64,351
Mordekaiser,,Karma,-3.16,1382
Mordekaiser,,Kled,0.82,16514
Mordekaiser,,Sylas,-0.80,9863
Mordekaiser,,Zaahen,-0.43,31296
Mordekaiser,,Teemo,1.60,80598
Mordekaiser,,Dr. Mundo,1.14,57111
Mordekaiser,,Ziggs,-2.64,777
Mordekaiser,,Akali,-0.88,22359
Mordekaiser,,Qiyana,-1.04,769
Mordekaiser,,Kayn,-2.24,4945
Mordekaiser,,Varus,-2.41,6989
Mordekaiser,,Gwen,-1.40,27456
Mordekaiser,,Urgot,1.29,33806
Mordekaiser,,Xayah,-3.56,135
Mordekaiser,,Seraphine,-3.89,241
Mordekaiser,,Aatrox,-0.24,68479
Mordekaiser,,Ornn,1.50,32838
Mordekaiser,,Garen,1.96,106607
Mordekaiser,,Annie,1.19,746
Mordekaiser,,Pantheon,-0.02,27559
Mordekaiser,,Samira,-6.32,226
Mordekaiser,,Xerath,-2.42,388
Mordekaiser,,Gnar,-0.92,30511
Mordekaiser,,Fiddlesticks,0.93,3251
Mordekaiser,,Katarina,-0.94,995
Mordekaiser,,Ambessa,-0.93,28842
Mordekaiser,,Master Yi,-1.88,8914
Mordekaiser,,Ivern,-2.84,761
Mordekaiser,,Lux,-0.39,1010
Mordekaiser,,Zeri,-2.47,350
Mordekaiser,,Ryze,-0.75,4361
Mordekaiser,,Kai'Sa,-2.58,1826
Mordekaiser,,Gangplank,1.04,42596
Mordekaiser,,Yasuo,-0.57,35490
Mordekaiser,,Evelynn,-2.42,180
Mordekaiser,,Zac,2.99,3365
Mordekaiser,,Irelia,0.67,30854
Mordekaiser,,Renekton,1.47,64350
Mordekaiser,,Galio,0.49,2944
Mordekaiser,,Kennen,0.42,11399
Mordekaiser,,Trundle,0.68,28452
Mordekaiser,,Xin Zhao,0.33,3362
Mordekaiser,,Jhin,-1.78,1523
Mordekaiser,,Quinn,1.68,7484
Mordekaiser,,Gragas,0.28,15810
Mordekaiser,,Riven,-0.71,22013
Mordekaiser,,Swain,0.72,7648
Mordekaiser,,Shen,2.63,39263
Mordekaiser,,Sion,2.04,31152
Mordekaiser,,Vladimir,0.59,8284
Mordekaiser,,Poppy,2.02,8797
Mordekaiser,,Udyr,-0.04,4601
Mordekaiser,,Akshan,1.64,1248
Mordekaiser,,Jayce,-0.62,26870
Mordekaiser,,Senna,-0.05,1218
Mordekaiser,,Tahm Kench,2.70,33405
Mordekaiser,,Caitlyn,-2.06,3052
Mordekaiser,,K'Sante,-1.41,33474
Mordekaiser,,Vi,-1.78,1414
Mordekaiser,,Rek'Sai,3.69,660
Mordekaiser,,Bel'Veth,-4.85,665
Mordekaiser,,Soraka,-2.13,429
Mordekaiser,,Shaco,-1.03,2239
Mordekaiser,,Viego,0.19,1409
Mordekaiser,,Wukong,4.56,7020
Mordekaiser,,Rumble,0.97,13374
Mordekaiser,,Ashe,-1.50,2446
Mordekaiser,,Malphite,5.03,76650
Mordekaiser,,Tristana,-0.28,1901
Mordekaiser,,Camille,2.96,17417
Mordekaiser,,Locke,-0.60,6755
Mordekaiser,,Illaoi,5.86,53933
Mordekaiser,,Cho'Gath,3.80,35751
Mordekaiser,,Neeko,3.44,787
Mordekaiser,,Janna,0.79,173
Mordekaiser,,Smolder,0.11,3237
Mordekaiser,,Zyra,2.39,522
Mordekaiser,,Jinx,-2.07,310
Mordekaiser,,Diana,2.58,1175
Mordekaiser,,Graves,0.89,2138
Mordekaiser,,Talon,1.00,472
Mordekaiser,,Lulu,-2.27,449
Mordekaiser,,Corki,0.36,519
Mordekaiser,,Lee Sin,-1.58,1985
Mordekaiser,,Sivir,-5.26,183
Mordekaiser,,Maokai,4.63,4097
Mordekaiser,,Shyvana,2.00,2037
Mordekaiser,,Miss Fortune,-1.64,591
Mordekaiser,,Nidalee,-1.06,615
Mordekaiser,,Sejuani,6.17,1761
Mordekaiser,,Rengar,0.82,2828
Mordekaiser,,Draven,3.44,966
Mordekaiser,,Nunu & Willump,-4.47,185
Mordekaiser,,Kha'Zix,-2.99,113
Mordekaiser,,Rammus,3.46,719
Mordekaiser,,Twitch,-0.26,377
Mordekaiser,,Alistar,2.06,948
Mordekaiser,,Ezreal,-0.56,1320
Mordekaiser,,Jarvan IV,2.15,767
Mordekaiser,,Skarner,2.49,1647
Mordekaiser,,Nilah,-1.31,100
Mordekaiser,,Yunara,-1.01,214
Mordekaiser,,Lucian,0.97,818
Mordekaiser,,Nautilus,4.28,811
Mordekaiser,,Bard,-3.97,128
Mordekaiser,,Mel,4.10,1127
Mordekaiser,,Rell,4.95,161
Mordekaiser,,Blitzcrank,-1.02,311
Mordekaiser,,Amumu,2.46,338
Mordekaiser,,Thresh,2.39,480
Mordekaiser,,Hecarim,1.56,175
Mordekaiser,,Kindred,4.24,180
Mordekaiser,,Leona,2.55,467
Mordekaiser,,Taric,9.61,326
Mordekaiser,,Braum,3.61,186
Morgana,,Lillia,-8.76,212
Morgana,,Milio,-2.52,35024
Morgana,,Sona,-1.34,23520
Morgana,,Fiddlesticks,-2.83,4175
Morgana,,Teemo,-1.97,10599
Morgana,,LeBlanc,-2.92,4548
Morgana,,Xerath,-1.80,36714
Morgana,,Zyra,-1.06,37139
Morgana,,Janna,-0.61,14814
Morgana,,Shaco,-2.23,12066
Morgana,,Zilean,-0.75,18913
Morgana,,Rell,-0.33,25324
Morgana,,Soraka,-0.58,32340
Morgana,,Sion,-2.08,2588
Morgana,,Evelynn,-2.52,310
Morgana,,Nami,-0.48,49298
Morgana,,Elise,-1.27,2117
Morgana,,Vel'Koz,-0.89,33263
Morgana,,Senna,-0.69,53084
Morgana,,Poppy,0.29,16052
Morgana,,Brand,-0.26,45220
Morgana,,Karma,-1.76,37551
Morgana,,Kayle,-4.15,523
Morgana,,Heimerdinger,-2.13,2449
Morgana,,Vi,-3.41,1700
Morgana,,Lux,-0.93,161776
Morgana,,Annie,-0.69,2405
Morgana,,Seraphine,0.24,122671
Morgana,,Hwei,-0.47,5772
Morgana,,Lulu,-0.80,43085
Morgana,,Shen,-0.24,11981
Morgana,,Taric,2.21,9334
Morgana,,Vex,-3.38,1108
Morgana,,Dr. Mundo,-4.01,1017
Morgana,,Pantheon,-0.90,41048
Morgana,,Jarvan IV,-1.29,3065
Morgana,,Galio,0.80,9802
Morgana,,Sejuani,-1.41,816
Morgana,,Syndra,-1.44,1744
Morgana,,Renata Glasc,0.60,5666
Morgana,,Fizz,-1.75,1110
Morgana,,Nidalee,-2.04,2318
Morgana,,Thresh,1.38,102215
Morgana,,Braum,1.57,23689
Morgana,,Camille,-1.49,31619
Morgana,,Leona,2.41,93023
Morgana,,Sylas,-0.58,8711
Morgana,,Tahm Kench,0.56,32602
Morgana,,Amumu,2.32,5066
Morgana,,Yorick,-5.39,529
Morgana,,Lissandra,-1.27,1602
Morgana,,Quinn,-0.53,635
Morgana,,Ivern,-1.51,1358
Morgana,,Blitzcrank,1.05,60805
Morgana,,Jayce,-3.38,474
Morgana,,Xin Zhao,-3.18,540
Morgana,,Maokai,2.24,16226
Morgana,,Alistar,1.81,23255
Morgana,,Rakan,1.86,18398
Morgana,,Talon,-4.83,182
Morgana,,Yuumi,-1.44,32912
Morgana,,Bard,0.50,21647
Morgana,,Ziggs,-0.99,4145
Morgana,,Aurelion Sol,-0.39,978
Morgana,,Nautilus,1.66,101812
Morgana,,Wukong,0.05,727
Morgana,,Rammus,2.73,917
Morgana,,Twitch,-4.35,3620
Morgana,,Locke,-2.79,1402
Morgana,,Pyke,0.90,56312
Morgana,,Veigar,0.07,9332
Morgana,,Zac,1.63,1886
Morgana,,Viktor,-2.10,593
Morgana,,Kog'Maw,-0.06,510
Morgana,,Master Yi,-1.07,813
Morgana,,Naafiri,-4.22,546
Morgana,,Swain,1.72,42980
Morgana,,Ashe,-1.54,11394
Morgana,,Neeko,0.57,20619
Morgana,,Singed,-0.28,1079
Morgana,,Twisted Fate,1.68,1392
Morgana,,Malphite,0.45,12976
Morgana,,Anivia,0.67,4098
Morgana,,Urgot,-2.49,249
Morgana,,Ekko,0.49,828
Morgana,,Sett,0.24,2094
Morgana,,Jax,0.32,1032
Morgana,,Kennen,1.59,631
Morgana,,Ambessa,-5.33,176
Morgana,,Qiyana,-0.08,537
Morgana,,Kayn,-2.60,201
Morgana,,Lee Sin,-2.34,2454
Morgana,,Trundle,-0.14,803
Morgana,,Karthus,-0.48,665
Morgana,,Kled,-0.06,281
Morgana,,Briar,-0.46,852
Morgana,,Malzahar,0.60,2188
Morgana,,Mel,-1.84,39609
Morgana,,Ornn,0.29,942
Morgana,,Aatrox,-2.73,449
Morgana,,Ahri,1.41,1738
Morgana,,Rek'Sai,1.72,175
Morgana,,Nunu & Willump,0.47,1201
Morgana,,Zed,-1.71,1053
Morgana,,Illaoi,-4.18,370
Morgana,,Zoe,1.94,4722
Morgana,,Olaf,-4.24,141
Morgana,,Gragas,2.70,1456
Morgana,,Tryndamere,-5.07,242
Morgana,,Rumble,-0.61,307
Morgana,,Warwick,-1.27,278
Morgana,,Diana,-1.65,465
Morgana,,Aurora,-2.04,357
Morgana,,Miss Fortune,-1.93,5103
Morgana,,Ezreal,-2.74,2087
Morgana,,Skarner,2.99,1103
Morgana,,Orianna,-0.73,750
Morgana,,Cho'Gath,2.48,2751
Morgana,,Fiora,-0.29,163
Morgana,,Cassiopeia,0.01,339
Morgana,,Rengar,-0.26,872
Morgana,,Viego,1.18,314
Morgana,,Taliyah,4.75,699
Morgana,,Mordekaiser,0.01,768
Morgana,,Akshan,-0.86,255
Morgana,,Gnar,-0.96,178
Morgana,,Nocturne,3.18,215
Morgana,,Garen,-1.65,567
Morgana,,Jhin,0.46,1260
Morgana,,Yasuo,-0.27,1339
Morgana,,Zaahen,4.70,311
Morgana,,Bel'Veth,-1.36,104
Morgana,,Volibear,1.82,539
Morgana,,Riven,-0.14,214
Morgana,,Caitlyn,-2.42,832
Morgana,,Kai'Sa,0.12,472
Morgana,,Katarina,2.74,574
Morgana,,Darius,3.23,699
Morgana,,Udyr,3.19,150
Morgana,,Renekton,1.29,148
Morgana,,Jinx,-3.89,373
Morgana,,Irelia,-3.74,113
Morgana,,Nasus,3.93,750
Morgana,,Varus,1.44,487
Morgana,,Yone,0.89,747
Morgana,,Gangplank,-2.23,210
Morgana,,Graves,3.02,146
Morgana,,Samira,-3.55,111
Morgana,,Vayne,1.47,377
Morgana,,Akali,4.71,310
Morgana,,Smolder,-0.12,241
Morgana,,Tristana,0.22,390
Morgana,,Ryze,4.57,174
Morgana,,K'Sante,7.68,286
Morgana,,Lucian,-0.40,146
Morgana,,Azir,2.90,170
Morgana,,Aphelios,1.93,104
Morgana,,Yunara,4.96,104
Morgana,,Vladimir,11.58,144
Naafiri,,Nocturne,-4.38,50433
Naafiri,,Wukong,-2.17,27811
Naafiri,,Briar,-1.54,27909
Naafiri,,Shyvana,-1.12,22292
Naafiri,,Kayn,-3.28,48115
Naafiri,,Zaahen,-1.66,1798
Naafiri,,Bel'Veth,-1.48,15071
Naafiri,,Hecarim,-4.21,18007
Naafiri,,Sion,-0.50,925
Naafiri,,Rammus,0.48,8830
Naafiri,,Fizz,-2.13,3612
Naafiri,,Lillia,-1.15,15973
Naafiri,,Tryndamere,-0.66,3531
Naafiri,,Xin Zhao,-1.82,19937
Naafiri,,Warwick,-0.22,28430
Naafiri,,Diana,-3.47,16833
Naafiri,,Darius,-0.69,3570
Naafiri,,Nasus,-0.20,13857
Naafiri,,Maokai,-1.40,2416
Naafiri,,Fiddlesticks,-1.50,9631
Naafiri,,Sejuani,-0.31,8570
Naafiri,,Poppy,-1.75,3272
Naafiri,,Mordekaiser,0.90,3559
Naafiri,,Zyra,0.06,3144
Naafiri,,Aatrox,-0.19,4252
Naafiri,,Talon,-1.68,17253
Naafiri,,Cho'Gath,0.68,2820
Naafiri,,Singed,-3.60,550
Naafiri,,Rek'Sai,-1.13,3787
Naafiri,,Vi,-0.64,31558
Naafiri,,Volibear,-0.39,6095
Naafiri,,Zac,-0.41,9994
Naafiri,,Amumu,0.88,14531
Naafiri,,Jarvan IV,0.03,26061
Naafiri,,Ekko,-0.53,15077
Naafiri,,Gwen,-0.62,2969
Naafiri,,Udyr,0.31,7577
Naafiri,,Taliyah,-0.09,2075
Naafiri,,Ambessa,-0.83,3782
Naafiri,,Teemo,1.05,5466
Naafiri,,Malphite,-0.45,6315
Naafiri,,Master Yi,0.06,39120
Naafiri,,Viego,0.38,51117
Naafiri,,Nunu & Willump,-0.59,9194
Naafiri,,Gragas,-0.09,2391
Naafiri,,Evelynn,0.70,10432
Naafiri,,Jax,1.48,15372
Naafiri,,Shaco,0.87,27867
Naafiri,,Rumble,-0.98,444
Naafiri,,Shen,1.31,1585
Naafiri,,Trundle,1.85,4176
Naafiri,,Neeko,-0.97,320
Naafiri,,Quinn,1.45,6050
Naafiri,,Yorick,2.14,780
Naafiri,,Pantheon,0.23,5755
Naafiri,,Jayce,0.30,7661
Naafiri,,Taric,0.46,117
Naafiri,,Zed,-0.58,11574
Naafiri,,Karthus,0.97,5675
Naafiri,,Graves,2.45,59069
Naafiri,,Dr. Mundo,3.84,3639
Naafiri,,Elise,2.21,5480
Naafiri,,Sylas,2.09,33067
Naafiri,,Skarner,0.54,4250
Naafiri,,Ivern,2.92,3589
Naafiri,,Kayle,-0.59,125
Naafiri,,Sett,0.63,494
Naafiri,,Urgot,0.03,230
Naafiri,,Riven,-1.07,601
Naafiri,,Olaf,2.56,1794
Naafiri,,Morgana,3.22,1561
Naafiri,,Qiyana,-1.27,10304
Naafiri,,Kindred,2.33,11556
Naafiri,,Lee Sin,2.20,74004
Naafiri,,Nidalee,2.21,9498
Naafiri,,Yone,-1.47,568
Naafiri,,Malzahar,-2.60,141
Naafiri,,Garen,-2.39,990
Naafiri,,Kha'Zix,4.33,25237
Naafiri,,Camille,0.85,514
Naafiri,,Brand,5.46,1343
Naafiri,,Locke,-0.13,9065
Naafiri,,Rengar,1.99,16980
Naafiri,,Aurelion Sol,4.03,310
Naafiri,,Ornn,6.17,138
Naafiri,,Twisted Fate,-0.67,176
Naafiri,,Twitch,1.25,1470
Naafiri,,Nautilus,6.80,517
Naafiri,,Vayne,7.01,555
Naafiri,,Yasuo,-0.62,234
Naafiri,,Kai'Sa,6.30,431
Naafiri,,Tahm Kench,5.05,134
Naafiri,,Galio,5.08,110
Naafiri,,Tristana,3.92,124
Naafiri,,Ezreal,4.73,163
Naafiri,,Zeri,9.88,131
Naafiri,,Jhin,5.82,324
Nami,,Evelynn,-5.76,290
Nami,,Sona,-0.73,29654
Nami,,Leona,-0.67,58790
Nami,,Amumu,-0.72,4014
Nami,,Thresh,-0.99,83034
Nami,,Maokai,-0.65,12667
Nami,,Janna,-0.11,25213
Nami,,Ivern,-3.91,1384
Nami,,Blitzcrank,-1.25,36575
Nami,,Quinn,-2.65,504
Nami,,Zyra,-0.06,27428
Nami,,Braum,-0.21,22408
Nami,,Zilean,0.11,21600
Nami,,Taric,1.64,9216
Nami,,Milio,0.25,46441
Nami,,Teemo,-0.15,6607
Nami,,Senna,-0.25,48941
Nami,,Nautilus,-0.96,65960
Nami,,Taliyah,-3.42,797
Nami,,Rell,0.77,19980
Nami,,Alistar,-0.25,19813
Nami,,Seraphine,0.05,93107
Nami,,Poppy,1.00,14211
Nami,,Renata Glasc,-0.03,6467
Nami,,Galio,0.40,8526
Nami,,Morgana,0.46,49298
Nami,,Kennen,-1.81,499
Nami,,Rammus,0.46,627
Nami,,Vel'Koz,0.48,25849
Nami,,Hwei,0.06,4682
Nami,,Vex,-3.06,691
Nami,,Brand,0.70,27817
Nami,,LeBlanc,-0.21,3856
Nami,,Trundle,-3.69,622
Nami,,Lulu,-0.09,61580
Nami,,Soraka,1.38,41767
Nami,,Elise,0.60,3090
Nami,,Zaahen,-3.41,204
Nami,,Rakan,0.86,18917
Nami,,Wukong,-1.47,506
Nami,,Dr. Mundo,-3.27,407
Nami,,Lux,0.50,84301
Nami,,Anivia,-1.48,3223
Nami,,Annie,0.87,2175
Nami,,Bard,-0.23,26630
Nami,,Skarner,-1.35,1113
Nami,,Tahm Kench,0.91,22073
Nami,,Shen,1.31,11384
Nami,,Xerath,1.66,22563
Nami,,Gragas,-0.76,1447
Nami,,Pantheon,0.57,29154
Nami,,Yuumi,-1.77,34224
Nami,,Karma,0.38,39073
Nami,,Zoe,-1.23,5050
Nami,,Jayce,-3.01,282
Nami,,Sejuani,-0.04,651
Nami,,Shaco,1.37,10213
Nami,,Sion,1.20,2070
Nami,,Pyke,0.19,42514
Nami,,Fiddlesticks,1.74,3559
Nami,,Twisted Fate,0.58,1427
Nami,,Fizz,-0.04,594
Nami,,Viego,-3.46,275
Nami,,Cassiopeia,-3.93,177
Nami,,Sylas,0.78,7269
Nami,,Neeko,0.10,12236
Nami,,Kayle,-1.08,414
Nami,,Malphite,-0.20,5992
Nami,,Nidalee,0.08,1804
Nami,,Lissandra,0.40,1545
Nami,,Heimerdinger,1.22,1307
Nami,,Diana,-3.82,268
Nami,,Jax,0.08,777
Nami,,Jarvan IV,1.84,2638
Nami,,Kog'Maw,0.58,393
Nami,,Aurelion Sol,1.15,569
Nami,,Ziggs,0.81,1794
Nami,,Kled,-0.34,207
Nami,,Karthus,-0.55,438
Nami,,Camille,1.57,31225
Nami,,Malzahar,0.39,1307
Nami,,Viktor,-0.74,357
Nami,,Veigar,1.58,5248
Nami,,Rumble,-1.39,240
Nami,,Zac,3.19,1918
Nami,,Swain,3.06,27650
Nami,,Vi,1.39,1396
Nami,,Urgot,-1.55,145
Nami,,Nunu & Willump,0.39,1020
Nami,,Syndra,2.73,1253
Nami,,Ashe,0.14,8220
Nami,,Ahri,1.71,1093
Nami,,Gnar,-4.24,117
Nami,,Qiyana,1.07,540
Nami,,Sett,1.58,1397
Nami,,Naafiri,-2.13,319
Nami,,Singed,1.70,911
Nami,,Cho'Gath,1.69,1526
Nami,,Master Yi,1.65,539
Nami,,Xin Zhao,1.12,350
Nami,,Ekko,2.86,632
Nami,,Ornn,1.90,639
Nami,,Mel,0.04,19536
Nami,,Akali,-2.75,203
Nami,,Varus,-4.04,238
Nami,,Rek'Sai,3.65,222
Nami,,Aatrox,-0.71,353
Nami,,Kai'Sa,-3.32,286
Nami,,Lee Sin,0.43,1534
Nami,,Orianna,0.26,631
Nami,,Katarina,-0.59,350
Nami,,Aurora,-0.23,226
Nami,,Nasus,0.21,443
Nami,,Locke,2.59,961
Nami,,Zed,1.92,598
Nami,,Twitch,1.30,2869
Nami,,K'Sante,0.65,225
Nami,,Tristana,-5.67,137
Nami,,Yasuo,-0.43,458
Nami,,Talon,1.93,128
Nami,,Yone,-2.30,333
Nami,,Miss Fortune,1.73,2460
Nami,,Darius,2.38,455
Nami,,Rengar,2.86,655
Nami,,Ezreal,1.36,1037
Nami,,Fiora,3.28,144
Nami,,Yorick,3.80,254
Nami,,Briar,5.78,645
Nami,,Akshan,1.61,199
Nami,,Jhin,2.67,753
Nami,,Volibear,3.07,272
Nami,,Mordekaiser,3.14,431
Nami,,Warwick,5.34,165
Nami,,Illaoi,2.96,193
Nami,,Garen,3.28,217
Nami,,Caitlyn,1.19,351
Nami,,Smolder,0.47,121
Nami,,Tryndamere,4.53,104
Nami,,Riven,5.17,116
Nami,,Ambessa,7.28,100
Nami,,Nocturne,11.81,102
Nami,,Lucian,1.33,112
Nami,,Jinx,1.69,137
Nami,,Gangplank,4.86,136
Nami,,Vayne,7.87,151
Nasus,,Aurelion Sol,-4.17,1587
Nasus,,Illaoi,-3.11,36812
Nasus,,Garen,-2.83,91054
Nasus,,Urgot,-2.16,20529
Nasus,,Hwei,-1.73,600
Nasus,,Zac,-1.41,2538
Nasus,,Sylas,-3.63,6067
Nasus,,Tahm Kench,-2.92,20581
Nasus,,Shen,-2.30,22473
Nasus,,Kled,-1.55,9410
Nasus,,Fiddlesticks,-2.03,2398
Nasus,,Aatrox,-2.69,39341
Nasus,,Sion,-2.05,20253
Nasus,,Swain,-3.11,4438
Nasus,,Yone,-1.88,56318
Nasus,,Mordekaiser,-0.26,71558
Nasus,,Lissandra,-0.75,1746
Nasus,,Taliyah,-2.11,149
Nasus,,Zaahen,-1.83,17518
Nasus,,Teemo,0.25,54021
Nasus,,Sett,-0.05,49860
Nasus,,Ornn,-0.11,17239
Nasus,,Janna,-4.66,145
Nasus,,Sejuani,-1.19,1293
Nasus,,Anivia,-0.20,5185
Nasus,,Volibear,-1.02,28264
Nasus,,Wukong,0.50,5110
Nasus,,Briar,0.00,2134
Nasus,,Ambessa,-2.29,18807
Nasus,,Singed,1.95,21693
Nasus,,Darius,-1.49,65603
Nasus,,Yorick,1.08,40181
Nasus,,Olaf,-0.13,19801
Nasus,,Cho'Gath,-0.78,22431
Nasus,,Cassiopeia,-1.17,2825
Nasus,,Gangplank,-0.02,27911
Nasus,,Zilean,1.57,1761
Nasus,,Jax,0.27,34910
Nasus,,Neeko,-0.74,438
Nasus,,Viktor,0.73,1250
Nasus,,Pantheon,-0.03,15313
Nasus,,Camille,-0.68,14346
Nasus,,Trundle,-0.31,17774
Nasus,,Rek'Sai,1.46,466
Nasus,,Elise,-0.25,386
Nasus,,Brand,0.52,3261
Nasus,,Ahri,2.81,952
Nasus,,Karma,-1.96,886
Nasus,,Renekton,0.91,33520
Nasus,,K'Sante,-3.35,16164
Nasus,,Vel'Koz,1.91,753
Nasus,,Poppy,0.74,4941
Nasus,,LeBlanc,-0.15,527
Nasus,,Kayn,-1.30,3559
Nasus,,Seraphine,-3.15,132
Nasus,,Gwen,-0.33,18679
Nasus,,Warwick,2.77,8977
Nasus,,Maokai,0.55,2589
Nasus,,Dr. Mundo,2.76,36835
Nasus,,Kayle,2.78,21781
Nasus,,Master Yi,-1.26,6132
Nasus,,Riven,-0.87,12401
Nasus,,Malphite,3.05,41097
Nasus,,Aurora,0.69,2083
Nasus,,Rumble,-0.68,8730
Nasus,,Annie,3.02,540
Nasus,,Gragas,0.83,9320
Nasus,,Gnar,0.82,21154
Nasus,,Senna,0.04,772
Nasus,,Kassadin,3.68,699
Nasus,,Heimerdinger,3.40,17999
Nasus,,Varus,0.17,4642
Nasus,,Akali,1.78,13284
Nasus,,Fiora,1.84,19507
Nasus,,Tryndamere,3.43,31473
Nasus,,Malzahar,3.15,4168
Nasus,,Ryze,1.34,3484
Nasus,,Rammus,-0.12,400
Nasus,,Talon,-0.53,321
Nasus,,Morgana,2.46,977
Nasus,,Yasuo,1.78,23315
Nasus,,Xin Zhao,2.26,1825
Nasus,,Quinn,3.61,5665
Nasus,,Irelia,2.96,18483
Nasus,,Rengar,-1.91,1782
Nasus,,Udyr,1.68,2656
Nasus,,Naafiri,4.55,2321
Nasus,,Jinx,-2.62,184
Nasus,,Lulu,-3.21,273
Nasus,,Kog'Maw,3.73,719
Nasus,,Lux,2.76,529
Nasus,,Syndra,6.05,491
Nasus,,Jayce,1.48,20684
Nasus,,Akshan,3.76,876
Nasus,,Vayne,3.06,23124
Nasus,,Jhin,1.11,969
Nasus,,Shaco,0.32,1308
Nasus,,Twisted Fate,1.73,1442
Nasus,,Lillia,-0.17,758
Nasus,,Veigar,5.08,1999
Nasus,,Viego,1.96,808
Nasus,,Smolder,0.71,3139
Nasus,,Kennen,4.68,10377
Nasus,,Ivern,1.97,450
Nasus,,Galio,4.92,963
Nasus,,Ekko,3.44,1025
Nasus,,Skarner,0.23,923
Nasus,,Nocturne,5.83,509
Nasus,,Nautilus,1.05,571
Nasus,,Caitlyn,1.35,1788
Nasus,,Diana,3.94,690
Nasus,,Zoe,6.70,433
Nasus,,Corki,1.58,465
Nasus,,Locke,1.43,3301
Nasus,,Katarina,4.52,672
Nasus,,Zed,7.61,2344
Nasus,,Taric,-1.32,200
Nasus,,Fizz,4.76,789
Nasus,,Zyra,4.72,304
Nasus,,Alistar,1.45,595
Nasus,,Soraka,1.93,266
Nasus,,Jarvan IV,1.08,486
Nasus,,Graves,3.21,1466
Nasus,,Ashe,2.50,1660
Nasus,,Vladimir,6.45,6234
Nasus,,Kalista,6.00,1400
Nasus,,Aphelios,3.95,175
Nasus,,Lee Sin,1.23,1305
Nasus,,Ziggs,5.38,413
Nasus,,Draven,5.16,698
Nasus,,Qiyana,7.30,515
Nasus,,Shyvana,4.84,1312
Nasus,,Amumu,-1.73,201
Nasus,,Azir,8.43,611
Nasus,,Karthus,6.78,420
Nasus,,Kai'Sa,5.41,1413
Nasus,,Tristana,4.88,1272
Nasus,,Mel,3.52,636
Nasus,,Nidalee,2.15,387
Nasus,,Orianna,6.59,169
Nasus,,Evelynn,6.25,118
Nasus,,Vi,5.57,753
Nasus,,Nunu & Willump,-0.96,114
Nasus,,Xerath,7.28,205
Nasus,,Bel'Veth,3.14,409
Nasus,,Thresh,0.41,308
Nasus,,Vex,11.77,283
Nasus,,Samira,5.35,140
Nasus,,Ezreal,4.18,764
Nasus,,Miss Fortune,5.31,302
Nasus,,Twitch,5.42,210
Nasus,,Lucian,6.00,562
Nasus,,Zeri,12.43,193
Nasus,,Blitzcrank,2.32,147
Nasus,,Leona,3.44,282
Nasus,,Yunara,8.06,119
Nautilus,,Taric,-3.51,19228
Nautilus,,Rell,-2.72,48221
Nautilus,,Leona,-2.08,128555
Nautilus,,Renata Glasc,-2.69,9692
Nautilus,,Braum,-1.89,59810
Nautilus,,Swain,-3.31,58189
Nautilus,,Morgana,-1.67,101812
Nautilus,,Alistar,-1.73,46543
Nautilus,,Galio,-1.17,14214
Nautilus,,Rakan,-1.42,29825
Nautilus,,Shen,-1.55,21209
Nautilus,,Seraphine,-0.74,128619
Nautilus,,Zilean,-0.39,24764
Nautilus,,Thresh,-0.47,143790
Nautilus,,Maokai,-0.05,23331
Nautilus,,Soraka,0.10,40846
Nautilus,,Tahm Kench,-1.13,46029
Nautilus,,Heimerdinger,-2.26,4299
Nautilus,,Brand,-0.19,49672
Nautilus,,Sona,1.09,27437
Nautilus,,Amumu,1.02,6792
Nautilus,,Janna,0.93,25118
Nautilus,,Zac,-1.21,3311
Nautilus,,Sion,-0.67,4209
Nautilus,,Annie,-0.30,3191
Nautilus,,Vel'Koz,0.28,38999
Nautilus,,Nami,0.95,65960
Nautilus,,Senna,0.59,65454
Nautilus,,Milio,1.13,44613
Nautilus,,Fiddlesticks,-0.10,5618
Nautilus,,Zyra,1.25,35052
Nautilus,,Hwei,0.25,7437
Nautilus,,Poppy,1.87,35817
Nautilus,,Shaco,0.17,17940
Nautilus,,Jarvan IV,-0.81,4902
Nautilus,,Wukong,-1.55,1217
Nautilus,,Teemo,1.39,12194
Nautilus,,Sett,-2.31,5305
Nautilus,,Udyr,-6.05,203
Nautilus,,Zaahen,-2.99,648
Nautilus,,Lux,0.68,150511
Nautilus,,Pantheon,0.27,60226
Nautilus,,Blitzcrank,1.16,71819
Nautilus,,Cho'Gath,-2.14,3968
Nautilus,,Lulu,0.74,69520
Nautilus,,Singed,-2.03,1919
Nautilus,,Jax,-1.78,2064
Nautilus,,Lissandra,-0.91,2570
Nautilus,,Elise,1.46,4343
Nautilus,,Rek'Sai,-1.11,302
Nautilus,,Ivern,-0.98,1828
Nautilus,,Xerath,2.13,43868
Nautilus,,Sejuani,0.22,1204
Nautilus,,Karthus,-2.56,782
Nautilus,,Gwen,-8.28,120
Nautilus,,Bard,0.58,37911
Nautilus,,Neeko,-0.39,23191
Nautilus,,Renekton,-7.73,253
Nautilus,,Evelynn,0.96,444
Nautilus,,Anivia,-0.44,6111
Nautilus,,Kayle,-1.30,563
Nautilus,,Aurelion Sol,0.08,1184
Nautilus,,Sylas,0.87,17058
Nautilus,,Veigar,-0.15,10449
Nautilus,,Gragas,0.21,2544
Nautilus,,Vex,-0.86,1380
Nautilus,,Fizz,0.37,1407
Nautilus,,Kayn,-3.81,237
Nautilus,,Vi,-0.17,2628
Nautilus,,Rammus,3.21,1521
Nautilus,,LeBlanc,2.49,7598
Nautilus,,Kog'Maw,0.35,651
Nautilus,,Malphite,0.31,14612
Nautilus,,Malzahar,-0.48,2425
Nautilus,,Trundle,-0.83,1584
Nautilus,,Skarner,0.70,2493
Nautilus,,Rumble,-2.16,497
Nautilus,,Kennen,1.55,943
Nautilus,,Pyke,1.69,85740
Nautilus,,Taliyah,0.80,1203
Nautilus,,Lillia,-1.46,212
Nautilus,,Karma,2.37,49911
Nautilus,,Camille,1.27,53953
Nautilus,,Ahri,0.78,2032
Nautilus,,Ornn,-0.09,1460
Nautilus,,Naafiri,-3.06,770
Nautilus,,Briar,-0.52,1282
Nautilus,,Nidalee,1.56,2749
Nautilus,,Quinn,2.62,875
Nautilus,,Twisted Fate,2.88,2265
Nautilus,,Ziggs,1.46,3971
Nautilus,,Fiora,-1.93,329
Nautilus,,Mordekaiser,-2.98,1410
Nautilus,,Syndra,2.92,2584
Nautilus,,Ekko,1.84,1211
Nautilus,,Qiyana,1.46,932
Nautilus,,Viktor,0.59,704
Nautilus,,Illaoi,-3.43,643
Nautilus,,K'Sante,-1.91,1046
Nautilus,,Xin Zhao,1.12,725
Nautilus,,Nunu & Willump,1.73,1897
Nautilus,,Master Yi,2.09,1181
Nautilus,,Dr. Mundo,2.06,1342
Nautilus,,Warwick,0.03,450
Nautilus,,Zoe,3.71,6975
Nautilus,,Yuumi,3.32,54831
Nautilus,,Cassiopeia,0.42,433
Nautilus,,Nocturne,1.82,237
Nautilus,,Urgot,1.35,460
Nautilus,,Kled,3.21,470
Nautilus,,Locke,2.06,2126
Nautilus,,Jayce,3.00,828
Nautilus,,Diana,1.03,569
Nautilus,,Ashe,3.35,12578
Nautilus,,Yorick,1.43,617
Nautilus,,Gnar,-1.10,217
Nautilus,,Twitch,1.06,5494
Nautilus,,Nasus,0.46,1167
Nautilus,,Mel,2.02,37028
Nautilus,,Orianna,1.94,833
Nautilus,,Miss Fortune,1.14,5788
Nautilus,,Volibear,1.01,704
Nautilus,,Shyvana,-1.09,113
Nautilus,,Lee Sin,2.46,3692
Nautilus,,Irelia,-6.18,158
Nautilus,,Draven,-9.34,134
Nautilus,,Rengar,2.63,1460
Nautilus,,Ezreal,1.51,3557
Nautilus,,Olaf,0.79,233
Nautilus,,Darius,3.04,1278
Nautilus,,Kindred,-1.15,117
Nautilus,,Aurora,2.78,461
Nautilus,,Aatrox,3.07,960
Nautilus,,Zed,4.39,1656
Nautilus,,Katarina,3.29,820
Nautilus,,Viego,5.11,550
Nautilus,,Yone,0.34,1157
Nautilus,,Jhin,3.48,1759
Nautilus,,Talon,4.84,255
Nautilus,,Varus,1.26,572
Nautilus,,Graves,2.20,213
Nautilus,,Yasuo,3.19,1671
Nautilus,,Kai'Sa,2.38,699
Nautilus,,Akali,3.48,440
Nautilus,,Akshan,3.71,422
Nautilus,,Gangplank,-0.93,284
Nautilus,,Azir,-0.19,259
Nautilus,,Vayne,2.09,513
Nautilus,,Ambessa,4.78,276
Nautilus,,Garen,3.75,744
Nautilus,,Bel'Veth,3.77,231
Nautilus,,Tryndamere,4.64,323
Nautilus,,Smolder,0.79,288
Nautilus,,Ryze,5.03,204
Nautilus,,Jinx,-0.43,468
Nautilus,,Riven,5.54,321
Nautilus,,Caitlyn,3.08,1035
Nautilus,,Kalista,-0.02,156
Nautilus,,Vladimir,3.91,138
Nautilus,,Tristana,3.35,383
Nautilus,,Lucian,2.22,220
Nautilus,,Samira,2.78,112
Nautilus,,Aphelios,2.39,100
Nautilus,,Yunara,8.44,113
Neeko,,Amumu,-2.29,1413
Neeko,,Diana,-9.84,128
Neeko,,K'Sante,-10.77,128
Neeko,,Zyra,-1.59,9099
Neeko,,Syndra,-4.32,605
Neeko,,Soraka,-1.45,7851
Neeko,,Cassiopeia,-8.23,103
Neeko,,Taric,0.65,2504
Neeko,,Teemo,-1.17,3029
Neeko,,Sona,-0.16,5379
Neeko,,Renata Glasc,-1.43,1646
Neeko,,Brand,-1.24,10692
Neeko,,Galio,-1.03,3228
Neeko,,Zac,-2.43,595
Neeko,,Milio,-0.39,8563
Neeko,,Rell,0.05,6127
Neeko,,Morgana,-0.58,20619
Neeko,,Xerath,-0.74,9533
Neeko,,Nami,-0.11,12236
Neeko,,Twisted Fate,-2.40,456
Neeko,,Seraphine,-0.29,33523
Neeko,,Vel'Koz,-0.59,8171
Neeko,,Zilean,0.08,5092
Neeko,,Fiddlesticks,-1.04,1157
Neeko,,Janna,0.53,4233
Neeko,,Qiyana,-4.19,172
Neeko,,Vex,-3.76,337
Neeko,,Aurelion Sol,-2.75,231
Neeko,,Leona,1.10,19356
Neeko,,Poppy,1.07,5544
Neeko,,Braum,0.55,6236
Neeko,,Ekko,-3.11,276
Neeko,,Dr. Mundo,-4.17,299
Neeko,,Ziggs,-2.98,965
Neeko,,Alistar,0.26,6654
Neeko,,Fizz,-2.23,294
Neeko,,Sion,-0.58,835
Neeko,,Shen,0.02,3713
Neeko,,Pantheon,-0.83,12283
Neeko,,Lux,-0.35,39220
Neeko,,Shaco,-0.30,4052
Neeko,,Maokai,0.94,4606
Neeko,,Orianna,-6.13,221
Neeko,,Tahm Kench,-0.07,8430
Neeko,,Elise,0.37,704
Neeko,,Rammus,0.68,306
Neeko,,Lulu,-0.12,12987
Neeko,,LeBlanc,-0.12,1620
Neeko,,Nautilus,0.39,23191
Neeko,,Senna,1.19,13017
Neeko,,Yorick,-5.61,159
Neeko,,Thresh,1.62,23910
Neeko,,Sylas,-0.65,3772
Neeko,,Blitzcrank,0.98,13699
Neeko,,Karma,-0.11,9688
Neeko,,Taliyah,-1.61,246
Neeko,,Swain,0.04,11233
Neeko,,Bard,0.06,7443
Neeko,,Annie,1.22,688
Neeko,,Camille,-0.77,10203
Neeko,,Anivia,-1.00,1216
Neeko,,Heimerdinger,0.00,753
Neeko,,Hwei,1.56,1632
Neeko,,Sejuani,0.05,249
Neeko,,Nidalee,-0.67,628
Neeko,,Aurora,-5.51,105
Neeko,,Quinn,0.30,212
Neeko,,Kayle,-1.68,115
Neeko,,Katarina,-5.42,179
Neeko,,Zoe,-0.75,1554
Neeko,,Ashe,-2.37,2933
Neeko,,Viktor,-2.69,199
Neeko,,Pyke,0.47,16485
Neeko,,Jarvan IV,0.97,980
Neeko,,Lissandra,0.38,509
Neeko,,Rakan,2.86,5934
Neeko,,Vi,-0.18,534
Neeko,,Malzahar,-0.80,543
Neeko,,Skarner,0.37,488
Neeko,,Malphite,0.17,3319
Neeko,,Master Yi,-0.70,238
Neeko,,Rumble,-2.35,118
Neeko,,Wukong,1.02,236
Neeko,,Kog'Maw,0.56,157
Neeko,,Veigar,0.92,2379
Neeko,,Cho'Gath,0.06,757
Neeko,,Yuumi,0.32,10597
Neeko,,Jhin,-4.13,397
Neeko,,Locke,-1.56,482
Neeko,,Singed,0.67,368
Neeko,,Darius,-3.03,213
Neeko,,Mel,-2.14,9717
Neeko,,Ahri,1.05,509
Neeko,,Ornn,0.89,270
Neeko,,Illaoi,-3.79,125
Neeko,,Sett,1.98,712
Neeko,,Volibear,-2.32,193
Neeko,,Karthus,0.77,189
Neeko,,Miss Fortune,-1.96,1469
Neeko,,Briar,0.81,277
Neeko,,Kennen,3.64,192
Neeko,,Ivern,2.93,361
Neeko,,Mordekaiser,-1.80,266
Neeko,,Aatrox,-1.23,170
Neeko,,Garen,-3.67,150
Neeko,,Zed,0.24,360
Neeko,,Lee Sin,0.29,742
Neeko,,Nunu & Willump,2.69,480
Neeko,,Twitch,-0.03,1069
Neeko,,Yone,-3.96,276
Neeko,,Gragas,4.92,460
Neeko,,Yasuo,-1.57,368
Neeko,,Xin Zhao,2.75,200
Neeko,,Zaahen,3.41,118
Neeko,,Rengar,0.90,319
Neeko,,Akali,-1.28,128
Neeko,,Jax,5.32,403
Neeko,,Trundle,4.66,264
Neeko,,Ezreal,0.76,786
Neeko,,Kai'Sa,0.05,158
Neeko,,Jayce,5.50,199
Neeko,,Naafiri,3.23,169
Neeko,,Caitlyn,0.50,280
Neeko,,Jinx,-2.54,112
Neeko,,Vayne,1.85,108
Neeko,,Varus,3.25,150
Neeko,,Viego,8.40,136
Neeko,,Tristana,0.28,116
Neeko,,Nasus,7.18,240
Nidalee,,Briar,-2.46,10151
Nidalee,,Warwick,-2.80,8881
Nidalee,,Rammus,-1.63,3181
Nidalee,,Sett,-7.03,144
Nidalee,,Dr. Mundo,-3.22,1321
Nidalee,,Amumu,-2.89,4702
Nidalee,,Mordekaiser,-1.42,1049
Nidalee,,Tryndamere,-2.05,1137
Nidalee,,Shyvana,-0.71,8639
Nidalee,,Master Yi,-3.79,14313
Nidalee,,Volibear,-2.36,1944
Nidalee,,Fizz,-2.45,1417
Nidalee,,Cho'Gath,-0.95,1001
Nidalee,,Zaahen,-1.32,648
Nidalee,,Darius,-1.26,1361
Nidalee,,Evelynn,-2.38,4047
Nidalee,,Udyr,-1.89,3104
Nidalee,,Jax,-1.94,4717
Nidalee,,Sion,-0.19,344
Nidalee,,Naafiri,-2.23,9498
Nidalee,,Nocturne,-0.44,15616
Nidalee,,Fiddlesticks,-1.78,3528
Nidalee,,Nasus,-0.22,4579
Nidalee,,Quinn,-1.72,2501
Nidalee,,Malphite,-2.21,1956
Nidalee,,Ivern,-1.39,1543
Nidalee,,Elise,-1.86,2732
Nidalee,,Xin Zhao,-0.90,7777
Nidalee,,Gragas,-2.01,1029
Nidalee,,Shaco,-1.33,10158
Nidalee,,Sejuani,0.19,3299
Nidalee,,Vi,-0.69,12181
Nidalee,,Kayn,-0.33,15343
Nidalee,,Trundle,-0.15,1487
Nidalee,,Wukong,1.65,9512
Nidalee,,Zac,-0.13,4012
Nidalee,,Nunu & Willump,-1.69,3789
Nidalee,,Teemo,0.44,1952
Nidalee,,Bel'Veth,0.90,6650
Nidalee,,Lillia,0.91,5927
Nidalee,,Zyra,1.39,1675
Nidalee,,Nautilus,-4.22,210
Nidalee,,Maokai,0.46,977
Nidalee,,Diana,-1.29,6198
Nidalee,,Ekko,0.16,5903
Nidalee,,Aatrox,1.59,1787
Nidalee,,Hecarim,-0.98,7008
Nidalee,,Skarner,-1.71,1650
Nidalee,,Neeko,-1.60,101
Nidalee,,Shen,1.04,546
Nidalee,,Viego,0.89,19754
Nidalee,,Sylas,0.34,12724
Nidalee,,Rumble,-1.09,189
Nidalee,,Talon,0.73,7278
Nidalee,,Rek'Sai,0.99,2054
Nidalee,,Gwen,0.76,1063
Nidalee,,Morgana,0.92,596
Nidalee,,Taliyah,1.44,1256
Nidalee,,Jarvan IV,2.05,11071
Nidalee,,Lee Sin,-0.28,35688
Nidalee,,Kha'Zix,0.49,10680
Nidalee,,Poppy,1.96,1041
Nidalee,,Vayne,-2.15,184
Nidalee,,Rengar,-3.81,6356
Nidalee,,Yorick,3.13,238
Nidalee,,Olaf,2.18,607
Nidalee,,Kindred,1.38,5128
Nidalee,,Singed,0.67,169
Nidalee,,Camille,-1.55,176
Nidalee,,Ambessa,2.59,1521
Nidalee,,Pantheon,2.03,2142
Nidalee,,Graves,3.67,31570
Nidalee,,Riven,-0.53,264
Nidalee,,Karthus,2.42,2466
Nidalee,,Zed,1.33,4315
Nidalee,,Locke,-3.45,3271
Nidalee,,Qiyana,0.57,4994
Nidalee,,Garen,-1.92,303
Nidalee,,Twitch,-3.06,463
Nidalee,,Jayce,5.01,4377
Nidalee,,Jhin,-2.90,170
Nidalee,,Brand,5.65,504
Nidalee,,Kai'Sa,2.23,177
Nidalee,,Yone,2.69,203
Nidalee,,Aurelion Sol,6.75,121
Nilah,,Aurora,-14.54,111
Nilah,,Vladimir,-9.02,571
Nilah,,Swain,-6.19,1291
Nilah,,Brand,-5.49,1399
Nilah,,Vel'Koz,-5.81,657
Nilah,,Zyra,-6.74,121
Nilah,,Veigar,-4.56,2911
Nilah,,Seraphine,-4.51,2617
Nilah,,Teemo,-5.99,346
Nilah,,Morgana,-9.65,130
Nilah,,Xayah,-6.03,4884
Nilah,,Lux,-4.53,1455
Nilah,,Cassiopeia,-7.08,452
Nilah,,Smolder,-3.43,6423
Nilah,,Vex,-5.21,106
Nilah,,Hwei,-1.82,1363
Nilah,,Viktor,-2.45,2925
Nilah,,Sion,-4.82,142
Nilah,,Xerath,-1.52,2095
Nilah,,Taliyah,-5.77,233
Nilah,,Tahm Kench,-0.04,294
Nilah,,Aurelion Sol,-0.01,492
Nilah,,Karthus,0.39,514
Nilah,,Lissandra,-5.47,109
Nilah,,Heimerdinger,0.27,215
Nilah,,Ziggs,-0.88,4425
Nilah,,Jinx,-1.27,15313
Nilah,,Corki,-3.98,1559
Nilah,,Senna,-0.75,2457
Nilah,,Syndra,-2.08,2671
Nilah,,Sivir,-1.23,3557
Nilah,,Zeri,-0.42,2916
Nilah,,Anivia,-2.27,151
Nilah,,Kog'Maw,1.44,2114
Nilah,,Ahri,-0.20,211
Nilah,,Miss Fortune,0.26,22271
Nilah,,Malzahar,0.96,613
Nilah,,Caitlyn,-0.92,20160
Nilah,,Vayne,0.04,8016
Nilah,,Ashe,-0.28,9253
Nilah,,Jhin,-0.15,16652
Nilah,,Tristana,0.91,11452
Nilah,,Draven,-0.55,4764
Nilah,,Katarina,3.27,926
Nilah,,Yunara,-0.08,6008
Nilah,,Varus,-2.13,2884
Nilah,,Lucian,-0.24,7819
Nilah,,Mel,-1.03,4004
Nilah,,Aphelios,1.78,4095
Nilah,,Samira,2.80,12440
Nilah,,Kalista,1.40,1808
Nilah,,Kai'Sa,2.55,22070
Nilah,,Ezreal,0.66,12082
Nilah,,Akshan,2.96,173
Nilah,,Irelia,3.38,169
Nilah,,Twitch,6.19,9943
Nilah,,Naafiri,6.04,110
Nilah,,Viego,6.93,158
Nilah,,Twisted Fate,2.51,205
Nilah,,Yasuo,7.73,2889
Nilah,,Master Yi,10.33,147
Nilah,,Orianna,4.74,103
Nilah,,Akali,1.71,105
Nilah,,Yone,9.68,342
Nilah,,Locke,9.09,284
Nilah,,Sylas,10.77,209
Nocturne,,Sion,-2.23,2265
Nocturne,,Shyvana,-1.36,59496
Nocturne,,Dr. Mundo,-2.77,9169
Nocturne,,Nasus,-2.44,34948
Nocturne,,Wukong,-1.40,58499
Nocturne,,Rammus,-0.48,23442
Nocturne,,Mordekaiser,-0.70,8748
Nocturne,,Ornn,-6.04,376
Nocturne,,Briar,0.08,68939
Nocturne,,Gwen,-2.75,7339
Nocturne,,Warwick,-0.24,73138
Nocturne,,Kayle,-5.65,281
Nocturne,,Lillia,-0.67,33742
Nocturne,,Bel'Veth,-0.55,38317
Nocturne,,Zaahen,-0.49,4481
Nocturne,,Cho'Gath,0.02,5982
Nocturne,,Sejuani,-0.43,19098
Nocturne,,Zac,-1.27,21528
Nocturne,,Olaf,-2.30,4823
Nocturne,,Udyr,-0.92,19109
Nocturne,,Jax,-0.97,38354
Nocturne,,Aatrox,-0.20,9100
Nocturne,,Darius,-0.16,8423
Nocturne,,Jarvan IV,-0.72,50578
Nocturne,,Ekko,-1.15,32077
Nocturne,,Tryndamere,0.59,8184
Nocturne,,Amumu,0.69,36673
Nocturne,,Master Yi,-1.03,91919
Nocturne,,Trundle,-0.04,10451
Nocturne,,Viego,-0.60,109608
Nocturne,,Volibear,-0.13,16307
Nocturne,,Xin Zhao,-0.15,38607
Nocturne,,Maokai,-0.12,4962
Nocturne,,Graves,-0.43,100635
Nocturne,,Evelynn,-0.29,23013
Nocturne,,Fizz,0.28,6273
Nocturne,,Kayn,0.61,104253
Nocturne,,Vi,0.37,58028
Nocturne,,Talon,-0.14,30563
Nocturne,,Sylas,-0.36,63795
Nocturne,,Ivern,0.35,7565
Nocturne,,Ambessa,-0.50,6652
Nocturne,,Malphite,-0.25,13365
Nocturne,,Taliyah,0.35,3516
Nocturne,,Nunu & Willump,-0.54,20225
Nocturne,,Teemo,1.57,12336
Nocturne,,Rek'Sai,0.62,7166
Nocturne,,Zyra,2.40,5785
Nocturne,,Quinn,0.92,13294
Nocturne,,Singed,-1.46,1152
Nocturne,,Hecarim,-0.29,31174
Nocturne,,Fiddlesticks,1.30,23005
Nocturne,,Shaco,1.03,64670
Nocturne,,Diana,0.00,34580
Nocturne,,Gragas,0.86,4331
Nocturne,,Pantheon,0.06,11620
Nocturne,,Jayce,0.07,10330
Nocturne,,Kindred,0.14,23374
Nocturne,,Vayne,-2.48,1189
Nocturne,,Tahm Kench,-5.77,351
Nocturne,,Sett,-0.36,1191
Nocturne,,Skarner,-0.01,8522
Nocturne,,Morgana,2.00,3527
Nocturne,,Shen,2.49,4074
Nocturne,,Urgot,-0.80,508
Nocturne,,Karthus,0.94,11657
Nocturne,,Lee Sin,0.61,102988
Nocturne,,Kha'Zix,1.04,43309
Nocturne,,Nidalee,0.43,15616
Nocturne,,Poppy,2.78,4370
Nocturne,,Elise,2.59,11354
Nocturne,,Camille,-1.92,1035
Nocturne,,Zed,0.07,19812
Nocturne,,Renekton,-7.54,177
Nocturne,,Yorick,3.73,1775
Nocturne,,Rumble,1.53,1068
Nocturne,,Nautilus,0.23,1340
Nocturne,,Naafiri,4.37,50433
Nocturne,,Kai'Sa,-1.58,825
Nocturne,,Aurelion Sol,0.80,603
Nocturne,,Riven,0.97,1388
Nocturne,,Yone,-0.89,1055
Nocturne,,Brand,3.29,2719
Nocturne,,Gnar,-0.03,176
Nocturne,,Neeko,3.49,719
Nocturne,,Kled,0.93,159
Nocturne,,Rengar,0.50,36932
Nocturne,,Taric,5.06,342
Nocturne,,Qiyana,2.41,17144
Nocturne,,Zeri,1.68,333
Nocturne,,Locke,-0.05,17628
Nocturne,,Heimerdinger,1.78,171
Nocturne,,Garen,2.09,2076
Nocturne,,Ezreal,-0.86,295
Nocturne,,Ryze,0.20,124
Nocturne,,Twitch,1.67,3125
Nocturne,,Pyke,0.40,130
Nocturne,,Tristana,1.62,238
Nocturne,,Twisted Fate,2.25,383
Nocturne,,Yasuo,1.04,506
Nocturne,,Blitzcrank,-5.08,108
Nocturne,,Leona,5.36,174
Nocturne,,Galio,6.80,316
Nocturne,,Malzahar,7.87,292
Nocturne,,Jhin,5.28,810
Nocturne,,Katarina,4.96,156
Nocturne,,Ashe,2.19,106
Nocturne,,Kassadin,8.33,103
Nocturne,,Akshan,6.27,123
Nocturne,,Caitlyn,5.94,196
Nunu & Willump,,Sion,-3.43,553
Nunu & Willump,,Briar,-2.15,15210
Nunu & Willump,,Mordekaiser,-1.26,2181
Nunu & Willump,,Amumu,-1.86,9080
Nunu & Willump,,Cho'Gath,-0.89,1368
Nunu & Willump,,Ornn,-6.11,104
Nunu & Willump,,Shyvana,0.22,13671
Nunu & Willump,,Zaahen,-1.14,1113
Nunu & Willump,,Sejuani,-1.11,4425
Nunu & Willump,,Morgana,-2.42,841
Nunu & Willump,,Rammus,1.25,4452
Nunu & Willump,,Fiddlesticks,-1.63,5271
Nunu & Willump,,Warwick,0.20,15754
Nunu & Willump,,Zyra,-0.07,1319
Nunu & Willump,,Master Yi,-1.82,19318
Nunu & Willump,,Bel'Veth,-0.10,9414
Nunu & Willump,,Rumble,-3.35,244
Nunu & Willump,,Lillia,0.04,7707
Nunu & Willump,,Aatrox,-0.01,2574
Nunu & Willump,,Neeko,-3.58,170
Nunu & Willump,,Fizz,-0.76,1365
Nunu & Willump,,Jarvan IV,-0.59,10607
Nunu & Willump,,Nocturne,0.54,20225
Nunu & Willump,,Maokai,-0.58,1153
Nunu & Willump,,Darius,0.32,2207
Nunu & Willump,,Shen,-0.61,927
Nunu & Willump,,Wukong,1.55,11246
Nunu & Willump,,Udyr,-0.16,4752
Nunu & Willump,,Xin Zhao,-0.26,8242
Nunu & Willump,,Vi,-0.26,12568
Nunu & Willump,,Sylas,-1.08,14168
Nunu & Willump,,Quinn,-0.43,3075
Nunu & Willump,,Sett,-2.79,285
Nunu & Willump,,Kayn,0.42,22974
Nunu & Willump,,Viego,0.01,25836
Nunu & Willump,,Tryndamere,1.62,1677
Nunu & Willump,,Zac,0.44,5249
Nunu & Willump,,Volibear,0.52,3721
Nunu & Willump,,Jax,0.50,7172
Nunu & Willump,,Trundle,0.76,2785
Nunu & Willump,,Dr. Mundo,1.43,1938
Nunu & Willump,,Diana,-1.34,7906
Nunu & Willump,,Evelynn,0.30,5282
Nunu & Willump,,Urgot,-2.87,118
Nunu & Willump,,Gwen,-0.01,1739
Nunu & Willump,,Nasus,2.08,6628
Nunu & Willump,,Ekko,0.72,7483
Nunu & Willump,,Naafiri,0.59,9194
Nunu & Willump,,Brand,-1.42,637
Nunu & Willump,,Graves,0.80,20998
Nunu & Willump,,Shaco,0.67,14442
Nunu & Willump,,Skarner,-1.30,2066
Nunu & Willump,,Taliyah,0.88,818
Nunu & Willump,,Nautilus,-3.11,331
Nunu & Willump,,Ambessa,0.20,1656
Nunu & Willump,,Olaf,0.36,1113
Nunu & Willump,,Kha'Zix,-0.19,9005
Nunu & Willump,,Vayne,-3.08,259
Nunu & Willump,,Kindred,-0.23,5669
Nunu & Willump,,Talon,1.36,7375
Nunu & Willump,,Gragas,0.92,1097
Nunu & Willump,,Lee Sin,-0.10,20454
Nunu & Willump,,Malphite,1.23,2544
Nunu & Willump,,Teemo,2.82,2884
Nunu & Willump,,Hecarim,0.48,7900
Nunu & Willump,,Ivern,2.10,2040
Nunu & Willump,,Rek'Sai,2.14,1714
Nunu & Willump,,Elise,2.06,2670
Nunu & Willump,,Pantheon,0.92,2319
Nunu & Willump,,Yorick,3.19,374
Nunu & Willump,,Poppy,2.79,1077
Nunu & Willump,,Riven,-1.16,348
Nunu & Willump,,Zed,0.17,4105
Nunu & Willump,,Yone,-2.99,240
Nunu & Willump,,Garen,-3.86,390
Nunu & Willump,,Jayce,1.84,2171
Nunu & Willump,,Karthus,2.08,2710
Nunu & Willump,,Nidalee,1.66,3789
Nunu & Willump,,Singed,2.15,258
Nunu & Willump,,Qiyana,0.34,4241
Nunu & Willump,,Twitch,-3.70,673
Nunu & Willump,,Rengar,-0.14,8854
Nunu & Willump,,Kai'Sa,-0.38,180
Nunu & Willump,,Aurelion Sol,3.07,139
Nunu & Willump,,Locke,0.10,4126
Nunu & Willump,,Camille,6.11,257
Nunu & Willump,,Jhin,2.55,220
Olaf,,Illaoi,-4.82,12215
Olaf,,Kled,-4.33,5664
Olaf,,Trundle,-6.13,10251
Olaf,,Zilean,-3.06,743
Olaf,,Ziggs,-6.88,135
Olaf,,Tryndamere,-3.58,14845
Olaf,,Sett,-2.49,20433
Olaf,,Akshan,-4.37,360
Olaf,,Yorick,-1.64,12154
Olaf,,Kayle,-1.85,6715
Olaf,,Garen,-1.39,22342
Olaf,,Tahm Kench,-2.25,7150
Olaf,,Darius,-3.32,22618
Olaf,,Vayne,-3.66,9606
Olaf,,Jax,-2.13,19884
Olaf,,Aatrox,-2.70,13674
Olaf,,Heimerdinger,-1.27,6323
Olaf,,Nasus,0.10,19801
Olaf,,Singed,0.58,7162
Olaf,,Anivia,-1.16,1510
Olaf,,Aurelion Sol,-1.21,345
Olaf,,Akali,-2.53,8211
Olaf,,Nocturne,-1.72,274
Olaf,,Sion,-1.59,6939
Olaf,,Volibear,-1.79,10495
Olaf,,Fiora,-2.44,9159
Olaf,,Zeri,-4.93,113
Olaf,,Wukong,-0.26,2170
Olaf,,Renekton,-0.94,12571
Olaf,,Gwen,-2.47,5657
Olaf,,Ahri,1.21,417
Olaf,,Vladimir,-2.40,2215
Olaf,,Lissandra,0.16,889
Olaf,,Naafiri,0.14,967
Olaf,,Ornn,0.68,8743
Olaf,,Cho'Gath,-0.86,7214
Olaf,,Dr. Mundo,0.95,13306
Olaf,,Camille,-1.36,5521
Olaf,,LeBlanc,-1.22,206
Olaf,,Rek'Sai,0.97,227
Olaf,,Hwei,1.70,217
Olaf,,Zaahen,-0.04,8200
Olaf,,Malphite,1.30,15709
Olaf,,Kalista,-1.86,531
Olaf,,Shen,0.84,9117
Olaf,,Qiyana,-0.80,236
Olaf,,Sejuani,0.10,652
Olaf,,Aurora,-0.84,1064
Olaf,,Kayn,-1.79,1175
Olaf,,Mordekaiser,2.17,65351
Olaf,,Zed,2.31,1015
Olaf,,Ambessa,-0.70,8254
Olaf,,Lux,-0.19,189
Olaf,,Irelia,0.65,7839
Olaf,,Zac,3.09,1109
Olaf,,Pantheon,0.92,7191
Olaf,,Yone,1.45,21969
Olaf,,Graves,-2.50,603
Olaf,,Gangplank,1.73,15684
Olaf,,Gragas,0.27,4503
Olaf,,Urgot,3.06,10586
Olaf,,Katarina,0.22,207
Olaf,,Rumble,-0.51,3918
Olaf,,Warwick,3.78,4400
Olaf,,Master Yi,-0.59,2030
Olaf,,Maokai,1.70,1297
Olaf,,Ekko,0.19,383
Olaf,,Zoe,3.18,178
Olaf,,Riven,0.30,5455
Olaf,,K'Sante,-1.27,7664
Olaf,,Quinn,3.07,2323
Olaf,,Shyvana,-0.48,597
Olaf,,Talon,-0.68,116
Olaf,,Teemo,5.17,36643
Olaf,,Yasuo,1.63,8594
Olaf,,Kennen,2.40,4608
Olaf,,Locke,-1.45,1444
Olaf,,Jhin,0.02,429
Olaf,,Udyr,1.24,1274
Olaf,,Poppy,3.47,2915
Olaf,,Bel'Veth,-4.08,197
Olaf,,Fizz,1.76,288
Olaf,,Gnar,2.15,10720
Olaf,,Kog'Maw,3.60,333
Olaf,,Swain,2.73,1809
Olaf,,Rammus,0.59,268
Olaf,,Elise,3.22,179
Olaf,,Jayce,1.19,13416
Olaf,,Draven,1.16,303
Olaf,,Viego,1.37,337
Olaf,,Karma,1.95,420
Olaf,,Azir,4.27,206
Olaf,,Ryze,2.92,1421
Olaf,,Veigar,5.59,717
Olaf,,Kassadin,6.35,211
Olaf,,Neeko,4.41,189
Olaf,,Vel'Koz,6.66,296
Olaf,,Miss Fortune,-2.20,127
Olaf,,Sylas,5.31,1987
Olaf,,Fiddlesticks,6.07,1148
Olaf,,Morgana,5.01,406
Olaf,,Cassiopeia,5.07,1397
Olaf,,Brand,6.30,1033
Olaf,,Tristana,2.21,488
Olaf,,Zyra,4.29,129
Olaf,,Karthus,4.29,235
Olaf,,Twisted Fate,3.80,676
Olaf,,Viktor,7.08,545
Olaf,,Corki,2.09,223
Olaf,,Briar,7.59,919
Olaf,,Alistar,1.61,253
Olaf,,Jarvan IV,1.28,209
Olaf,,Malzahar,7.51,2071
Olaf,,Senna,4.98,276
Olaf,,Thresh,-3.15,111
Olaf,,Lillia,2.90,230
Olaf,,Nautilus,2.77,242
Olaf,,Kai'Sa,4.09,594
Olaf,,Varus,5.33,2787
Olaf,,Xin Zhao,6.54,809
Olaf,,Nidalee,0.47,181
Olaf,,Smolder,3.58,786
Olaf,,Syndra,9.95,182
Olaf,,Rengar,2.65,776
Olaf,,Annie,9.18,234
Olaf,,Skarner,2.74,486
Olaf,,Vi,4.03,371
Olaf,,Amumu,-1.53,115
Olaf,,Shaco,4.80,527
Olaf,,Diana,7.19,284
Olaf,,Soraka,4.56,107
Olaf,,Ashe,4.56,553
Olaf,,Ivern,5.94,207
Olaf,,Lee Sin,3.09,568
Olaf,,Vex,10.22,113
Olaf,,Caitlyn,5.33,643
Olaf,,Mel,4.38,227
Olaf,,Lulu,4.16,151
Olaf,,Ezreal,4.23,352
Olaf,,Galio,12.31,554
Olaf,,Lucian,7.26,262
Olaf,,Leona,11.42,113
Orianna,,Zyra,-5.35,626
Orianna,,Zac,-2.28,294
Orianna,,Singed,0.50,544
Orianna,,Zilean,-1.66,738
Orianna,,Nasus,-0.27,2120
Orianna,,Xerath,-1.23,13541
Orianna,,Aurelion Sol,-3.01,4830
Orianna,,Vel'Koz,-2.37,2863
Orianna,,Cho'Gath,-2.95,1355
Orianna,,Briar,0.60,918
Orianna,,Sion,-1.46,1706
Orianna,,Kog'Maw,-2.01,721
Orianna,,Swain,-1.05,2279
Orianna,,Miss Fortune,-6.40,499
Orianna,,Nocturne,-0.97,185
Orianna,,Lux,-0.76,14415
Orianna,,Xin Zhao,-1.56,618
Orianna,,Syndra,-1.37,24969
Orianna,,Fizz,-0.12,15031
Orianna,,Kennen,-0.39,875
Orianna,,Rumble,-1.54,332
Orianna,,Yorick,-1.36,784
Orianna,,Jarvan IV,-2.02,212
Orianna,,Locke,-3.19,15072
Orianna,,Ekko,-1.10,8937
Orianna,,Katarina,-2.03,16333
Orianna,,Veigar,0.52,17248
Orianna,,Sejuani,-2.35,113
Orianna,,Nunu & Willump,-3.03,735
Orianna,,Vi,-2.25,239
Orianna,,Hwei,-0.56,10939
Orianna,,Ziggs,-1.07,2698
Orianna,,Kassadin,-1.14,5235
Orianna,,Mordekaiser,2.21,588
Orianna,,LeBlanc,-2.07,11756
Orianna,,Gwen,0.91,2217
Orianna,,Diana,-0.55,11063
Orianna,,Brand,-0.36,3116
Orianna,,Quinn,0.68,781
Orianna,,Irelia,-1.45,7964
Orianna,,Viktor,0.42,29222
Orianna,,Ahri,-0.14,30514
Orianna,,Naafiri,-0.37,6848
Orianna,,Tahm Kench,0.61,255
Orianna,,Zaahen,-1.32,159
Orianna,,Camille,-1.85,163
Orianna,,Udyr,-5.48,113
Orianna,,Twisted Fate,0.17,12726
Orianna,,Garen,2.42,1074
Orianna,,Sett,3.07,431
Orianna,,Zoe,-1.31,6819
Orianna,,Shen,1.06,243
Orianna,,Teemo,1.37,974
Orianna,,Urgot,0.08,165
Orianna,,Pantheon,1.80,2509
Orianna,,Gragas,1.70,910
Orianna,,Malzahar,2.18,21181
Orianna,,Yone,0.05,21792
Orianna,,Annie,0.62,5334
Orianna,,Jhin,-2.23,713
Orianna,,Akali,-0.61,18675
Orianna,,Kled,3.74,299
Orianna,,Ashe,-5.06,426
Orianna,,Sylas,0.07,23756
Orianna,,Zed,0.17,20421
Orianna,,Wukong,1.84,293
Orianna,,Ornn,-0.09,156
Orianna,,Anivia,0.87,6263
Orianna,,Morgana,1.77,1924
Orianna,,Aurora,0.23,5733
Orianna,,Vladimir,2.13,10061
Orianna,,Qiyana,-1.74,4455
Orianna,,Olaf,2.37,136
Orianna,,Yasuo,0.28,25807
Orianna,,Lissandra,1.93,11202
Orianna,,Fiddlesticks,3.12,232
Orianna,,Tristana,-0.98,2658
Orianna,,Viego,0.86,685
Orianna,,Talon,0.49,5126
Orianna,,Vex,2.91,9840
Orianna,,Aatrox,0.43,467
Orianna,,Akshan,0.59,5525
Orianna,,Tryndamere,5.25,1022
Orianna,,Pyke,-2.71,180
Orianna,,Gangplank,1.80,1654
Orianna,,Galio,1.70,11582
Orianna,,Neeko,2.18,1129
Orianna,,Zeri,-0.61,164
Orianna,,Vayne,0.59,416
Orianna,,Malphite,3.39,1905
Orianna,,Ambessa,3.45,707
Orianna,,Azir,-1.19,5619
Orianna,,Jayce,0.81,1855
Orianna,,Kayle,4.35,888
Orianna,,Darius,2.46,217
Orianna,,Cassiopeia,0.68,5197
Orianna,,Riven,3.56,1326
Orianna,,Kalista,3.76,206
Orianna,,K'Sante,0.99,194
Orianna,,Senna,-1.83,136
Orianna,,Lucian,-3.65,708
Orianna,,Taliyah,1.38,3004
Orianna,,Draven,0.78,223
Orianna,,Master Yi,3.21,426
Orianna,,Karthus,3.15,422
Orianna,,Seraphine,1.87,690
Orianna,,Twitch,1.44,524
Orianna,,Illaoi,5.64,238
Orianna,,Caitlyn,-0.01,760
Orianna,,Ryze,1.48,8412
Orianna,,Karma,1.81,478
Orianna,,Heimerdinger,7.61,1545
Orianna,,Yunara,-4.21,110
Orianna,,Ezreal,-2.01,1565
Orianna,,Varus,0.39,754
Orianna,,Nidalee,0.72,148
Orianna,,Renekton,6.79,464
Orianna,,Aphelios,2.34,163
Orianna,,Jinx,2.55,115
Orianna,,Dr. Mundo,4.68,425
Orianna,,Mel,2.59,10267
Orianna,,Corki,1.37,860
Orianna,,Sivir,-0.48,139
Orianna,,Kai'Sa,2.44,920
Orianna,,Volibear,5.51,133
Orianna,,Smolder,3.90,1380
Orianna,,Lee Sin,2.39,340
Orianna,,Fiora,9.43,187
Orianna,,Jax,8.10,245
Orianna,,Samira,4.04,123
Orianna,,Graves,7.49,247
Orianna,,Nautilus,5.26,112
Ornn,,Kassadin,-5.09,373
Ornn,,Rek'Sai,-5.12,248
Ornn,,Nocturne,-5.14,260
Ornn,,Hwei,-2.44,278
Ornn,,Senna,-6.02,382
Ornn,,Singed,-1.10,7136
Ornn,,Warwick,-1.73,5029
Ornn,,Garen,-1.64,23717
Ornn,,Zoe,-2.60,206
Ornn,,Mordekaiser,-1.51,32838
Ornn,,Illaoi,-1.25,13077
Ornn,,Shen,-1.84,11354
Ornn,,Dr. Mundo,-1.06,15345
Ornn,,Yone,-2.17,26262
Ornn,,Kayle,-0.78,8156
Ornn,,Nasus,0.10,17239
Ornn,,Fiora,-2.81,12140
Ornn,,Kog'Maw,-1.99,396
Ornn,,Zeri,-5.07,111
Ornn,,Zaahen,-1.77,9152
Ornn,,Naafiri,-0.78,987
Ornn,,Katarina,-3.12,351
Ornn,,Lux,-2.54,172
Ornn,,Zed,0.18,1193
Ornn,,Swain,-2.18,1971
Ornn,,Ekko,-3.35,440
Ornn,,Karthus,-3.09,199
Ornn,,Yorick,0.62,14335
Ornn,,Olaf,-0.68,8743
Ornn,,Vel'Koz,0.24,284
Ornn,,Camille,-1.93,6787
Ornn,,LeBlanc,-1.83,240
Ornn,,Veigar,-0.37,684
Ornn,,Kled,0.54,4498
Ornn,,Ambessa,-2.52,8740
Ornn,,Tryndamere,0.15,10634
Ornn,,Briar,0.25,915
Ornn,,Poppy,-0.42,3506
Ornn,,Sett,1.18,23180
Ornn,,Cassiopeia,-1.39,1067
Ornn,,Smolder,-4.58,1355
Ornn,,Gwen,-1.52,10936
Ornn,,Yasuo,-1.67,8425
Ornn,,Gangplank,0.01,12737
Ornn,,Annie,1.06,239
Ornn,,Urgot,1.49,8971
Ornn,,Volibear,0.08,11586
Ornn,,Kayn,-1.97,1439
Ornn,,Irelia,-0.28,7958
Ornn,,Galio,-0.51,574
Ornn,,Sion,0.39,8633
Ornn,,Pantheon,-0.04,6932
Ornn,,Zac,2.23,1113
Ornn,,Teemo,2.33,24390
Ornn,,Aatrox,-0.05,14862
Ornn,,Udyr,-1.67,1390
Ornn,,Ziggs,-2.07,141
Ornn,,Renekton,0.76,13587
Ornn,,Anivia,1.30,1663
Ornn,,Master Yi,-2.12,1998
Ornn,,Jax,0.77,13731
Ornn,,Trundle,0.02,7541
Ornn,,Vayne,-0.45,11719
Ornn,,Tahm Kench,1.16,7208
Ornn,,Darius,-0.02,24714
Ornn,,Wukong,2.24,1991
Ornn,,Viego,-1.87,399
Ornn,,Vex,1.44,103
Ornn,,Varus,-1.09,1950
Ornn,,Aurelion Sol,2.09,474
Ornn,,Draven,-1.54,288
Ornn,,Kennen,0.66,3628
Ornn,,Azir,1.40,332
Ornn,,Akali,1.05,5259
Ornn,,Zilean,3.42,732
Ornn,,Aurora,0.72,1080
Ornn,,Cho'Gath,1.47,8942
Ornn,,K'Sante,-2.17,7815
Ornn,,Riven,-0.52,5706
Ornn,,Lissandra,3.21,746
Ornn,,Xin Zhao,0.92,725
Ornn,,Brand,2.26,994
Ornn,,Lillia,-2.32,317
Ornn,,Kalista,0.47,494
Ornn,,Jhin,-0.94,354
Ornn,,Gragas,0.91,4188
Ornn,,Viktor,2.85,557
Ornn,,Maokai,1.79,1322
Ornn,,Heimerdinger,3.41,6565
Ornn,,Akshan,2.06,442
Ornn,,Ahri,4.88,479
Ornn,,Syndra,4.62,241
Ornn,,Fiddlesticks,3.01,823
Ornn,,Gnar,1.21,10719
Ornn,,Vladimir,1.44,2574
Ornn,,Skarner,-2.71,452
Ornn,,Morgana,2.23,397
Ornn,,Sylas,2.73,2663
Ornn,,Malphite,4.65,19275
Ornn,,Corki,-1.09,219
Ornn,,Shyvana,0.03,615
Ornn,,Malzahar,3.94,1748
Ornn,,Rumble,1.09,4289
Ornn,,Sejuani,3.67,623
Ornn,,Twisted Fate,1.08,657
Ornn,,Shaco,-0.31,499
Ornn,,Soraka,-0.98,123
Ornn,,Quinn,4.27,2464
Ornn,,Karma,1.65,364
Ornn,,Mel,-1.38,232
Ornn,,Neeko,3.49,194
Ornn,,Talon,0.55,149
Ornn,,Alistar,-0.95,217
Ornn,,Graves,0.75,641
Ornn,,Jayce,2.10,11123
Ornn,,Diana,2.92,311
Ornn,,Locke,0.42,1579
Ornn,,Ryze,3.52,1465
Ornn,,Kai'Sa,1.68,683
Ornn,,Rengar,-0.34,750
Ornn,,Ivern,1.76,215
Ornn,,Nidalee,-1.22,164
Ornn,,Caitlyn,1.52,554
Ornn,,Zyra,4.15,127
Ornn,,Fizz,4.61,331
Ornn,,Tristana,2.39,464
Ornn,,Jarvan IV,0.78,145
Ornn,,Ashe,1.67,495
Ornn,,Qiyana,6.29,246
Ornn,,Nautilus,2.84,263
Ornn,,Lulu,0.89,118
Ornn,,Rammus,4.85,160
Ornn,,Bel'Veth,0.55,180
Ornn,,Lee Sin,1.89,508
Ornn,,Vi,4.30,373
Ornn,,Miss Fortune,2.50,112
Ornn,,Ezreal,2.67,299
Ornn,,Amumu,1.19,113
Ornn,,Lucian,4.13,222
Ornn,,Thresh,2.36,106
Ornn,,Elise,13.05,186
Pantheon,,Taric,-4.07,7512
Pantheon,,Poppy,-1.85,21948
Pantheon,,Renata Glasc,-2.59,4208
Pantheon,,Janna,-1.19,10907
Pantheon,,Leona,-0.67,48993
Pantheon,,Milio,-1.10,19432
Pantheon,,Soraka,-1.07,19209
Pantheon,,Kennen,-3.79,509
Pantheon,,Sona,-0.42,12368
Pantheon,,Rell,-0.59,16533
Pantheon,,Braum,-1.12,17663
Pantheon,,Amumu,-0.47,3308
Pantheon,,Maokai,-0.95,11721
Pantheon,,Rakan,-1.33,13714
Pantheon,,Lulu,-2.06,30698
Pantheon,,Nami,-0.58,29154
Pantheon,,Alistar,-1.12,20285
Pantheon,,Thresh,-0.57,59457
Pantheon,,Zilean,-0.26,11370
Pantheon,,Brand,-0.72,24447
Pantheon,,Seraphine,-0.45,58836
Pantheon,,Zyra,0.11,16339
Pantheon,,Senna,-0.19,30257
Pantheon,,Tahm Kench,-1.03,22261
Pantheon,,Quinn,-2.03,446
Pantheon,,Elise,-0.34,2287
Pantheon,,Xerath,-0.07,21804
Pantheon,,Teemo,0.48,6389
Pantheon,,Sejuani,-1.76,622
Pantheon,,Nautilus,-0.28,60226
Pantheon,,Shen,-0.02,11338
Pantheon,,Annie,-0.07,1623
Pantheon,,Vel'Koz,0.61,17511
Pantheon,,Twisted Fate,-1.15,1180
Pantheon,,Taliyah,-2.40,621
Pantheon,,Galio,0.97,7070
Pantheon,,Morgana,0.88,41048
Pantheon,,Hwei,0.36,3828
Pantheon,,Karma,-0.67,22029
Pantheon,,Blitzcrank,0.50,34260
Pantheon,,Sion,-0.03,2078
Pantheon,,Fiddlesticks,0.42,2886
Pantheon,,Aurelion Sol,-1.62,639
Pantheon,,Lissandra,-1.44,1320
Pantheon,,Udyr,-6.16,110
Pantheon,,Rammus,1.19,860
Pantheon,,Zac,0.05,1667
Pantheon,,Swain,-0.09,27844
Pantheon,,Lux,0.75,76331
Pantheon,,Kog'Maw,-1.56,342
Pantheon,,Shaco,1.08,9419
Pantheon,,Heimerdinger,-0.07,1759
Pantheon,,Bard,0.49,19608
Pantheon,,Anivia,-0.74,2721
Pantheon,,Malphite,-0.84,7846
Pantheon,,Ahri,-0.93,1052
Pantheon,,Zoe,-0.66,3721
Pantheon,,Jarvan IV,0.85,2745
Pantheon,,Skarner,-0.24,1409
Pantheon,,Syndra,0.61,1363
Pantheon,,Kayle,-1.18,297
Pantheon,,Singed,-0.86,906
Pantheon,,Veigar,-0.06,5349
Pantheon,,Pyke,0.84,49677
Pantheon,,Vex,-0.70,797
Pantheon,,Nidalee,0.15,1338
Pantheon,,Camille,0.49,37682
Pantheon,,Nunu & Willump,-1.13,969
Pantheon,,Wukong,0.78,607
Pantheon,,LeBlanc,2.54,4328
Pantheon,,Neeko,0.81,12283
Pantheon,,Gragas,0.98,1438
Pantheon,,Ivern,0.77,867
Pantheon,,Trundle,-0.69,691
Pantheon,,Cho'Gath,0.04,1977
Pantheon,,Sett,0.35,2552
Pantheon,,Sylas,2.10,9567
Pantheon,,Ziggs,0.74,2109
Pantheon,,Nocturne,-1.30,144
Pantheon,,Jax,0.74,1101
Pantheon,,Ryze,-6.08,117
Pantheon,,Olaf,-5.15,145
Pantheon,,Viktor,-0.65,402
Pantheon,,Kled,0.11,244
Pantheon,,Evelynn,3.22,219
Pantheon,,Yuumi,1.07,29136
Pantheon,,Qiyana,0.77,585
Pantheon,,Karthus,0.00,433
Pantheon,,Rek'Sai,1.97,173
Pantheon,,Ashe,0.35,6299
Pantheon,,Ornn,0.79,686
Pantheon,,Malzahar,1.28,1304
Pantheon,,Dr. Mundo,1.01,680
Pantheon,,Rengar,-1.52,836
Pantheon,,Zaahen,1.18,337
Pantheon,,Aurora,-1.99,235
Pantheon,,Ekko,2.61,681
Pantheon,,Fizz,3.36,730
Pantheon,,Graves,-3.98,117
Pantheon,,Briar,1.08,628
Pantheon,,Fiora,-0.43,151
Pantheon,,Cassiopeia,-0.32,211
Pantheon,,K'Sante,-1.72,489
Pantheon,,Darius,-0.75,634
Pantheon,,Illaoi,-2.39,329
Pantheon,,Miss Fortune,-0.75,3086
Pantheon,,Vi,4.04,1524
Pantheon,,Yorick,0.87,307
Pantheon,,Riven,-1.99,173
Pantheon,,Mel,1.61,21241
Pantheon,,Xin Zhao,3.34,384
Pantheon,,Locke,2.58,1231
Pantheon,,Lee Sin,1.73,2054
Pantheon,,Katarina,0.69,503
Pantheon,,Twitch,1.26,3295
Pantheon,,Rumble,3.13,251
Pantheon,,Jayce,4.09,550
Pantheon,,Nasus,1.21,597
Pantheon,,Orianna,2.49,455
Pantheon,,Master Yi,5.10,606
Pantheon,,Talon,2.41,117
Pantheon,,Gnar,0.32,125
Pantheon,,Warwick,3.06,262
Pantheon,,Kai'Sa,-0.56,363
Pantheon,,Urgot,3.43,226
Pantheon,,Volibear,1.94,398
Pantheon,,Mordekaiser,2.11,705
Pantheon,,Ambessa,0.75,160
Pantheon,,Aatrox,2.67,547
Pantheon,,Jhin,2.36,983
Pantheon,,Viego,4.52,322
Pantheon,,Tryndamere,0.31,222
Pantheon,,Naafiri,3.26,444
Pantheon,,Gangplank,-3.47,182
Pantheon,,Zed,4.61,1062
Pantheon,,Jinx,-4.49,208
Pantheon,,Diana,4.30,356
Pantheon,,Bel'Veth,0.69,106
Pantheon,,Ezreal,3.37,1965
Pantheon,,Renekton,2.13,136
Pantheon,,Varus,1.73,312
Pantheon,,Smolder,-1.94,160
Pantheon,,Akshan,3.66,219
Pantheon,,Yasuo,3.91,1060
Pantheon,,Caitlyn,0.93,497
Pantheon,,Kayn,7.44,143
Pantheon,,Garen,4.09,391
Pantheon,,Yone,4.16,710
Pantheon,,Vladimir,2.50,116
Pantheon,,Akali,6.88,309
Pantheon,,Vayne,4.66,271
Pantheon,,Tristana,2.84,247
Pantheon,,Lucian,3.82,128
Pantheon,,Azir,8.52,140
Poppy,,Kog'Maw,-7.86,136
Poppy,,Janna,-2.58,5915
Poppy,,Sona,-2.14,5580
Poppy,,Renata Glasc,-3.47,2228
Poppy,,Taric,-1.17,3772
Poppy,,Milio,-2.26,9614
Poppy,,Amumu,-1.61,2069
Poppy,,Zyra,-1.71,7478
Poppy,,Soraka,-1.75,8625
Poppy,,Zilean,-1.61,5691
Poppy,,Thresh,-1.53,31837
Poppy,,Maokai,-1.40,6489
Poppy,,Lulu,-2.66,15475
Poppy,,Senna,-1.58,14067
Poppy,,Leona,-0.42,35267
Poppy,,Sion,-2.52,1014
Poppy,,Nami,-1.00,14211
Poppy,,Braum,-0.95,9068
Poppy,,Nautilus,-1.88,35817
Poppy,,Brand,-0.97,9458
Poppy,,Seraphine,-0.64,25745
Poppy,,Zaahen,-5.11,145
Poppy,,Teemo,-0.33,2706
Poppy,,Tahm Kench,-1.19,9734
Poppy,,Morgana,-0.30,16052
Poppy,,Elise,-0.70,1236
Poppy,,Swain,-1.82,11828
Poppy,,Rammus,-0.26,448
Poppy,,Fiddlesticks,-0.76,1359
Poppy,,Galio,0.34,4259
Poppy,,Viktor,-4.88,152
Poppy,,Vel'Koz,0.54,7392
Poppy,,Blitzcrank,0.25,15661
Poppy,,Rakan,0.54,11088
Poppy,,Alistar,0.78,14852
Poppy,,Hwei,0.35,1649
Poppy,,Karma,-0.69,10724
Poppy,,Lux,0.12,28317
Poppy,,Lissandra,-1.66,688
Poppy,,Xerath,0.84,8067
Poppy,,Rell,1.95,13996
Poppy,,Syndra,-1.03,615
Poppy,,Shaco,0.65,4180
Poppy,,Ekko,-1.81,335
Poppy,,Gragas,-0.97,727
Poppy,,Neeko,-1.07,5544
Poppy,,Anivia,-1.30,1297
Poppy,,Taliyah,-1.29,382
Poppy,,Mordekaiser,-5.91,302
Poppy,,Bard,0.44,11490
Poppy,,Ivern,-0.48,491
Poppy,,Shen,2.18,7052
Poppy,,Annie,1.94,783
Poppy,,Malphite,-0.56,3158
Poppy,,Sejuani,0.63,318
Poppy,,Dr. Mundo,-1.59,286
Poppy,,Ornn,-1.53,291
Poppy,,Pantheon,1.85,21948
Poppy,,Jarvan IV,1.41,1905
Poppy,,Master Yi,-1.05,234
Poppy,,Jayce,-1.76,315
Poppy,,Ahri,0.35,526
Poppy,,Singed,0.02,462
Poppy,,Pyke,1.64,29133
Poppy,,Yuumi,0.14,12292
Poppy,,Kennen,1.63,275
Poppy,,Zoe,0.65,1626
Poppy,,Trundle,-0.40,399
Poppy,,Skarner,1.54,828
Poppy,,Camille,1.83,39701
Poppy,,Rumble,-1.18,156
Poppy,,Nasus,-3.22,258
Poppy,,Orianna,-1.98,231
Poppy,,Ashe,-0.02,2537
Poppy,,Kayle,0.85,136
Poppy,,Twisted Fate,3.02,549
Poppy,,Jax,1.51,562
Poppy,,Aurora,-2.43,103
Poppy,,Sett,1.73,962
Poppy,,Cho'Gath,1.57,819
Poppy,,Veigar,2.54,2051
Poppy,,Quinn,3.50,230
Poppy,,Heimerdinger,3.50,732
Poppy,,Vi,2.41,994
Poppy,,LeBlanc,4.82,2513
Poppy,,Akali,-3.18,131
Poppy,,Nidalee,3.36,703
Poppy,,Zac,4.93,1276
Poppy,,Vex,2.71,350
Poppy,,Sylas,4.67,5424
Poppy,,Illaoi,-2.64,118
Poppy,,Volibear,-1.16,149
Poppy,,Ziggs,3.79,709
Poppy,,Rengar,0.14,559
Poppy,,Garen,-3.04,163
Poppy,,Katarina,-0.52,204
Poppy,,Wukong,4.74,317
Poppy,,Mel,0.83,7502
Poppy,,Malzahar,3.60,486
Poppy,,Locke,1.97,589
Poppy,,Diana,0.72,187
Poppy,,K'Sante,0.19,174
Poppy,,Nunu & Willump,3.76,466
Poppy,,Twitch,1.10,1192
Poppy,,Aatrox,1.07,272
Poppy,,Lee Sin,2.02,1135
Poppy,,Darius,1.52,257
Poppy,,Zed,2.38,398
Poppy,,Briar,4.27,340
Poppy,,Fizz,6.79,326
Poppy,,Qiyana,5.68,270
Poppy,,Jhin,1.57,375
Poppy,,Miss Fortune,2.24,1096
Poppy,,Aurelion Sol,7.41,265
Poppy,,Karthus,5.43,181
Poppy,,Kled,6.33,131
Poppy,,Ezreal,2.82,808
Poppy,,Viego,5.95,157
Poppy,,Akshan,3.39,132
Poppy,,Naafiri,5.18,245
Poppy,,Vayne,0.95,105
Poppy,,Yorick,6.19,136
Poppy,,Xin Zhao,8.01,239
Poppy,,Yasuo,6.07,444
Poppy,,Caitlyn,2.84,172
Poppy,,Varus,5.44,134
Poppy,,Yone,7.78,304
Poppy,,Kai'Sa,8.87,147
Pyke,,Evelynn,-4.95,306
Pyke,,Amumu,-1.93,4823
Pyke,,Poppy,-1.64,29133
Pyke,,Maokai,-2.06,19301
Pyke,,Kled,-6.88,321
Pyke,,Taric,0.37,9232
Pyke,,Fizz,-4.23,1124
Pyke,,Teemo,-1.29,8416
Pyke,,Renata Glasc,-1.67,6008
Pyke,,Leona,-0.25,71063
Pyke,,Rell,-0.25,23217
Pyke,,Kennen,-3.32,658
Pyke,,Nautilus,-1.70,85740
Pyke,,Kayn,-7.78,162
Pyke,,Morgana,-0.91,56312
Pyke,,Elise,-1.30,4232
Pyke,,Rakan,-0.89,24732
Pyke,,Nami,-0.21,42514
Pyke,,Soraka,-0.15,31720
Pyke,,Braum,-0.24,24527
Pyke,,Thresh,-0.20,92156
Pyke,,Shaco,-1.15,13397
Pyke,,Milio,0.26,27675
Pyke,,Galio,-0.13,9911
Pyke,,Sona,0.88,17249
Pyke,,Blitzcrank,-0.64,47699
Pyke,,Alistar,-0.26,27066
Pyke,,Zyra,0.45,22585
Pyke,,Janna,0.74,16132
Pyke,,LeBlanc,-1.04,5760
Pyke,,Shen,-0.22,14428
Pyke,,Rammus,0.11,1189
Pyke,,Quinn,-1.52,635
Pyke,,Pantheon,-0.84,49677
Pyke,,Brand,0.46,32817
Pyke,,Lissandra,-2.13,1838
Pyke,,Heimerdinger,-1.38,2763
Pyke,,Malphite,-2.24,10046
Pyke,,Dr. Mundo,-3.38,879
Pyke,,Seraphine,1.25,85296
Pyke,,Zilean,1.64,16425
Pyke,,Singed,-2.53,1243
Pyke,,Xerath,1.06,30978
Pyke,,Lulu,0.33,42055
Pyke,,Sylas,-0.62,13096
Pyke,,Qiyana,-2.73,807
Pyke,,Karthus,-3.40,565
Pyke,,Camille,-1.19,44572
Pyke,,Swain,-0.01,34523
Pyke,,Zac,0.18,2167
Pyke,,Jarvan IV,-0.19,3442
Pyke,,Sejuani,-0.47,830
Pyke,,Nidalee,-1.21,2108
Pyke,,Annie,1.16,2217
Pyke,,Tahm Kench,1.04,28464
Pyke,,Sion,0.92,2528
Pyke,,Cassiopeia,-4.67,279
Pyke,,Senna,2.01,42524
Pyke,,Riven,-7.86,220
Pyke,,Vi,-1.14,1942
Pyke,,Lux,1.34,108202
Pyke,,Twisted Fate,0.38,1556
Pyke,,Neeko,-0.47,16485
Pyke,,Malzahar,-1.70,1729
Pyke,,Bard,0.55,28959
Pyke,,Vel'Koz,2.24,23860
Pyke,,Wukong,-0.22,1007
Pyke,,Fiora,-4.34,203
Pyke,,Ahri,-0.93,1502
Pyke,,Olaf,-7.12,145
Pyke,,Sett,-1.11,2816
Pyke,,Xin Zhao,-2.40,614
Pyke,,Fiddlesticks,2.01,3633
Pyke,,Cho'Gath,-1.10,2431
Pyke,,Katarina,-5.07,710
Pyke,,Kog'Maw,-0.30,406
Pyke,,Skarner,-0.13,1659
Pyke,,Zaahen,-1.56,402
Pyke,,Lillia,-2.55,130
Pyke,,Syndra,0.81,1682
Pyke,,Rek'Sai,-0.06,218
Pyke,,Karma,1.44,31008
Pyke,,Gragas,0.44,1759
Pyke,,Vex,-0.28,1078
Pyke,,Ryze,-6.72,128
Pyke,,Veigar,0.79,6982
Pyke,,Locke,-1.99,1653
Pyke,,Zoe,0.58,5171
Pyke,,Gnar,-5.37,156
Pyke,,Viktor,-1.11,508
Pyke,,Hwei,3.57,4815
Pyke,,Nunu & Willump,-0.29,1297
Pyke,,Aurelion Sol,1.56,700
Pyke,,Ekko,0.97,962
Pyke,,Yuumi,0.66,36031
Pyke,,Anivia,1.49,3697
Pyke,,Zed,-2.16,1271
Pyke,,Volibear,-3.34,488
Pyke,,Naafiri,-2.93,627
Pyke,,Briar,-0.25,906
Pyke,,Talon,-2.23,224
Pyke,,Nocturne,-0.59,186
Pyke,,Mel,-1.69,29053
Pyke,,Master Yi,0.60,864
Pyke,,Ivern,2.06,1148
Pyke,,Udyr,-2.33,132
Pyke,,Aatrox,-2.27,638
Pyke,,Jax,1.79,1442
Pyke,,Jayce,0.36,623
Pyke,,Ziggs,2.12,2531
Pyke,,Warwick,-1.13,294
Pyke,,Yasuo,-3.40,1328
Pyke,,Rengar,-1.05,1101
Pyke,,Trundle,1.57,854
Pyke,,Lee Sin,-0.32,2869
Pyke,,Ornn,1.86,941
Pyke,,Darius,-1.08,780
Pyke,,Kayle,2.52,397
Pyke,,Akshan,-2.64,341
Pyke,,Gangplank,-7.85,210
Pyke,,Rumble,0.97,343
Pyke,,Viego,0.97,433
Pyke,,Samira,-9.66,100
Pyke,,Urgot,0.95,303
Pyke,,Taliyah,4.16,828
Pyke,,Twitch,0.28,3995
Pyke,,Ambessa,-1.71,209
Pyke,,Ashe,3.01,8627
Pyke,,Yone,-3.38,837
Pyke,,Jhin,-0.16,1186
Pyke,,Nasus,0.19,773
Pyke,,Akali,-1.12,439
Pyke,,Ezreal,-0.21,2315
Pyke,,Vayne,-3.47,351
Pyke,,Graves,-0.66,145
Pyke,,Diana,2.42,444
Pyke,,Yorick,2.77,383
Pyke,,Mordekaiser,1.67,816
Pyke,,Miss Fortune,2.15,3789
Pyke,,Orianna,3.11,562
Pyke,,Garen,-0.23,589
Pyke,,Illaoi,1.25,378
Pyke,,Vladimir,-2.71,121
Pyke,,Kai'Sa,0.70,479
Pyke,,Tristana,-3.36,332
Pyke,,Renekton,0.95,171
Pyke,,K'Sante,3.31,552
Pyke,,Caitlyn,-1.11,785
Pyke,,Azir,-2.39,164
Pyke,,Aurora,4.41,298
Pyke,,Varus,1.45,389
Pyke,,Smolder,-1.71,219
Pyke,,Tryndamere,3.01,233
Pyke,,Irelia,-2.06,133
Pyke,,Bel'Veth,2.76,120
Pyke,,Lucian,0.61,179
Pyke,,Jinx,2.37,373
Pyke,,Aphelios,-0.01,101
Qiyana,,Tryndamere,-3.78,1184
Qiyana,,Rammus,-1.36,3386
Qiyana,,Shyvana,-1.16,9306
Qiyana,,Nocturne,-2.42,17144
Qiyana,,Warwick,-1.71,10521
Qiyana,,Amumu,-1.87,5562
Qiyana,,Nasus,-1.83,5458
Qiyana,,Darius,-1.97,1671
Qiyana,,Fizz,-2.74,1375
Qiyana,,Dr. Mundo,-1.64,1500
Qiyana,,Briar,-0.43,11558
Qiyana,,Trundle,-2.04,1442
Qiyana,,Zaahen,-1.27,844
Qiyana,,Mordekaiser,-0.16,1435
Qiyana,,Morgana,-2.28,591
Qiyana,,Sejuani,-0.66,3471
Qiyana,,Fiddlesticks,-1.72,4391
Qiyana,,Jax,-1.36,5223
Qiyana,,Wukong,0.47,10117
Qiyana,,Sett,-4.07,170
Qiyana,,Poppy,-1.77,1189
Qiyana,,Xin Zhao,-0.70,6693
Qiyana,,Zac,-0.59,4288
Qiyana,,Yorick,-0.49,273
Qiyana,,Malphite,-1.45,2212
Qiyana,,Maokai,-0.32,1098
Qiyana,,Jarvan IV,-0.11,11549
Qiyana,,Nautilus,-4.72,260
Qiyana,,Teemo,0.35,2100
Qiyana,,Cho'Gath,1.31,1048
Qiyana,,Kayn,0.36,19804
Qiyana,,Taliyah,-0.27,1153
Qiyana,,Skarner,-2.35,1998
Qiyana,,Lillia,1.10,5712
Qiyana,,Karthus,-1.64,2649
Qiyana,,Riven,-4.48,315
Qiyana,,Rek'Sai,-0.21,1907
Qiyana,,Quinn,-0.08,2829
Qiyana,,Diana,-1.50,7436
Qiyana,,Evelynn,0.15,4951
Qiyana,,Udyr,0.68,3553
Qiyana,,Master Yi,-0.10,15529
Qiyana,,Olaf,-0.56,791
Qiyana,,Hecarim,-1.10,7361
Qiyana,,Bel'Veth,1.81,8099
Qiyana,,Vi,0.87,11703
Qiyana,,Zyra,2.11,1390
Qiyana,,Sylas,0.04,13210
Qiyana,,Shaco,0.53,13057
Qiyana,,Aatrox,1.91,2328
Qiyana,,Elise,0.36,2904
Qiyana,,Nunu & Willump,-0.34,4241
Qiyana,,Graves,0.98,26373
Qiyana,,Sion,3.19,402
Qiyana,,Ekko,1.05,7240
Qiyana,,Kha'Zix,-0.32,11122
Qiyana,,Talon,0.92,10095
Qiyana,,Zed,-1.67,5771
Qiyana,,Gragas,0.62,1071
Qiyana,,Naafiri,1.27,10304
Qiyana,,Lee Sin,-0.28,24166
Qiyana,,Rengar,-4.59,8768
Qiyana,,Gwen,1.29,1342
Qiyana,,Ambessa,0.82,1900
Qiyana,,Volibear,2.14,2427
Qiyana,,Nidalee,-0.59,4994
Qiyana,,Viego,2.01,25951
Qiyana,,Shen,2.84,627
Qiyana,,Kindred,1.11,4861
Qiyana,,Jayce,1.41,3052
Qiyana,,Ivern,3.43,1936
Qiyana,,Twitch,-5.76,504
Qiyana,,Neeko,1.18,166
Qiyana,,Pantheon,2.17,2165
Qiyana,,Camille,-0.72,192
Qiyana,,Garen,-2.92,302
Qiyana,,Rumble,2.48,209
Qiyana,,Aurelion Sol,0.92,139
Qiyana,,Brand,2.96,526
Qiyana,,Singed,3.87,188
Qiyana,,Locke,-0.82,4099
Qiyana,,Vayne,4.64,221
Qiyana,,Kai'Sa,3.72,191
Qiyana,,Yone,9.51,182
Qiyana,,Jhin,5.58,212
Quinn,,Rammus,-4.81,3454
Quinn,,Yorick,-6.92,232
Quinn,,Olaf,-7.80,576
Quinn,,Dr. Mundo,-5.05,1112
Quinn,,Sejuani,-3.83,2570
Quinn,,Shyvana,-1.73,7408
Quinn,,Zyra,-2.43,773
Quinn,,Teemo,-2.67,1618
Quinn,,Amumu,-1.90,4538
Quinn,,Wukong,-1.05,6604
Quinn,,Gwen,-3.46,904
Quinn,,Trundle,-2.13,1263
Quinn,,Singed,-5.08,156
Quinn,,Nocturne,-0.93,13294
Quinn,,Cho'Gath,-0.54,812
Quinn,,Mordekaiser,0.27,1127
Quinn,,Nasus,-0.55,4076
Quinn,,Xin Zhao,-1.67,4708
Quinn,,Zaahen,-0.59,601
Quinn,,Pantheon,-2.92,1418
Quinn,,Viego,-1.32,15318
Quinn,,Warwick,0.65,9540
Quinn,,Naafiri,-1.46,6050
Quinn,,Shaco,-1.42,9236
Quinn,,Bel'Veth,0.25,5726
Quinn,,Maokai,-0.67,731
Quinn,,Taliyah,-1.08,488
Quinn,,Shen,-0.75,520
Quinn,,Graves,-0.98,13992
Quinn,,Vi,-0.49,8176
Quinn,,Master Yi,-0.93,12321
Quinn,,Elise,-1.04,1812
Quinn,,Jarvan IV,-0.03,6704
Quinn,,Sion,1.72,335
Quinn,,Talon,-0.52,4945
Quinn,,Neeko,-2.41,104
Quinn,,Brand,-2.21,378
Quinn,,Fiddlesticks,0.15,3026
Quinn,,Aatrox,1.26,1349
Quinn,,Fizz,0.68,964
Quinn,,Camille,-4.65,153
Quinn,,Ekko,0.35,5617
Quinn,,Udyr,0.98,3210
Quinn,,Kindred,-1.21,3415
Quinn,,Kayn,1.27,16411
Quinn,,Volibear,1.13,2081
Quinn,,Briar,3.17,11014
Quinn,,Karthus,-0.81,1965
Quinn,,Evelynn,0.93,3558
Quinn,,Malphite,0.28,1898
Quinn,,Diana,-0.53,5178
Quinn,,Kha'Zix,-0.39,6793
Quinn,,Zac,1.71,2887
Quinn,,Hecarim,-0.06,4999
Quinn,,Lillia,2.79,4627
Quinn,,Rumble,-0.51,128
Quinn,,Nunu & Willump,0.43,3075
Quinn,,Darius,3.06,1135
Quinn,,Jax,2.61,4550
Quinn,,Skarner,0.08,1144
Quinn,,Rek'Sai,2.32,1122
Quinn,,Ambessa,1.82,1082
Quinn,,Sylas,2.06,7273
Quinn,,Gragas,2.09,946
Quinn,,Lee Sin,1.10,14513
Quinn,,Ivern,3.27,1208
Quinn,,Tryndamere,4.93,1052
Quinn,,Jhin,-6.77,110
Quinn,,Poppy,3.69,733
Quinn,,Sett,1.56,152
Quinn,,Nidalee,1.72,2501
Quinn,,Morgana,4.04,494
Quinn,,Zed,1.70,3122
Quinn,,Qiyana,0.08,2829
Quinn,,Twitch,-3.30,545
Quinn,,Riven,1.47,215
Quinn,,Rengar,-0.04,6490
Quinn,,Jayce,4.83,1468
Quinn,,Yone,1.38,151
Quinn,,Nautilus,3.93,217
Quinn,,Locke,0.22,2871
Quinn,,Kai'Sa,3.65,108
Quinn,,Garen,3.45,255
Quinn,,Vayne,7.99,173
Rakan,,Taliyah,-7.45,334
Rakan,,Twisted Fate,-4.69,632
Rakan,,Renata Glasc,-2.89,2396
Rakan,,Seraphine,-2.42,30053
Rakan,,Senna,-2.24,16621
Rakan,,Taric,-0.10,3845
Rakan,,Morgana,-1.87,18398
Rakan,,Janna,-0.84,7882
Rakan,,Poppy,-0.54,11088
Rakan,,Lux,-2.27,31061
Rakan,,Nami,-0.88,18917
Rakan,,Hwei,-1.64,1850
Rakan,,Zilean,-0.55,7280
Rakan,,Sona,0.04,7491
Rakan,,Kayle,-5.00,127
Rakan,,Leona,0.17,24547
Rakan,,Maokai,-0.51,6101
Rakan,,Zyra,-0.22,8975
Rakan,,Rell,0.31,9439
Rakan,,Swain,-2.15,11351
Rakan,,Milio,0.08,12433
Rakan,,Soraka,0.10,10862
Rakan,,Brand,-0.36,10202
Rakan,,Thresh,0.23,35260
Rakan,,Neeko,-2.87,5934
Rakan,,Vel'Koz,-0.20,8694
Rakan,,Bard,-1.85,11104
Rakan,,Orianna,-6.86,215
Rakan,,Evelynn,-0.92,125
Rakan,,Zac,-0.78,801
Rakan,,Sejuani,-1.41,295
Rakan,,Alistar,0.67,11028
Rakan,,Syndra,-1.43,603
Rakan,,Lulu,-0.14,18795
Rakan,,Ahri,-2.52,523
Rakan,,Teemo,1.27,2768
Rakan,,Ivern,-1.88,528
Rakan,,Xerath,1.02,8722
Rakan,,Elise,1.00,1281
Rakan,,Shaco,0.68,4540
Rakan,,Braum,1.98,10600
Rakan,,Shen,1.29,5220
Rakan,,Malzahar,-2.26,541
Rakan,,Fiddlesticks,1.11,1437
Rakan,,Galio,2.05,3759
Rakan,,Amumu,2.90,1669
Rakan,,Veigar,-0.98,2335
Rakan,,Nautilus,1.41,29825
Rakan,,Tahm Kench,1.52,9372
Rakan,,Kennen,0.28,256
Rakan,,Annie,1.87,850
Rakan,,Pantheon,1.31,13714
Rakan,,Jarvan IV,1.11,1199
Rakan,,Pyke,0.86,24732
Rakan,,Karma,1.41,12745
Rakan,,Blitzcrank,2.58,17505
Rakan,,Lissandra,0.39,1044
Rakan,,Sion,2.19,1000
Rakan,,Skarner,0.23,707
Rakan,,Aurelion Sol,0.63,271
Rakan,,Malphite,0.23,2926
Rakan,,Vex,-0.23,381
Rakan,,Ziggs,0.36,763
Rakan,,Cho'Gath,-0.08,747
Rakan,,LeBlanc,2.81,1989
Rakan,,Zoe,0.63,1816
Rakan,,Sett,0.34,802
Rakan,,Naafiri,-3.23,172
Rakan,,Jax,0.80,412
Rakan,,Ekko,1.25,285
Rakan,,Sylas,2.66,4180
Rakan,,Zaahen,0.16,125
Rakan,,Heimerdinger,2.76,696
Rakan,,Ornn,0.42,309
Rakan,,Anivia,2.25,1298
Rakan,,Qiyana,1.25,245
Rakan,,K'Sante,-2.73,147
Rakan,,Kog'Maw,2.29,152
Rakan,,Camille,2.70,14486
Rakan,,Yuumi,1.85,12730
Rakan,,Gragas,2.96,668
Rakan,,Karthus,0.73,175
Rakan,,Ashe,0.99,2846
Rakan,,Rammus,5.80,323
Rakan,,Vi,2.64,773
Rakan,,Viktor,0.81,138
Rakan,,Xin Zhao,1.35,187
Rakan,,Fizz,3.74,276
Rakan,,Wukong,3.78,251
Rakan,,Jayce,1.44,215
Rakan,,Locke,0.91,487
Rakan,,Singed,3.46,458
Rakan,,Rengar,0.29,338
Rakan,,Jhin,-0.86,355
Rakan,,Nidalee,4.55,698
Rakan,,Darius,0.14,211
Rakan,,Mel,1.02,7889
Rakan,,Aatrox,0.07,190
Rakan,,Kled,3.37,111
Rakan,,Briar,2.85,274
Rakan,,Volibear,0.16,140
Rakan,,Dr. Mundo,4.03,242
Rakan,,Miss Fortune,0.76,1232
Rakan,,Viego,2.42,132
Rakan,,Mordekaiser,0.73,231
Rakan,,Yorick,1.96,123
Rakan,,Quinn,6.91,201
Rakan,,Nunu & Willump,5.00,459
Rakan,,Lee Sin,2.91,787
Rakan,,Master Yi,5.34,217
Rakan,,Nasus,1.72,230
Rakan,,Twitch,2.46,1244
Rakan,,Trundle,5.25,339
Rakan,,Kai'Sa,-0.17,157
Rakan,,Zed,4.08,403
Rakan,,Katarina,3.50,206
Rakan,,Ezreal,2.83,678
Rakan,,Yasuo,2.25,294
Rakan,,Rumble,6.64,109
Rakan,,Akali,3.24,112
Rakan,,Diana,6.13,138
Rakan,,Yone,2.45,217
Rakan,,Caitlyn,1.91,190
Rakan,,Varus,5.44,100
Rakan,,Garen,10.53,133
Rammus,,Mordekaiser,-7.49,2250
Rammus,,Lillia,-5.17,11252
Rammus,,Cho'Gath,-4.38,1370
Rammus,,Shyvana,-3.06,12352
Rammus,,Zaahen,-3.68,1018
Rammus,,Amumu,-3.37,9838
Rammus,,Shen,-4.16,863
Rammus,,Darius,-3.07,2153
Rammus,,Maokai,-3.70,1082
Rammus,,Trundle,-3.34,4286
Rammus,,Wukong,-1.68,10719
Rammus,,Yorick,-3.39,394
Rammus,,Sion,-1.61,475
Rammus,,Rumble,-5.54,228
Rammus,,Aatrox,-2.18,2097
Rammus,,Jarvan IV,-2.85,9251
Rammus,,Olaf,-4.04,1055
Rammus,,Sejuani,-1.35,4645
Rammus,,Zac,-2.16,5148
Rammus,,Nautilus,-6.63,301
Rammus,,Shaco,-2.57,12444
Rammus,,Nasus,-0.73,7009
Rammus,,Volibear,-1.83,3810
Rammus,,Xin Zhao,-1.36,7917
Rammus,,Vi,-1.33,12288
Rammus,,Taric,-3.41,101
Rammus,,Fiddlesticks,-1.34,5173
Rammus,,Singed,-3.82,232
Rammus,,Kayn,-0.54,24935
Rammus,,Briar,1.34,22630
Rammus,,Teemo,-0.23,2505
Rammus,,Nocturne,0.46,23442
Rammus,,Bel'Veth,0.23,11364
Rammus,,Dr. Mundo,0.46,1932
Rammus,,Fizz,-0.36,1124
Rammus,,Malphite,-1.18,2786
Rammus,,Gwen,-0.81,1949
Rammus,,Ekko,-0.47,7435
Rammus,,Gragas,-1.18,1108
Rammus,,Warwick,1.60,23143
Rammus,,Naafiri,-0.48,8830
Rammus,,Skarner,-2.38,1900
Rammus,,Sylas,-0.84,12427
Rammus,,Pantheon,-1.72,2125
Rammus,,Diana,-1.59,8437
Rammus,,Nunu & Willump,-1.27,4452
Rammus,,Udyr,0.54,4709
Rammus,,Graves,0.05,23072
Rammus,,Rek'Sai,0.08,1370
Rammus,,Ivern,0.39,1562
Rammus,,Zyra,2.04,1109
Rammus,,Hecarim,-0.79,6377
Rammus,,Karthus,-0.79,2741
Rammus,,Jax,1.18,8586
Rammus,,Talon,0.52,6858
Rammus,,Morgana,0.87,874
Rammus,,Lee Sin,-0.76,20433
Rammus,,Evelynn,1.49,5114
Rammus,,Brand,-0.64,782
Rammus,,Sett,-0.55,319
Rammus,,Tryndamere,3.48,2418
Rammus,,Kha'Zix,0.77,8725
Rammus,,Neeko,-0.03,139
Rammus,,Poppy,2.18,922
Rammus,,Viego,2.44,32537
Rammus,,Ambessa,1.68,1371
Rammus,,Jayce,0.88,1861
Rammus,,Zed,-0.39,4428
Rammus,,Riven,-1.27,321
Rammus,,Elise,2.70,2384
Rammus,,Master Yi,3.52,55041
Rammus,,Nidalee,1.63,3181
Rammus,,Kindred,2.37,5791
Rammus,,Vayne,-0.15,377
Rammus,,Quinn,4.81,3454
Rammus,,Taliyah,5.90,717
Rammus,,Qiyana,1.36,3386
Rammus,,Garen,0.37,493
Rammus,,Rengar,1.59,9910
Rammus,,Locke,-0.11,3798
Rammus,,Twitch,-0.82,783
Rammus,,Yone,2.52,277
Rammus,,Aurelion Sol,4.85,116
Rammus,,Camille,4.15,198
Rammus,,Urgot,6.57,129
Rammus,,Kai'Sa,3.36,175
Rammus,,Jhin,2.36,163
Rammus,,Yasuo,0.62,149
Rek'Sai,,Mordekaiser,-3.61,627
Rek'Sai,,Cho'Gath,-3.02,428
Rek'Sai,,Tryndamere,-2.90,436
Rek'Sai,,Dr. Mundo,-3.02,619
Rek'Sai,,Shyvana,-1.22,4456
Rek'Sai,,Warwick,-2.14,4627
Rek'Sai,,Trundle,-2.96,778
Rek'Sai,,Zaahen,-1.95,446
Rek'Sai,,Zyra,-1.64,661
Rek'Sai,,Rammus,-0.08,1370
Rek'Sai,,Nasus,-1.27,2259
Rek'Sai,,Teemo,-1.91,826
Rek'Sai,,Quinn,-2.32,1122
Rek'Sai,,Volibear,-1.77,1133
Rek'Sai,,Nocturne,-0.62,7166
Rek'Sai,,Amumu,-0.56,2446
Rek'Sai,,Wukong,0.29,5016
Rek'Sai,,Maokai,-1.44,476
Rek'Sai,,Aatrox,-0.44,1113
Rek'Sai,,Briar,0.92,5296
Rek'Sai,,Karthus,-3.03,986
Rek'Sai,,Vi,-0.86,5282
Rek'Sai,,Nunu & Willump,-2.14,1714
Rek'Sai,,Nautilus,-4.98,106
Rek'Sai,,Lillia,0.42,3074
Rek'Sai,,Kayn,-0.14,8387
Rek'Sai,,Jax,-0.32,2135
Rek'Sai,,Udyr,-0.22,1820
Rek'Sai,,Xin Zhao,-0.31,3364
Rek'Sai,,Gragas,-1.40,477
Rek'Sai,,Skarner,-2.83,964
Rek'Sai,,Jarvan IV,-0.04,4746
Rek'Sai,,Zac,-0.06,2130
Rek'Sai,,Graves,-0.44,9356
Rek'Sai,,Malphite,-0.94,851
Rek'Sai,,Kindred,-1.85,2300
Rek'Sai,,Bel'Veth,1.41,4212
Rek'Sai,,Sylas,-0.44,5502
Rek'Sai,,Shaco,0.07,5378
Rek'Sai,,Ekko,0.22,3204
Rek'Sai,,Fiddlesticks,0.37,1870
Rek'Sai,,Ivern,0.31,857
Rek'Sai,,Diana,-1.20,2616
Rek'Sai,,Evelynn,0.44,2353
Rek'Sai,,Morgana,0.24,276
Rek'Sai,,Viego,0.56,9488
Rek'Sai,,Darius,1.83,709
Rek'Sai,,Master Yi,0.39,6400
Rek'Sai,,Shen,0.95,306
Rek'Sai,,Brand,-1.45,225
Rek'Sai,,Sejuani,2.12,1643
Rek'Sai,,Ambessa,0.05,734
Rek'Sai,,Kha'Zix,-0.56,3766
Rek'Sai,,Riven,-3.39,116
Rek'Sai,,Elise,0.53,1207
Rek'Sai,,Hecarim,-0.22,3455
Rek'Sai,,Nidalee,-0.99,2054
Rek'Sai,,Naafiri,1.13,3787
Rek'Sai,,Talon,1.10,3450
Rek'Sai,,Zed,-1.36,1634
Rek'Sai,,Gwen,1.94,634
Rek'Sai,,Pantheon,1.17,957
Rek'Sai,,Poppy,2.58,465
Rek'Sai,,Taliyah,2.74,535
Rek'Sai,,Lee Sin,1.18,14487
Rek'Sai,,Twitch,-5.29,216
Rek'Sai,,Garen,-3.47,106
Rek'Sai,,Jayce,2.24,1439
Rek'Sai,,Sion,6.28,174
Rek'Sai,,Olaf,3.63,364
Rek'Sai,,Fizz,5.06,544
Rek'Sai,,Qiyana,0.21,1907
Rek'Sai,,Rengar,-0.28,3575
Rek'Sai,,Locke,-0.08,1460
Renata Glasc,,Milio,-3.44,4255
Renata Glasc,,Taric,-1.19,1278
Renata Glasc,,LeBlanc,-3.82,469
Renata Glasc,,Zilean,-2.29,2312
Renata Glasc,,Sona,-1.46,2331
Renata Glasc,,Zyra,-1.99,2891
Renata Glasc,,Janna,-1.48,2296
Renata Glasc,,Nidalee,-5.07,212
Renata Glasc,,Teemo,-1.92,896
Renata Glasc,,Vel'Koz,-1.84,2492
Renata Glasc,,Amumu,-0.77,514
Renata Glasc,,Hwei,-2.16,507
Renata Glasc,,Seraphine,-1.24,9606
Renata Glasc,,Senna,-1.26,5452
Renata Glasc,,Twisted Fate,-3.18,161
Renata Glasc,,Nunu & Willump,-5.67,103
Renata Glasc,,Sion,-2.06,269
Renata Glasc,,Xerath,-1.11,2438
Renata Glasc,,Leona,0.32,7900
Renata Glasc,,Morgana,-0.64,5666
Renata Glasc,,Nami,0.03,6467
Renata Glasc,,Karma,-2.01,3663
Renata Glasc,,Fiddlesticks,-1.02,409
Renata Glasc,,Soraka,0.26,3423
Renata Glasc,,Blitzcrank,-0.69,4173
Renata Glasc,,Brand,-0.16,3037
Renata Glasc,,Lux,-0.57,9037
Renata Glasc,,Braum,0.66,2823
Renata Glasc,,Alistar,0.34,2944
Renata Glasc,,Annie,-0.22,243
Renata Glasc,,Galio,0.62,1025
Renata Glasc,,Maokai,0.87,1670
Renata Glasc,,Anivia,-2.53,402
Renata Glasc,,Shaco,-0.18,1288
Renata Glasc,,Cho'Gath,-3.11,214
Renata Glasc,,Singed,-3.00,105
Renata Glasc,,Tahm Kench,0.07,2959
Renata Glasc,,Thresh,1.31,10776
Renata Glasc,,Lissandra,-1.71,207
Renata Glasc,,Rell,1.88,3074
Renata Glasc,,Heimerdinger,-0.95,179
Renata Glasc,,Bard,-0.65,2820
Renata Glasc,,Veigar,-1.45,634
Renata Glasc,,Syndra,-0.53,140
Renata Glasc,,Swain,0.20,3432
Renata Glasc,,Lulu,0.89,6647
Renata Glasc,,Shen,1.47,1462
Renata Glasc,,Yuumi,-1.52,3380
Renata Glasc,,Sett,-1.38,229
Renata Glasc,,Malphite,-0.98,929
Renata Glasc,,Sylas,0.31,948
Renata Glasc,,Poppy,3.42,2228
Renata Glasc,,Zac,1.07,245
Renata Glasc,,Miss Fortune,-5.06,353
Renata Glasc,,Elise,2.35,339
Renata Glasc,,Rakan,2.89,2396
Renata Glasc,,Ivern,0.12,155
Renata Glasc,,Nautilus,2.69,9692
Renata Glasc,,Zoe,0.53,508
Renata Glasc,,Pyke,1.67,6008
Renata Glasc,,Pantheon,2.54,4208
Renata Glasc,,Rammus,4.03,115
Renata Glasc,,Ziggs,0.86,217
Renata Glasc,,Neeko,1.43,1646
Renata Glasc,,Ashe,-0.32,1081
Renata Glasc,,Mel,-1.11,2503
Renata Glasc,,Camille,2.84,4012
Renata Glasc,,Ahri,2.42,135
Renata Glasc,,Lee Sin,-0.64,244
Renata Glasc,,Skarner,3.10,145
Renata Glasc,,Ezreal,-2.36,159
Renata Glasc,,Twitch,-0.27,405
Renata Glasc,,Jax,3.86,119
Renata Glasc,,Malzahar,3.85,177
Renata Glasc,,Jarvan IV,6.12,352
Renata Glasc,,Briar,3.12,114
Renata Glasc,,Jhin,0.12,117
Renata Glasc,,Vex,6.19,114
Renata Glasc,,Gragas,7.50,172
Renata Glasc,,Locke,4.49,145
Renata Glasc,,Vi,7.04,178
Rell,,Fizz,-7.35,301
Rell,,Poppy,-1.96,13996
Rell,,Janna,-2.05,10973
Rell,,Zilean,-2.08,7677
Rell,,Senna,-2.35,18645
Rell,,Kayle,-5.81,169
Rell,,Alistar,-1.77,16740
Rell,,Renata Glasc,-1.91,3074
Rell,,Singed,-5.31,513
Rell,,Amumu,-0.65,2013
Rell,,Taric,0.43,5328
Rell,,Soraka,-0.87,12313
Rell,,Vel'Koz,-1.41,9710
Rell,,Sona,-0.18,7989
Rell,,Nami,-0.78,19980
Rell,,Hwei,-1.67,2035
Rell,,Seraphine,-0.82,33585
Rell,,Milio,-0.37,14103
Rell,,Leona,0.20,34975
Rell,,Teemo,-0.58,3194
Rell,,Zyra,-0.15,10580
Rell,,Swain,-2.14,14210
Rell,,Brand,-0.53,11891
Rell,,Wukong,-3.02,305
Rell,,Braum,0.10,12912
Rell,,Thresh,0.15,43009
Rell,,Kled,-4.60,126
Rell,,Rakan,-0.31,9439
Rell,,Galio,0.10,4414
Rell,,Heimerdinger,-1.99,885
Rell,,Morgana,0.32,25324
Rell,,Maokai,0.71,6772
Rell,,Quinn,-1.65,238
Rell,,Evelynn,-1.15,117
Rell,,Jarvan IV,-1.31,1317
Rell,,Lux,-0.32,34186
Rell,,Syndra,-1.68,624
Rell,,LeBlanc,-0.33,1893
Rell,,Lulu,-0.26,21544
Rell,,Annie,0.09,925
Rell,,Ahri,-2.58,526
Rell,,Shaco,0.05,5077
Rell,,Sion,0.22,1191
Rell,,Elise,1.17,1585
Rell,,Tahm Kench,0.84,14010
Rell,,Vex,-2.05,390
Rell,,Veigar,-1.28,2554
Rell,,Karma,0.16,14035
Rell,,Bard,0.03,11259
Rell,,Fiddlesticks,1.19,1577
Rell,,Blitzcrank,1.42,19432
Rell,,Pantheon,0.59,16533
Rell,,Urgot,-4.29,104
Rell,,Shen,1.70,6947
Rell,,Xerath,2.11,9481
Rell,,Katarina,-5.49,184
Rell,,Pyke,0.24,23217
Rell,,Viego,-3.71,152
Rell,,Zac,0.96,942
Rell,,Gragas,-0.21,812
Rell,,Ekko,-0.89,328
Rell,,Twisted Fate,0.57,639
Rell,,Neeko,-0.05,6127
Rell,,Kennen,0.53,270
Rell,,Malphite,-0.14,3275
Rell,,Sett,-0.40,1170
Rell,,Vi,-0.08,761
Rell,,Nautilus,2.71,48221
Rell,,Cho'Gath,-0.39,922
Rell,,Master Yi,-0.35,257
Rell,,Zoe,0.88,2015
Rell,,Varus,-6.54,118
Rell,,Taliyah,1.20,371
Rell,,Anivia,1.41,1507
Rell,,Camille,1.77,18178
Rell,,Sylas,2.69,4330
Rell,,Aurora,-3.08,117
Rell,,Ornn,0.22,349
Rell,,Lissandra,2.05,665
Rell,,Karthus,-0.06,192
Rell,,Trundle,0.30,470
Rell,,Aatrox,-2.63,226
Rell,,Sejuani,2.73,330
Rell,,Akshan,-4.37,104
Rell,,Ivern,1.94,596
Rell,,Rammus,4.90,438
Rell,,Jax,1.53,495
Rell,,Kai'Sa,-5.10,150
Rell,,Yuumi,1.48,15989
Rell,,Viktor,0.13,201
Rell,,Ziggs,2.13,891
Rell,,Jayce,0.60,214
Rell,,Rek'Sai,2.75,111
Rell,,Qiyana,1.90,248
Rell,,Aurelion Sol,3.31,267
Rell,,Briar,1.06,330
Rell,,Xin Zhao,1.32,180
Rell,,Nunu & Willump,1.90,489
Rell,,Zed,0.00,344
Rell,,Skarner,3.65,933
Rell,,Ashe,1.87,3177
Rell,,Mordekaiser,-1.04,329
Rell,,Rengar,0.16,403
Rell,,Nidalee,4.24,840
Rell,,Mel,0.77,9031
Rell,,Rumble,1.48,120
Rell,,Locke,1.77,522
Rell,,Dr. Mundo,3.18,282
Rell,,Miss Fortune,-0.05,1216
Rell,,Naafiri,0.21,198
Rell,,K'Sante,-0.25,208
Rell,,Malzahar,3.80,584
Rell,,Yorick,1.30,156
Rell,,Kog'Maw,5.05,159
Rell,,Cassiopeia,1.80,113
Rell,,Twitch,1.24,1368
Rell,,Yone,-2.40,281
Rell,,Jhin,0.72,386
Rell,,Lee Sin,2.41,861
Rell,,Yasuo,0.39,326
Rell,,Ezreal,1.50,666
Rell,,Darius,2.80,275
Rell,,Zaahen,5.77,126
Rell,,Nasus,2.56,270
Rell,,Tristana,-3.52,107
Rell,,Diana,3.79,157
Rell,,Garen,0.69,147
Rell,,Vayne,-0.37,117
Rell,,Orianna,5.46,258
Rell,,Akali,3.39,113
Rell,,Illaoi,3.78,147
Rell,,Volibear,5.99,176
Rell,,Caitlyn,5.06,212
Renekton,,Illaoi,-6.00,27724
Renekton,,Taliyah,-7.13,152
Renekton,,Vel'Koz,-5.50,512
Renekton,,Rek'Sai,-4.99,459
Renekton,,Ahri,-3.62,921
Renekton,,Syndra,-3.58,423
Renekton,,Teemo,-3.34,33551
Renekton,,Dr. Mundo,-3.25,28628
Renekton,,Zoe,-3.71,414
Renekton,,Kayle,-2.34,12388
Renekton,,Garen,-1.73,43813
Renekton,,Zilean,-1.83,1168
Renekton,,Singed,-0.79,11131
Renekton,,Mordekaiser,-1.47,64350
Renekton,,Nasus,-0.92,33520
Renekton,,Brand,-3.00,2214
Renekton,,Vayne,-4.10,16949
Renekton,,Orianna,-5.50,164
Renekton,,Janna,-6.15,107
Renekton,,Quinn,-2.09,6216
Renekton,,Urgot,-0.88,14133
Renekton,,Gangplank,-2.10,22186
Renekton,,Ornn,-0.77,13587
Renekton,,Warwick,-0.20,7543
Renekton,,Veigar,-1.44,1186
Renekton,,Varus,-4.25,3314
Renekton,,Kled,-0.41,8291
Renekton,,Lissandra,-0.62,1490
Renekton,,Lux,-2.98,433
Renekton,,Shen,-0.98,15923
Renekton,,Annie,-0.78,416
Renekton,,Cho'Gath,-2.05,13930
Renekton,,Ivern,-5.32,360
Renekton,,Viktor,-0.95,1141
Renekton,,Aurelion Sol,-0.70,542
Renekton,,Zac,0.60,1838
Renekton,,Fiddlesticks,-0.97,1652
Renekton,,Corki,-5.78,367
Renekton,,Cassiopeia,-2.25,1757
Renekton,,Aurora,-2.22,2120
Renekton,,Kennen,-1.88,6350
Renekton,,Jax,-0.70,30927
Renekton,,Malphite,0.46,28380
Renekton,,Tryndamere,-0.07,19143
Renekton,,Rumble,-3.35,7526
Renekton,,Anivia,0.09,2373
Renekton,,Gnar,-2.18,18775
Renekton,,Sylas,-0.97,4574
Renekton,,Hwei,1.16,439
Renekton,,Heimerdinger,0.32,10843
Renekton,,Azir,-0.87,473
Renekton,,Pantheon,-0.71,15684
Renekton,,Swain,-1.39,3340
Renekton,,Smolder,-4.60,1462
Renekton,,Volibear,-0.41,21586
Renekton,,Trundle,-0.82,10239
Renekton,,Maokai,-0.79,2134
Renekton,,Poppy,-0.07,5168
Renekton,,Kog'Maw,-0.24,570
Renekton,,Senna,-2.38,460
Renekton,,Zed,1.37,2131
Renekton,,Graves,-3.76,1195
Renekton,,Wukong,1.31,4312
Renekton,,Elise,-0.64,338
Renekton,,Tahm Kench,0.30,11905
Renekton,,Zaahen,0.12,16156
Renekton,,Ryze,-1.50,2284
Renekton,,Vladimir,-1.08,4339
Renekton,,Sett,1.83,50373
Renekton,,Neeko,-0.48,393
Renekton,,Karma,-2.11,744
Renekton,,Olaf,0.92,12571
Renekton,,Kalista,-1.19,872
Renekton,,Gwen,-0.64,11764
Renekton,,Ziggs,-1.83,263
Renekton,,Taric,-6.99,151
Renekton,,Draven,-2.20,513
Renekton,,Aatrox,0.48,38952
Renekton,,Vex,1.25,297
Renekton,,Kayn,-1.20,2246
Renekton,,Sejuani,0.89,1144
Renekton,,Morgana,0.15,749
Renekton,,Karthus,-0.96,380
Renekton,,Yorick,2.77,33555
Renekton,,Fiora,0.39,17459
Renekton,,Nocturne,1.29,495
Renekton,,Darius,0.37,47926
Renekton,,Jayce,-1.31,17830
Renekton,,Kassadin,2.64,439
Renekton,,Twisted Fate,-1.22,1142
Renekton,,Miss Fortune,-6.32,199
Renekton,,Gragas,0.16,8575
Renekton,,Sion,1.94,12387
Renekton,,Camille,0.84,12435
Renekton,,Kai'Sa,-1.55,938
Renekton,,Akali,1.63,13684
Renekton,,Zeri,-0.85,184
Renekton,,Irelia,2.16,18799
Renekton,,Akshan,2.32,573
Renekton,,LeBlanc,1.87,441
Renekton,,Mel,-2.81,448
Renekton,,Soraka,-2.06,190
Renekton,,Yone,3.17,62571
Renekton,,Caitlyn,-1.56,1207
Renekton,,Briar,3.85,1786
Renekton,,Ashe,-1.87,927
Renekton,,Jhin,-0.11,696
Renekton,,Diana,1.18,606
Renekton,,Malzahar,4.06,3066
Renekton,,Galio,3.07,965
Renekton,,Udyr,2.11,2314
Renekton,,Qiyana,3.30,479
Renekton,,Xerath,1.39,161
Renekton,,Ezreal,-3.83,629
Renekton,,K'Sante,0.42,15177
Renekton,,Lillia,-0.09,385
Renekton,,Lucian,-3.52,403
Renekton,,Nidalee,-2.61,408
Renekton,,Ambessa,3.02,36144
Renekton,,Shyvana,1.41,1063
Renekton,,Xin Zhao,3.77,1575
Renekton,,Shaco,0.81,984
Renekton,,Aphelios,1.57,122
Renekton,,Jinx,-1.00,113
Renekton,,Viego,2.61,749
Renekton,,Locke,0.81,3043
Renekton,,Naafiri,6.37,1986
Renekton,,Zyra,3.85,237
Renekton,,Katarina,4.23,504
Renekton,,Ekko,3.74,775
Renekton,,Jarvan IV,0.31,397
Renekton,,Yasuo,4.77,29862
Renekton,,Riven,4.08,18475
Renekton,,Tristana,2.52,862
Renekton,,Skarner,1.04,875
Renekton,,Master Yi,4.37,4313
Renekton,,Alistar,1.94,486
Renekton,,Lee Sin,0.78,1097
Renekton,,Lulu,0.58,238
Renekton,,Rammus,5.11,384
Renekton,,Vi,4.34,669
Renekton,,Rengar,3.64,1759
Renekton,,Fizz,7.49,620
Renekton,,Talon,5.82,247
Renekton,,Bel'Veth,3.22,334
Renekton,,Nautilus,6.21,506
Renekton,,Thresh,3.71,214
Renekton,,Samira,7.40,107
Renekton,,Twitch,6.65,147
Renekton,,Leona,2.39,193
Renekton,,Amumu,5.17,193
Renekton,,Blitzcrank,6.93,110
Rengar,,Taric,-10.18,169
Rengar,,Mordekaiser,-2.65,3774
Rengar,,Rammus,-1.60,9910
Rengar,,Warwick,-2.55,30250
Rengar,,Yorick,-3.79,676
Rengar,,Tryndamere,-2.21,3266
Rengar,,Nasus,-2.08,13504
Rengar,,Shyvana,-0.61,22983
Rengar,,Briar,-0.97,28840
Rengar,,Zaahen,-2.05,2100
Rengar,,Master Yi,-3.52,39593
Rengar,,Malphite,-3.83,5275
Rengar,,Bel'Veth,-1.90,18927
Rengar,,Wukong,-0.82,20626
Rengar,,Darius,-1.77,4073
Rengar,,Trundle,-2.28,3716
Rengar,,Dr. Mundo,-1.41,3594
Rengar,,Jax,-2.23,15180
Rengar,,Shen,-2.47,1694
Rengar,,Olaf,-3.46,1674
Rengar,,Sejuani,-1.07,8766
Rengar,,Nocturne,-0.50,36932
Rengar,,Naafiri,-2.01,16980
Rengar,,Xin Zhao,-1.30,13436
Rengar,,Cho'Gath,0.18,2618
Rengar,,Amumu,0.05,13789
Rengar,,Singed,-3.95,387
Rengar,,Volibear,-0.97,6811
Rengar,,Zac,-0.89,8493
Rengar,,Sion,1.07,989
Rengar,,Kayn,-0.14,48085
Rengar,,Jarvan IV,-0.16,18725
Rengar,,Vi,-0.37,21523
Rengar,,Maokai,-0.27,1967
Rengar,,Udyr,0.03,9082
Rengar,,Teemo,0.71,4467
Rengar,,Quinn,0.04,6490
Rengar,,Hecarim,-1.21,15251
Rengar,,Aatrox,1.56,4578
Rengar,,Rek'Sai,0.28,3575
Rengar,,Fizz,0.87,2508
Rengar,,Diana,-0.61,15102
Rengar,,Gwen,0.59,2890
Rengar,,Gragas,0.21,2295
Rengar,,Viego,0.99,51116
Rengar,,Graves,1.16,43444
Rengar,,Nunu & Willump,0.13,8854
Rengar,,Karthus,-0.03,4989
Rengar,,Fiddlesticks,1.65,9611
Rengar,,Nautilus,-2.57,529
Rengar,,Ambessa,0.76,3259
Rengar,,Lee Sin,-0.25,37137
Rengar,,Skarner,-0.55,3958
Rengar,,Pantheon,0.30,3848
Rengar,,Kindred,0.18,9293
Rengar,,Poppy,1.79,3147
Rengar,,Yone,-4.16,342
Rengar,,Sylas,1.47,19515
Rengar,,Aurelion Sol,-2.04,287
Rengar,,Elise,1.77,4848
Rengar,,Ekko,2.39,14790
Rengar,,Shaco,2.28,31166
Rengar,,Camille,-1.71,378
Rengar,,Lillia,4.52,11003
Rengar,,Riven,-1.05,656
Rengar,,Zed,0.47,9324
Rengar,,Sett,1.26,531
Rengar,,Ivern,3.71,3827
Rengar,,Morgana,3.66,1306
Rengar,,Evelynn,4.17,10362
Rengar,,Talon,4.13,15128
Rengar,,Zyra,6.10,2023
Rengar,,Rumble,2.93,379
Rengar,,Kha'Zix,3.82,28924
Rengar,,Jayce,3.79,2602
Rengar,,Tahm Kench,-2.38,144
Rengar,,Kayle,2.11,101
Rengar,,Zeri,-0.12,153
Rengar,,Urgot,2.75,209
Rengar,,Nidalee,3.80,6356
Rengar,,Ornn,2.75,178
Rengar,,Taliyah,6.50,1427
Rengar,,Garen,0.48,751
Rengar,,Brand,6.38,1042
Rengar,,Neeko,6.26,303
Rengar,,Qiyana,4.55,8768
Rengar,,Kai'Sa,3.47,312
Rengar,,Locke,1.96,8090
Rengar,,Twitch,1.20,1209
Rengar,,Vayne,5.99,448
Rengar,,Jhin,1.78,367
Rengar,,Yasuo,0.16,184
Rengar,,Twisted Fate,2.33,118
Rengar,,Ezreal,2.60,111
Rengar,,Malzahar,13.51,105
Riven,,Illaoi,-3.43,9380
Riven,,Garen,-3.30,24448
Riven,,Renekton,-4.08,18475
Riven,,Urgot,-2.87,7895
Riven,,Vex,-3.82,189
Riven,,Wukong,-2.77,2775
Riven,,Quinn,-3.56,2635
Riven,,Zaahen,-3.71,8871
Riven,,Malphite,-2.16,15676
Riven,,Kled,-1.84,3712
Riven,,Lissandra,-1.72,746
Riven,,Veigar,-2.36,488
Riven,,Morgana,-3.71,320
Riven,,Azir,-3.03,250
Riven,,Volibear,-2.38,8926
Riven,,Ziggs,-4.76,117
Riven,,Maokai,-2.75,1003
Riven,,Cho'Gath,-2.44,6601
Riven,,Teemo,0.03,15751
Riven,,Poppy,-1.87,4664
Riven,,Karma,-4.35,350
Riven,,Yorick,-0.22,9595
Riven,,Hwei,-0.03,177
Riven,,Viktor,-1.13,429
Riven,,Graves,-5.33,576
Riven,,Tryndamere,-0.64,9177
Riven,,Nasus,0.87,12401
Riven,,Kennen,-2.17,3235
Riven,,Gragas,-2.69,4661
Riven,,Heimerdinger,-0.14,4891
Riven,,Brand,-0.98,800
Riven,,Mordekaiser,0.70,22013
Riven,,LeBlanc,-1.92,174
Riven,,Senna,-3.25,193
Riven,,Sett,0.72,17591
Riven,,Pantheon,-1.14,6433
Riven,,Ornn,0.52,5706
Riven,,Olaf,-0.32,5455
Riven,,Ahri,1.74,426
Riven,,Syndra,1.47,168
Riven,,Warwick,1.22,3154
Riven,,Twisted Fate,-3.21,540
Riven,,Camille,-1.50,5561
Riven,,Caitlyn,-5.04,497
Riven,,Briar,0.31,879
Riven,,Singed,2.13,5790
Riven,,Vayne,-1.69,5858
Riven,,Shen,0.63,7791
Riven,,Annie,0.89,181
Riven,,Tristana,-4.10,381
Riven,,Kayle,1.34,5896
Riven,,Cassiopeia,-0.83,850
Riven,,Tahm Kench,0.49,5655
Riven,,Akshan,-0.23,360
Riven,,Jax,0.48,12508
Riven,,Varus,-1.95,1346
Riven,,Dr. Mundo,1.79,9127
Riven,,Draven,-2.55,250
Riven,,Qiyana,-0.36,291
Riven,,Shyvana,-2.89,503
Riven,,Lux,-0.57,166
Riven,,Aatrox,0.26,12996
Riven,,Swain,-0.37,1286
Riven,,Sejuani,0.68,468
Riven,,Zilean,2.35,648
Riven,,Neeko,-0.09,207
Riven,,Zac,2.91,873
Riven,,Gangplank,1.31,13572
Riven,,Alistar,-3.94,206
Riven,,Rek'Sai,2.56,212
Riven,,Vel'Koz,2.75,218
Riven,,Nocturne,1.60,224
Riven,,Trundle,0.99,4306
Riven,,Kalista,-0.10,353
Riven,,Gnar,0.24,6721
Riven,,Jayce,-0.86,7495
Riven,,Fiora,1.12,9395
Riven,,Kassadin,3.14,196
Riven,,Viego,-0.98,301
Riven,,Fiddlesticks,2.36,689
Riven,,Darius,1.31,21159
Riven,,Zed,3.69,1097
Riven,,Irelia,2.01,8294
Riven,,Ambessa,1.10,8078
Riven,,Malzahar,3.11,1475
Riven,,Yone,3.04,18668
Riven,,Fizz,1.18,307
Riven,,Akali,2.22,5841
Riven,,Xin Zhao,2.00,657
Riven,,Elise,2.57,191
Riven,,Vi,-1.15,358
Riven,,Sion,3.51,6545
Riven,,Aurelion Sol,4.08,263
Riven,,Kog'Maw,3.31,247
Riven,,Corki,-0.75,183
Riven,,Rumble,1.31,2891
Riven,,Nautilus,-0.89,241
Riven,,Diana,1.99,289
Riven,,Ashe,-0.98,380
Riven,,Udyr,2.03,1059
Riven,,Jhin,0.93,282
Riven,,Galio,3.67,406
Riven,,Gwen,3.16,5926
Riven,,Sylas,4.27,1610
Riven,,Ryze,2.96,1056
Riven,,Naafiri,5.47,1038
Riven,,Master Yi,1.99,1901
Riven,,Vladimir,3.50,2349
Riven,,Anivia,5.63,1092
Riven,,Yasuo,3.36,9681
Riven,,Kayn,2.80,1029
Riven,,Smolder,1.01,619
Riven,,Kai'Sa,1.90,421
Riven,,Zoe,6.30,173
Riven,,K'Sante,1.64,6458
Riven,,Mel,0.09,195
Riven,,Talon,2.13,142
Riven,,Katarina,4.35,282
Riven,,Lucian,-2.07,207
Riven,,Aurora,4.99,824
Riven,,Ekko,3.85,384
Riven,,Soraka,1.26,106
Riven,,Shaco,2.22,516
Riven,,Rengar,0.88,724
Riven,,Rammus,3.28,161
Riven,,Nidalee,-0.74,159
Riven,,Lee Sin,-0.01,509
Riven,,Skarner,1.19,401
Riven,,Locke,3.30,1595
Riven,,Jarvan IV,2.52,177
Riven,,Ezreal,0.88,275
Riven,,Karthus,7.33,167
Riven,,Ivern,6.02,173
Riven,,Miss Fortune,2.78,110
Riven,,Amumu,0.99,100
Riven,,Bel'Veth,4.20,160
Riven,,Leona,2.00,138
Riven,,Lillia,10.59,180
Rumble,,Syndra,-7.82,146
Rumble,,Lux,-9.91,116
Rumble,,Hwei,-5.43,134
Rumble,,Ahri,-4.18,227
Rumble,,Azir,-6.68,129
Rumble,,Morgana,-7.16,204
Rumble,,Briar,-5.29,514
Rumble,,Viktor,-4.83,389
Rumble,,Anivia,-4.52,1098
Rumble,,Naafiri,-4.38,546
Rumble,,Karthus,-6.77,110
Rumble,,Vel'Koz,-3.41,196
Rumble,,Warwick,-2.66,2168
Rumble,,Heimerdinger,-3.02,3134
Rumble,,Kalista,-5.70,314
Rumble,,Yorick,-1.81,7622
Rumble,,Yone,-3.15,12995
Rumble,,Malzahar,-2.98,985
Rumble,,Nautilus,-7.93,124
Rumble,,Zed,-1.64,616
Rumble,,Mordekaiser,-0.97,13374
Rumble,,Aurelion Sol,-2.02,192
Rumble,,Senna,-5.01,154
Rumble,,Ornn,-1.09,4289
Rumble,,Kled,-0.94,2125
Rumble,,Sett,-0.78,9141
Rumble,,Illaoi,-0.63,4981
Rumble,,Kog'Maw,-2.42,157
Rumble,,Tahm Kench,-1.97,3230
Rumble,,Fiddlesticks,-1.93,488
Rumble,,Ekko,-4.33,218
Rumble,,Galio,-2.69,1302
Rumble,,Tryndamere,-1.11,6020
Rumble,,Qiyana,-2.77,149
Rumble,,Swain,-2.75,1099
Rumble,,Garen,0.10,10436
Rumble,,Singed,0.95,3226
Rumble,,Sion,-1.36,4216
Rumble,,Nasus,0.66,8730
Rumble,,Irelia,-1.98,5253
Rumble,,Ivern,-5.13,113
Rumble,,LeBlanc,-2.38,126
Rumble,,Xin Zhao,-2.40,543
Rumble,,Kassadin,-0.06,199
Rumble,,Shen,-0.43,4858
Rumble,,Dr. Mundo,0.35,6843
Rumble,,Teemo,0.98,13259
Rumble,,Ashe,-6.00,243
Rumble,,Fizz,-2.74,215
Rumble,,Kayle,0.41,3014
Rumble,,Diana,-2.88,178
Rumble,,Veigar,-0.23,368
Rumble,,Gwen,-1.89,2908
Rumble,,Master Yi,-3.26,1059
Rumble,,Volibear,-0.24,4333
Rumble,,Aatrox,-0.44,9484
Rumble,,Urgot,1.31,3654
Rumble,,Cho'Gath,-0.42,4027
Rumble,,Shaco,-3.98,252
Rumble,,Zaahen,0.13,3666
Rumble,,Olaf,0.51,3918
Rumble,,Brand,0.33,712
Rumble,,Smolder,-4.00,492
Rumble,,Darius,-0.48,10690
Rumble,,Shyvana,-3.00,267
Rumble,,Aurora,-0.61,644
Rumble,,Zoe,1.22,102
Rumble,,Sylas,0.24,1512
Rumble,,Varus,-1.67,1317
Rumble,,Kennen,-0.20,2266
Rumble,,Akali,-0.01,3595
Rumble,,Ambessa,-0.87,5405
Rumble,,Zilean,2.42,354
Rumble,,Poppy,1.06,1398
Rumble,,Quinn,1.30,1279
Rumble,,Riven,-1.31,2891
Rumble,,Trundle,0.52,2388
Rumble,,Pantheon,0.84,4057
Rumble,,Gangplank,1.32,7757
Rumble,,Ryze,-0.39,1425
Rumble,,Fiora,0.61,4354
Rumble,,Yasuo,0.13,4990
Rumble,,Draven,-1.16,150
Rumble,,Gnar,0.39,4900
Rumble,,Lissandra,3.18,386
Rumble,,Annie,3.02,119
Rumble,,Kayn,0.09,517
Rumble,,Katarina,0.58,177
Rumble,,Vi,-2.18,203
Rumble,,Skarner,-3.31,253
Rumble,,Jayce,-0.36,7752
Rumble,,Cassiopeia,1.39,643
Rumble,,Wukong,3.79,1032
Rumble,,Jax,2.74,7617
Rumble,,Zac,4.69,515
Rumble,,Malphite,4.22,10041
Rumble,,Lee Sin,-3.78,389
Rumble,,Jarvan IV,-2.89,109
Rumble,,Renekton,3.34,7526
Rumble,,Sejuani,3.03,257
Rumble,,Locke,-1.63,804
Rumble,,Camille,2.28,2426
Rumble,,Viego,0.60,196
Rumble,,Kai'Sa,0.04,286
Rumble,,Rammus,0.56,119
Rumble,,Gragas,2.38,2206
Rumble,,Akshan,3.44,216
Rumble,,Graves,0.13,354
Rumble,,Lillia,-0.67,103
Rumble,,Twisted Fate,1.33,297
Rumble,,K'Sante,0.13,5336
Rumble,,Vayne,3.07,3874
Rumble,,Nocturne,4.40,135
Rumble,,Caitlyn,-0.12,387
Rumble,,Udyr,3.18,603
Rumble,,Tristana,1.39,306
Rumble,,Vladimir,4.34,1449
Rumble,,Jhin,2.44,233
Rumble,,Ezreal,-2.49,197
Rumble,,Maokai,5.34,744
Rumble,,Karma,3.52,213
Rumble,,Lucian,-0.71,122
Rumble,,Corki,2.87,142
Rumble,,Mel,1.97,136
Rumble,,Rengar,2.43,436
Rumble,,Nidalee,2.25,121
Rumble,,Alistar,10.46,101
Samira,,Veigar,-3.84,15400
Samira,,Karthus,-2.52,2148
Samira,,Aurelion Sol,-2.64,2400
Samira,,Malzahar,-4.48,3310
Samira,,Nilah,-2.80,12440
Samira,,Hwei,-2.68,6005
Samira,,Viktor,-3.39,14276
Samira,,Swain,-2.07,6809
Samira,,Xerath,-2.59,13661
Samira,,Vladimir,-3.22,2692
Samira,,Heimerdinger,-1.66,1199
Samira,,Vel'Koz,-2.05,3175
Samira,,Volibear,-7.11,111
Samira,,Briar,-3.16,304
Samira,,Taliyah,-5.84,1069
Samira,,Lux,-1.22,6303
Samira,,Gwen,-0.95,313
Samira,,Senna,-1.51,13880
Samira,,Jinx,-1.88,78221
Samira,,Kog'Maw,-1.06,10428
Samira,,Annie,-3.63,479
Samira,,Olaf,-0.44,387
Samira,,Xayah,-1.60,27796
Samira,,Trundle,-7.79,107
Samira,,Ziggs,-0.62,22856
Samira,,Brand,0.22,6459
Samira,,Seraphine,0.69,13518
Samira,,Sett,-1.37,423
Samira,,Syndra,-2.43,11785
Samira,,Singed,-0.18,298
Samira,,Smolder,-0.62,30268
Samira,,Master Yi,0.53,810
Samira,,Tahm Kench,1.65,1442
Samira,,Pantheon,-4.95,598
Samira,,Zeri,-0.29,14392
Samira,,Urgot,-3.83,172
Samira,,Zilean,-2.53,173
Samira,,Kennen,-5.01,209
Samira,,Corki,-2.13,7834
Samira,,Miss Fortune,-0.07,103362
Samira,,Viego,0.59,1123
Samira,,Garen,-4.29,281
Samira,,Morgana,-2.83,784
Samira,,Yunara,-1.28,29225
Samira,,Aatrox,-5.99,265
Samira,,Dr. Mundo,-2.28,265
Samira,,Lissandra,-2.65,525
Samira,,Jarvan IV,-3.86,116
Samira,,Zyra,1.10,724
Samira,,Yorick,-2.98,202
Samira,,Caitlyn,-0.62,116617
Samira,,Yone,-0.13,1706
Samira,,Ashe,-0.10,50603
Samira,,Tristana,0.80,48783
Samira,,Sivir,0.69,19428
Samira,,Teemo,2.04,2077
Samira,,Anivia,-0.61,698
Samira,,Twitch,2.06,33210
Samira,,Fizz,0.93,401
Samira,,Kayle,0.63,213
Samira,,Vex,0.50,557
Samira,,Vayne,1.37,40542
Samira,,Shen,2.29,171
Samira,,Jhin,1.02,88640
Samira,,Katarina,3.93,4445
Samira,,Riven,1.11,226
Samira,,Kalista,0.16,9346
Samira,,Sion,0.91,621
Samira,,Fiora,3.85,376
Samira,,Azir,-3.69,327
Samira,,Orianna,-1.89,476
Samira,,Cho'Gath,-1.39,514
Samira,,Aphelios,1.75,21415
Samira,,Yasuo,3.21,11686
Samira,,Lucian,0.49,42423
Samira,,Zaahen,-1.11,101
Samira,,Kai'Sa,2.01,104702
Samira,,Tryndamere,1.09,150
Samira,,Draven,1.46,19849
Samira,,Zed,1.37,496
Samira,,Jayce,-1.45,458
Samira,,Ekko,2.00,386
Samira,,Malphite,-3.21,312
Samira,,Jax,0.00,242
Samira,,Zoe,-1.41,389
Samira,,Graves,0.48,345
Samira,,Cassiopeia,1.34,1967
Samira,,Mordekaiser,2.41,355
Samira,,Mel,0.48,21239
Samira,,Varus,0.18,14824
Samira,,Aurora,1.89,485
Samira,,Locke,0.43,1235
Samira,,Quinn,2.29,480
Samira,,Naafiri,4.08,560
Samira,,Ezreal,0.82,70516
Samira,,LeBlanc,-1.56,326
Samira,,Ryze,2.52,398
Samira,,Akshan,2.76,733
Samira,,Ahri,5.02,953
Samira,,Neeko,0.79,272
Samira,,Wukong,4.35,149
Samira,,Sylas,1.53,1072
Samira,,Lee Sin,-2.55,147
Samira,,Nasus,3.25,216
Samira,,Qiyana,4.40,135
Samira,,Irelia,4.74,801
Samira,,Kindred,2.45,284
Samira,,Twisted Fate,2.95,934
Samira,,Xin Zhao,4.78,186
Samira,,Gangplank,3.62,194
Samira,,Ambessa,7.94,128
Samira,,Darius,4.49,369
Samira,,Karma,2.86,115
Samira,,Renekton,2.43,119
Samira,,Akali,3.08,455
Samira,,Shaco,-0.84,106
Samira,,Gragas,5.61,104
Samira,,Rengar,4.83,400
Samira,,Pyke,5.81,151
Samira,,Camille,4.20,112
Samira,,Gnar,4.27,160
Samira,,Nidalee,4.08,218
Samira,,Galio,10.16,152
Samira,,Diana,10.37,228
Samira,,Thresh,0.00,204
Samira,,Blitzcrank,-0.39,128
Ryze,,Warwick,-6.35,102
Ryze,,Zac,-2.98,315
Ryze,,Zilean,-2.55,693
Ryze,,Olaf,-3.63,141
Ryze,,Briar,-0.31,942
Ryze,,Malzahar,-1.83,20959
Ryze,,Aurelion Sol,-3.27,5112
Ryze,,Veigar,-1.50,18067
Ryze,,Vel'Koz,-2.59,2306
Ryze,,Kled,-0.27,312
Ryze,,Sett,-0.16,519
Ryze,,Gragas,-1.86,920
Ryze,,Mordekaiser,0.17,741
Ryze,,Tahm Kench,-1.73,246
Ryze,,Yorick,-2.16,760
Ryze,,Syndra,-1.81,19822
Ryze,,Hwei,-1.51,10114
Ryze,,Xin Zhao,-1.79,564
Ryze,,Brand,-1.49,3216
Ryze,,Viktor,-0.82,24449
Ryze,,Gwen,-0.01,2748
Ryze,,Nunu & Willump,-3.39,702
Ryze,,Xerath,0.49,10569
Ryze,,Ziggs,-1.42,2478
Ryze,,Irelia,-2.05,7634
Ryze,,Twisted Fate,-0.92,14334
Ryze,,Kennen,0.45,719
Ryze,,Lux,0.36,11632
Ryze,,Swain,0.65,2727
Ryze,,Kayle,0.48,846
Ryze,,Naafiri,-0.58,7277
Ryze,,Anivia,-0.90,8102
Ryze,,Nasus,2.81,2456
Ryze,,Nidalee,-4.80,118
Ryze,,Annie,-0.43,4933
Ryze,,Yone,-0.85,24202
Ryze,,Yasuo,-1.49,26670
Ryze,,Jax,-0.95,220
Ryze,,Zeri,-3.26,145
Ryze,,Singed,4.79,656
Ryze,,Dr. Mundo,-1.36,413
Ryze,,Garen,2.43,1311
Ryze,,Ahri,0.45,26044
Ryze,,Lissandra,0.53,10478
Ryze,,Jayce,-2.10,1905
Ryze,,Seraphine,-1.93,639
Ryze,,Kog'Maw,0.83,628
Ryze,,Zed,-0.63,21856
Ryze,,Fizz,1.87,14807
Ryze,,Diana,0.56,9951
Ryze,,Kassadin,0.20,5574
Ryze,,Sion,1.67,1785
Ryze,,Teemo,1.49,1038
Ryze,,Heimerdinger,3.49,1423
Ryze,,Galio,0.00,11230
Ryze,,Tryndamere,3.84,1120
Ryze,,Volibear,-1.05,145
Ryze,,Twitch,-2.09,399
Ryze,,Karthus,-0.10,425
Ryze,,Aurora,-0.40,5594
Ryze,,Jarvan IV,0.38,223
Ryze,,Ekko,1.24,8329
Ryze,,Cho'Gath,0.91,1439
Ryze,,Morgana,1.52,1730
Ryze,,Vex,2.04,8693
Ryze,,Akshan,-0.19,5159
Ryze,,Vladimir,1.83,10428
Ryze,,Fiora,2.44,180
Ryze,,Taliyah,-1.13,3190
Ryze,,Sejuani,0.19,128
Ryze,,Quinn,2.90,807
Ryze,,Tristana,-1.00,2611
Ryze,,Katarina,0.94,15914
Ryze,,Viego,0.78,663
Ryze,,Ambessa,2.51,724
Ryze,,Varus,-2.74,778
Ryze,,Jinx,-1.52,133
Ryze,,Neeko,1.73,1001
Ryze,,Pantheon,3.30,2666
Ryze,,Wukong,2.71,269
Ryze,,Jhin,-0.89,711
Ryze,,LeBlanc,0.83,10822
Ryze,,Locke,0.26,15916
Ryze,,Zyra,1.47,554
Ryze,,Orianna,-1.48,8412
Ryze,,Senna,-3.30,142
Ryze,,Cassiopeia,-0.57,7049
Ryze,,Aatrox,0.87,488
Ryze,,Qiyana,-0.81,4649
Ryze,,Zoe,0.98,6093
Ryze,,Karma,-0.16,421
Ryze,,Talon,1.36,5488
Ryze,,Smolder,-0.54,1556
Ryze,,Gnar,-1.06,100
Ryze,,Kalista,2.99,180
Ryze,,Ornn,1.70,194
Ryze,,Sylas,2.12,26054
Ryze,,Renekton,4.49,528
Ryze,,Akali,1.72,18731
Ryze,,Azir,-0.72,4884
Ryze,,Riven,3.27,1359
Ryze,,Camille,1.72,141
Ryze,,Aphelios,0.13,140
Ryze,,Vayne,1.93,440
Ryze,,Nocturne,4.87,216
Ryze,,Draven,0.85,188
Ryze,,Caitlyn,-0.10,822
Ryze,,Rumble,4.43,341
Ryze,,Gangplank,3.97,1641
Ryze,,Mel,0.38,8949
Ryze,,Fiddlesticks,6.10,252
Ryze,,Illaoi,6.05,281
Ryze,,Miss Fortune,0.19,482
Ryze,,Lucian,-2.78,620
Ryze,,Sivir,-2.13,149
Ryze,,Malphite,6.25,2025
Ryze,,Corki,-0.07,829
Ryze,,Urgot,5.13,181
Ryze,,K'Sante,2.83,249
Ryze,,Zaahen,4.97,185
Ryze,,Vi,4.80,266
Ryze,,Ashe,0.05,392
Ryze,,Master Yi,5.37,506
Ryze,,Shen,6.97,205
Ryze,,Kai'Sa,1.50,874
Ryze,,Ezreal,0.13,1488
Ryze,,Pyke,2.80,141
Ryze,,Lee Sin,2.44,344
Ryze,,Darius,7.57,248
Ryze,,Graves,5.45,249
Ryze,,Udyr,5.42,104
Sejuani,,Neeko,-8.52,124
Sejuani,,Zaahen,-4.66,998
Sejuani,,Lillia,-4.40,9414
Sejuani,,Mordekaiser,-3.12,2098
Sejuani,,Sion,-3.21,475
Sejuani,,Shyvana,-1.81,12732
Sejuani,,Fizz,-3.68,1349
Sejuani,,Camille,-8.57,214
Sejuani,,Gwen,-3.68,2002
Sejuani,,Aatrox,-1.89,2253
Sejuani,,Dr. Mundo,-1.70,1990
Sejuani,,Wukong,-0.57,11243
Sejuani,,Trundle,-2.18,3900
Sejuani,,Ornn,-6.16,103
Sejuani,,Shen,-2.45,897
Sejuani,,Amumu,-0.85,9000
Sejuani,,Jarvan IV,-1.84,10562
Sejuani,,Cho'Gath,-0.56,1417
Sejuani,,Rek'Sai,-2.18,1643
Sejuani,,Kayn,-1.41,23238
Sejuani,,Zac,-1.61,5362
Sejuani,,Volibear,-1.34,3442
Sejuani,,Poppy,-1.91,1126
Sejuani,,Rammus,1.35,4645
Sejuani,,Briar,1.00,13811
Sejuani,,Xin Zhao,-0.97,7614
Sejuani,,Nocturne,0.42,19098
Sejuani,,Udyr,-0.44,4527
Sejuani,,Singed,-3.41,266
Sejuani,,Zyra,0.67,1178
Sejuani,,Olaf,-1.70,1047
Sejuani,,Darius,0.44,1948
Sejuani,,Bel'Veth,0.56,8414
Sejuani,,Ekko,-0.70,7196
Sejuani,,Warwick,1.49,14521
Sejuani,,Sylas,-0.95,14368
Sejuani,,Morgana,-0.51,777
Sejuani,,Nasus,1.40,6643
Sejuani,,Vi,0.34,12791
Sejuani,,Ivern,0.13,1805
Sejuani,,Pantheon,-1.45,2354
Sejuani,,Evelynn,0.22,4831
Sejuani,,Naafiri,0.31,8570
Sejuani,,Graves,0.60,23281
Sejuani,,Fiddlesticks,0.77,4807
Sejuani,,Yorick,1.34,364
Sejuani,,Viego,0.95,24197
Sejuani,,Jax,1.44,7304
Sejuani,,Talon,0.82,6631
Sejuani,,Hecarim,-0.33,6641
Sejuani,,Brand,-1.05,700
Sejuani,,Shaco,1.08,12910
Sejuani,,Master Yi,0.99,19020
Sejuani,,Diana,-0.20,7483
Sejuani,,Skarner,-0.90,2112
Sejuani,,Gragas,0.66,1154
Sejuani,,Ambessa,0.64,1698
Sejuani,,Lee Sin,-0.37,21147
Sejuani,,Taliyah,1.47,786
Sejuani,,Teemo,2.51,2383
Sejuani,,Nautilus,-2.47,291
Sejuani,,Tryndamere,3.44,1753
Sejuani,,Elise,1.47,2368
Sejuani,,Nidalee,-0.19,3299
Sejuani,,Nunu & Willump,1.11,4425
Sejuani,,Kindred,0.63,5586
Sejuani,,Sett,0.19,286
Sejuani,,Aurelion Sol,-1.58,141
Sejuani,,Malphite,2.12,2642
Sejuani,,Zed,-0.14,4367
Sejuani,,Kha'Zix,1.59,8878
Sejuani,,Maokai,3.76,1145
Sejuani,,Urgot,0.32,115
Sejuani,,Quinn,3.83,2570
Sejuani,,Vayne,0.04,296
Sejuani,,Karthus,3.01,2379
Sejuani,,Jayce,3.46,1981
Sejuani,,Qiyana,0.66,3471
Sejuani,,Riven,2.73,312
Sejuani,,Rengar,1.06,8766
Sejuani,,Yone,1.23,218
Sejuani,,Locke,-0.44,3977
Sejuani,,Garen,0.39,402
Sejuani,,Jhin,-2.23,165
Sejuani,,Rumble,6.14,232
Sejuani,,Kai'Sa,2.22,175
Sejuani,,Twitch,2.06,611
Sejuani,,Yasuo,4.80,101
Senna,,Zyra,-1.58,24761
Senna,,Rammus,-2.03,758
Senna,,Amumu,-0.88,3887
Senna,,Elise,-2.06,2283
Senna,,Blitzcrank,-1.93,37059
Senna,,Vel'Koz,-1.35,22932
Senna,,Lux,-1.99,85888
Senna,,Ekko,-4.40,690
Senna,,LeBlanc,-2.00,4034
Senna,,Seraphine,-0.68,79663
Senna,,Xerath,-0.96,24287
Senna,,Leona,0.55,53756
Senna,,Thresh,-0.15,71637
Senna,,Wukong,-3.10,555
Senna,,Nami,0.25,48941
Senna,,Jarvan IV,-2.00,2754
Senna,,Sona,0.98,20972
Senna,,Taric,1.94,8201
Senna,,Cassiopeia,-6.65,210
Senna,,Sejuani,-2.09,609
Senna,,Janna,0.85,16872
Senna,,Nautilus,-0.59,65454
Senna,,Pyke,-2.02,42524
Senna,,Brand,0.19,28300
Senna,,Soraka,0.79,29060
Senna,,Milio,0.88,29699
Senna,,Zac,-0.94,1785
Senna,,Poppy,1.57,14067
Senna,,Zilean,1.11,16874
Senna,,Teemo,0.77,6782
Senna,,Morgana,0.68,53084
Senna,,Annie,0.03,1962
Senna,,Quinn,-1.07,510
Senna,,Hwei,0.42,4544
Senna,,Camille,-1.78,30234
Senna,,Kennen,-1.07,523
Senna,,Rell,2.34,18645
Senna,,Renata Glasc,1.24,5452
Senna,,Pantheon,0.19,30257
Senna,,Maokai,1.90,11982
Senna,,Fiddlesticks,0.88,3154
Senna,,Neeko,-1.20,13017
Senna,,Kog'Maw,-1.47,371
Senna,,Ivern,-1.28,1110
Senna,,Sylas,-0.18,8352
Senna,,Lulu,0.85,41688
Senna,,Shaco,0.99,9709
Senna,,Skarner,-1.09,1241
Senna,,Ahri,-1.36,1204
Senna,,Nunu & Willump,-2.33,1037
Senna,,Karma,0.56,30667
Senna,,Zoe,-1.01,4377
Senna,,Tahm Kench,1.47,23115
Senna,,Shen,1.87,10764
Senna,,Vi,-1.03,1366
Senna,,Swain,0.71,29437
Senna,,Twisted Fate,0.50,1215
Senna,,Rakan,2.23,16621
Senna,,Syndra,0.25,1434
Senna,,Bard,0.67,23381
Senna,,Cho'Gath,-1.21,1908
Senna,,Yuumi,-0.95,29477
Senna,,Lissandra,0.19,1453
Senna,,Qiyana,-1.14,523
Senna,,Gragas,0.32,1283
Senna,,Veigar,0.02,5725
Senna,,Sion,2.22,2089
Senna,,Nidalee,0.35,1694
Senna,,Anivia,0.30,3170
Senna,,Urgot,-2.93,191
Senna,,Alistar,3.24,19553
Senna,,Braum,3.78,20692
Senna,,Vex,-0.26,757
Senna,,Zed,-3.20,809
Senna,,Ziggs,0.29,2218
Senna,,Malphite,0.49,7398
Senna,,Galio,3.91,7358
Senna,,Fiora,-2.90,130
Senna,,Nocturne,-1.54,141
Senna,,Heimerdinger,1.82,1521
Senna,,Briar,-1.06,700
Senna,,Ashe,-0.74,8616
Senna,,Aurelion Sol,1.64,636
Senna,,Karthus,-0.52,441
Senna,,Rek'Sai,1.43,196
Senna,,Jax,1.10,876
Senna,,Fizz,2.30,775
Senna,,Twitch,-2.28,2862
Senna,,Taliyah,1.92,653
Senna,,Malzahar,1.67,1383
Senna,,Aurora,-1.92,238
Senna,,Rumble,-0.03,268
Senna,,Ornn,1.62,661
Senna,,Lee Sin,-0.40,1981
Senna,,Akali,-3.20,238
Senna,,Illaoi,-2.99,252
Senna,,Mel,-0.22,22322
Senna,,Master Yi,2.07,553
Senna,,Tryndamere,-4.02,163
Senna,,Evelynn,4.95,276
Senna,,Kayn,-0.09,111
Senna,,Naafiri,-0.78,377
Senna,,Sett,3.13,1710
Senna,,Locke,1.00,1160
Senna,,Aatrox,-0.66,436
Senna,,Miss Fortune,-0.72,3273
Senna,,Viktor,1.83,396
Senna,,Rengar,0.24,700
Senna,,Kled,2.94,221
Senna,,Yasuo,-1.50,778
Senna,,Katarina,0.06,483
Senna,,Kayle,3.90,345
Senna,,Ezreal,-0.56,1660
Senna,,Xin Zhao,3.12,416
Senna,,Orianna,1.35,565
Senna,,Trundle,3.77,677
Senna,,Diana,1.24,322
Senna,,Jhin,0.15,871
Senna,,Zaahen,3.99,248
Senna,,Akshan,-0.74,251
Senna,,Warwick,1.98,196
Senna,,Singed,4.90,864
Senna,,Dr. Mundo,4.56,598
Senna,,Darius,1.62,474
Senna,,Jayce,4.04,367
Senna,,Nasus,1.30,554
Senna,,Caitlyn,-2.86,501
Senna,,Kai'Sa,-0.11,349
Senna,,Viego,4.07,264
Senna,,Gnar,0.90,131
Senna,,Mordekaiser,2.52,511
Senna,,K'Sante,3.10,291
Senna,,Ambessa,2.07,114
Senna,,Volibear,3.50,306
Senna,,Yorick,4.63,301
Senna,,Varus,1.37,341
Senna,,Jinx,-3.52,199
Senna,,Tristana,-1.66,196
Senna,,Ryze,2.48,105
Senna,,Yone,1.66,514
Senna,,Garen,2.91,327
Senna,,Vayne,2.21,226
Senna,,Azir,0.44,130
Senna,,Riven,5.27,164
Senna,,Talon,9.62,120
Senna,,Udyr,11.53,113
Senna,,Gangplank,5.15,139
Senna,,Lucian,5.76,114
Senna,,Smolder,8.16,168
Seraphine,,Kennen,-4.67,1034
Seraphine,,Milio,-1.39,62550
Seraphine,,Amumu,-0.52,8313
Seraphine,,Fiddlesticks,-1.92,6454
Seraphine,,Zyra,-0.67,55993
Seraphine,,Xerath,-1.25,53735
Seraphine,,Zilean,-0.52,30993
Seraphine,,Quinn,-2.89,1002
Seraphine,,Vel'Koz,-0.93,51831
Seraphine,,Teemo,-0.61,15583
Seraphine,,Rek'Sai,-3.85,362
Seraphine,,Sona,0.37,42519
Seraphine,,LeBlanc,-1.70,7538
Seraphine,,Brand,-0.61,60158
Seraphine,,Rammus,-0.68,1380
Seraphine,,Nami,-0.06,93107
Seraphine,,Taric,1.53,13790
Seraphine,,Hwei,-1.00,9326
Seraphine,,Poppy,0.63,25745
Seraphine,,Morgana,-0.25,122671
Seraphine,,Leona,0.87,104600
Seraphine,,Maokai,0.18,23976
Seraphine,,Annie,-0.79,3848
Seraphine,,Rell,0.82,33585
Seraphine,,Lux,-0.74,228030
Seraphine,,Janna,0.92,25691
Seraphine,,Soraka,0.63,53928
Seraphine,,Blitzcrank,-0.32,80383
Seraphine,,Sylas,-1.76,17385
Seraphine,,Skarner,-2.80,2524
Seraphine,,Elise,-0.14,3615
Seraphine,,Galio,0.54,17221
Seraphine,,Braum,0.81,34181
Seraphine,,Shaco,-0.34,19330
Seraphine,,Senna,0.68,79663
Seraphine,,Jarvan IV,-1.07,5077
Seraphine,,Bard,-0.99,37698
Seraphine,,Pyke,-1.26,85296
Seraphine,,Sion,-0.11,4406
Seraphine,,Shen,0.51,19064
Seraphine,,Twisted Fate,-0.95,2365
Seraphine,,Thresh,1.32,128353
Seraphine,,Veigar,-1.74,13662
Seraphine,,Vi,-2.09,2915
Seraphine,,Sejuani,-0.75,1377
Seraphine,,Nautilus,0.73,128619
Seraphine,,Alistar,1.33,30906
Seraphine,,Qiyana,-2.59,852
Seraphine,,Karma,-0.13,57956
Seraphine,,Renata Glasc,1.24,9606
Seraphine,,Lulu,0.70,76951
Seraphine,,Ahri,-1.71,2761
Seraphine,,Heimerdinger,-0.33,3634
Seraphine,,Zoe,-1.51,8751
Seraphine,,Pantheon,0.44,58836
Seraphine,,Fizz,-0.84,1653
Seraphine,,Tahm Kench,1.14,44157
Seraphine,,Ziggs,-1.24,5831
Seraphine,,Yuumi,-1.55,62010
Seraphine,,Aurelion Sol,-0.53,1453
Seraphine,,Gragas,-0.43,2531
Seraphine,,Zaahen,-2.18,553
Seraphine,,Lissandra,-0.32,2647
Seraphine,,Ivern,-0.63,2160
Seraphine,,Camille,-0.37,52977
Seraphine,,Talon,-4.54,283
Seraphine,,Swain,0.91,59999
Seraphine,,Syndra,0.38,2876
Seraphine,,Rakan,2.41,30053
Seraphine,,Master Yi,-1.65,1143
Seraphine,,Zac,1.24,3546
Seraphine,,Malphite,-0.46,17735
Seraphine,,Kog'Maw,-0.32,839
Seraphine,,Nocturne,-2.51,326
Seraphine,,Ashe,-1.94,17703
Seraphine,,Evelynn,1.46,536
Seraphine,,Nidalee,0.07,3561
Seraphine,,Neeko,0.29,33523
Seraphine,,Ekko,-0.19,1378
Seraphine,,Udyr,-4.28,238
Seraphine,,Ornn,-1.05,1459
Seraphine,,Kayle,-0.53,777
Seraphine,,Briar,-1.45,1455
Seraphine,,Wukong,1.02,1208
Seraphine,,Nunu & Willump,-0.79,2182
Seraphine,,Rengar,-3.22,1462
Seraphine,,Sett,0.36,3317
Seraphine,,Jayce,-1.07,757
Seraphine,,Viktor,-1.21,912
Seraphine,,Warwick,-2.64,419
Seraphine,,Vex,0.41,1878
Seraphine,,Anivia,1.35,6505
Seraphine,,Trundle,-0.13,1460
Seraphine,,Ryze,-5.79,243
Seraphine,,Jax,1.04,1777
Seraphine,,Locke,-1.15,2321
Seraphine,,Mel,-1.79,61609
Seraphine,,Taliyah,1.57,1251
Seraphine,,Malzahar,0.78,3006
Seraphine,,Fiora,-1.76,254
Seraphine,,Gwen,-5.67,127
Seraphine,,Singed,1.21,1872
Seraphine,,Dr. Mundo,0.52,1482
Seraphine,,Kayn,-1.84,292
Seraphine,,Volibear,-2.86,833
Seraphine,,Cho'Gath,1.40,4190
Seraphine,,Twitch,-1.90,5814
Seraphine,,Riven,-4.27,326
Seraphine,,Urgot,-0.43,439
Seraphine,,Ambessa,-3.32,260
Seraphine,,Viego,-0.14,625
Seraphine,,Graves,-3.98,203
Seraphine,,Miss Fortune,-1.69,8157
Seraphine,,Naafiri,-1.45,827
Seraphine,,Bel'Veth,-4.85,215
Seraphine,,Lee Sin,-0.48,3790
Seraphine,,Diana,-0.80,763
Seraphine,,Orianna,-0.50,1205
Seraphine,,Yorick,-0.25,753
Seraphine,,Kled,2.34,442
Seraphine,,Zed,0.17,1589
Seraphine,,Karthus,1.96,987
Seraphine,,Kha'Zix,-2.36,112
Seraphine,,Olaf,-2.46,262
Seraphine,,Darius,-0.30,1084
Seraphine,,Akali,-2.01,524
Seraphine,,Rumble,1.54,508
Seraphine,,Aatrox,0.38,782
Seraphine,,Xin Zhao,2.98,820
Seraphine,,Jhin,-0.15,2061
Seraphine,,Yasuo,-1.05,1681
Seraphine,,Varus,-2.63,729
Seraphine,,Katarina,0.26,806
Seraphine,,Ezreal,-0.36,3305
Seraphine,,Renekton,-1.91,243
Seraphine,,Kai'Sa,-1.75,774
Seraphine,,Nasus,0.46,1128
Seraphine,,Gnar,-0.86,259
Seraphine,,Aurora,0.77,528
Seraphine,,Tryndamere,-1.81,330
Seraphine,,Akshan,-0.34,472
Seraphine,,Illaoi,-0.22,594
Seraphine,,Azir,-5.01,258
Seraphine,,Mordekaiser,1.53,1278
Seraphine,,K'Sante,1.60,535
Seraphine,,Cassiopeia,3.30,481
Seraphine,,Garen,-0.26,745
Seraphine,,Yone,-1.07,1365
Seraphine,,Gangplank,-3.22,325
Seraphine,,Kindred,0.13,155
Seraphine,,Caitlyn,-0.66,1216
Seraphine,,Shyvana,2.36,126
Seraphine,,Lillia,7.36,289
Seraphine,,Vayne,2.40,504
Seraphine,,Smolder,0.01,339
Seraphine,,Tristana,0.06,568
Seraphine,,Vladimir,2.18,146
Seraphine,,Samira,-0.90,164
Seraphine,,Kalista,-0.39,149
Seraphine,,Irelia,1.57,181
Seraphine,,Lucian,1.17,249
Seraphine,,Yunara,-2.00,176
Seraphine,,Jinx,2.26,579
Seraphine,,Sivir,1.60,127
Seraphine,,Aphelios,1.86,132
Seraphine,,Draven,4.28,135
Sett,,Zilean,-4.91,2069
Sett,,Syndra,-3.35,554
Sett,,Morgana,-5.73,1328
Sett,,Zed,-3.20,2509
Sett,,Hwei,-2.53,641
Sett,,Kayle,-2.59,26175
Sett,,Zoe,-3.12,496
Sett,,Singed,-1.21,18568
Sett,,Illaoi,-1.83,41721
Sett,,Kog'Maw,-3.60,877
Sett,,Anivia,-2.64,3655
Sett,,Malphite,-1.89,51071
Sett,,Vel'Koz,-1.92,828
Sett,,Azir,-2.99,616
Sett,,Aurora,-3.79,2862
Sett,,Vayne,-3.92,31624
Sett,,Ahri,-0.26,1158
Sett,,Ornn,-1.18,23180
Sett,,Teemo,-0.50,53480
Sett,,Malzahar,-2.10,5309
Sett,,Kai'Sa,-5.93,1463
Sett,,Swain,-3.45,5518
Sett,,Mordekaiser,-0.54,108039
Sett,,Nasus,0.04,49860
Sett,,Renekton,-1.84,50373
Sett,,Nocturne,-2.06,758
Sett,,Brand,-2.00,3531
Sett,,Warwick,-0.23,13941
Sett,,Volibear,-2.06,41621
Sett,,Aatrox,-2.33,46967
Sett,,Kennen,-2.79,13002
Sett,,Orianna,-4.64,175
Sett,,Annie,-0.91,547
Sett,,Zac,0.08,2651
Sett,,Dr. Mundo,-0.43,38398
Sett,,Kled,-0.27,12991
Sett,,Veigar,-1.17,2035
Sett,,Urgot,-0.27,25242
Sett,,Briar,-0.83,2879
Sett,,Elise,-2.24,476
Sett,,Heimerdinger,-0.53,18510
Sett,,Karma,-3.92,1009
Sett,,Kalista,-3.26,1320
Sett,,Xerath,-4.35,233
Sett,,Cassiopeia,-2.25,2335
Sett,,Ziggs,-3.65,478
Sett,,Jax,-0.65,46383
Sett,,Zeri,-4.10,262
Sett,,Trundle,-1.44,18441
Sett,,Wukong,0.55,7231
Sett,,Gnar,-2.16,24686
Sett,,Rek'Sai,0.51,580
Sett,,Tryndamere,0.32,34120
Sett,,Zaahen,-0.46,23937
Sett,,Pantheon,-0.75,27729
Sett,,Jhin,-3.64,1277
Sett,,Janna,-3.80,115
Sett,,Garen,1.51,82612
Sett,,Poppy,0.05,6547
Sett,,Yorick,1.74,44590
Sett,,Quinn,0.32,6223
Sett,,Gangplank,0.35,31067
Sett,,Sejuani,0.25,1648
Sett,,Vex,0.75,354
Sett,,Vladimir,-0.80,5925
Sett,,Akali,-0.22,16671
Sett,,Gragas,-0.87,12545
Sett,,LeBlanc,-0.30,571
Sett,,Aurelion Sol,1.30,981
Sett,,Viktor,1.13,1364
Sett,,Sion,0.87,23694
Sett,,Ashe,-4.25,2461
Sett,,Ambessa,-0.69,21551
Sett,,Lissandra,2.25,1807
Sett,,Twisted Fate,-1.49,1609
Sett,,Maokai,0.59,3334
Sett,,Shen,1.99,26872
Sett,,Naafiri,2.06,3127
Sett,,Smolder,-2.96,3097
Sett,,Tahm Kench,1.77,22986
Sett,,Senna,-0.81,959
Sett,,Taliyah,1.24,162
Sett,,Fiddlesticks,1.82,2434
Sett,,Caitlyn,-2.95,2282
Sett,,Riven,-0.73,17591
Sett,,Evelynn,-1.69,135
Sett,,Neeko,0.97,590
Sett,,K'Sante,-2.19,21556
Sett,,Udyr,-0.22,3469
Sett,,Ryze,0.19,3086
Sett,,Camille,0.88,14794
Sett,,Kayn,-0.23,3684
Sett,,Gwen,0.70,21524
Sett,,Tristana,-2.00,1315
Sett,,Yone,2.30,72805
Sett,,Darius,1.24,96836
Sett,,Olaf,2.47,20433
Sett,,Zyra,0.25,340
Sett,,Katarina,0.60,576
Sett,,Shaco,-1.73,1717
Sett,,Kassadin,3.63,513
Sett,,Ivern,-1.15,540
Sett,,Jayce,-0.09,18769
Sett,,Fiora,2.12,28602
Sett,,Varus,0.64,4899
Sett,,Qiyana,2.23,519
Sett,,Lux,2.05,662
Sett,,Ekko,1.02,1087
Sett,,Rumble,0.78,9141
Sett,,Miss Fortune,-4.46,441
Sett,,Cho'Gath,3.11,29933
Sett,,Sylas,3.19,5211
Sett,,Shyvana,0.14,1583
Sett,,Graves,-0.14,1828
Sett,,Viego,0.90,1085
Sett,,Ezreal,-4.21,927
Sett,,Jinx,-2.46,216
Sett,,Akshan,3.69,865
Sett,,Irelia,4.15,31309
Sett,,Draven,1.73,636
Sett,,Galio,4.03,1308
Sett,,Soraka,-0.13,314
Sett,,Yasuo,3.46,29852
Sett,,Nidalee,-2.14,475
Sett,,Lillia,0.48,706
Sett,,Hecarim,-7.88,127
Sett,,Xin Zhao,4.22,2152
Sett,,Lucian,-2.54,615
Sett,,Yunara,-3.98,154
Sett,,Aphelios,1.87,225
Sett,,Mel,0.16,772
Sett,,Rammus,2.65,559
Sett,,Twitch,-1.74,240
Sett,,Rell,-0.71,113
Sett,,Bel'Veth,-1.57,530
Sett,,Diana,4.03,748
Sett,,Karthus,4.13,558
Sett,,Locke,1.47,4288
Sett,,Seraphine,2.30,171
Sett,,Lulu,-0.65,381
Sett,,Alistar,1.09,765
Sett,,Kindred,-3.79,118
Sett,,Nautilus,2.43,742
Sett,,Fizz,5.47,818
Sett,,Sivir,-2.87,105
Sett,,Taric,-0.01,287
Sett,,Skarner,2.44,1163
Sett,,Corki,4.25,444
Sett,,Lee Sin,2.30,1501
Sett,,Vi,4.58,971
Sett,,Master Yi,6.45,6058
Sett,,Rengar,3.76,2221
Sett,,Talon,5.70,275
Sett,,Jarvan IV,4.53,512
Sett,,Braum,-3.63,134
Sett,,Pyke,2.77,109
Sett,,Leona,-1.13,370
Sett,,Thresh,2.58,339
Sett,,Nunu & Willump,2.70,130
Sett,,Blitzcrank,0.87,212
Sett,,Amumu,5.06,254
Sett,,Bard,3.52,104
Sett,,Samira,11.30,145
Shen,,Illaoi,-3.55,15067
Shen,,Syndra,-2.52,277
Shen,,Mordekaiser,-2.64,39263
Shen,,Hwei,-2.60,289
Shen,,Sett,-2.00,26872
Shen,,Anivia,-2.44,1722
Shen,,Singed,-0.35,9549
Shen,,Zilean,-0.74,901
Shen,,Garen,-0.55,31510
Shen,,Talon,-6.09,165
Shen,,Vayne,-3.41,10213
Shen,,Quinn,-1.97,2666
Shen,,Brand,-2.05,1158
Shen,,Swain,-3.00,2565
Shen,,Veigar,-1.44,781
Shen,,Heimerdinger,-0.95,7434
Shen,,Ashe,-6.83,544
Shen,,Zac,0.08,1384
Shen,,Teemo,0.35,21145
Shen,,Lux,-2.84,224
Shen,,Kog'Maw,-1.75,405
Shen,,Ahri,0.78,606
Shen,,Zeri,-4.80,132
Shen,,Urgot,-0.04,10668
Shen,,Kayle,-0.02,8925
Shen,,Tryndamere,-0.45,14195
Shen,,Galio,-1.97,731
Shen,,Lissandra,0.03,950
Shen,,Olaf,-0.86,9117
Shen,,Aatrox,-1.48,18004
Shen,,Warwick,0.83,5374
Shen,,Vel'Koz,0.34,349
Shen,,Darius,-1.73,28150
Shen,,Neeko,-1.59,218
Shen,,Gwen,-1.99,10120
Shen,,Gangplank,-0.56,15670
Shen,,Malzahar,-0.23,2205
Shen,,Kalista,-2.40,560
Shen,,Dr. Mundo,0.91,16720
Shen,,Azir,-0.74,352
Shen,,Pantheon,-0.68,9504
Shen,,Zed,1.08,1370
Shen,,Caitlyn,-4.78,691
Shen,,Yone,-0.03,26075
Shen,,Viktor,0.33,696
Shen,,Kled,1.34,5467
Shen,,Vex,0.32,138
Shen,,Gnar,-1.53,10328
Shen,,Yorick,1.63,18886
Shen,,Varus,-2.28,1930
Shen,,Naafiri,0.85,1209
Shen,,Nasus,2.29,22473
Shen,,Poppy,0.17,3380
Shen,,Zaahen,0.21,9556
Shen,,Soraka,-4.58,182
Shen,,Kayn,-1.72,1656
Shen,,Jax,0.67,19436
Shen,,Ornn,1.82,11354
Shen,,Cassiopeia,-0.49,1316
Shen,,Cho'Gath,0.21,9988
Shen,,Kennen,-0.28,4237
Shen,,Smolder,-3.61,1232
Shen,,Morgana,-0.19,463
Shen,,LeBlanc,-0.25,249
Shen,,Aurelion Sol,1.37,490
Shen,,Renekton,0.97,15923
Shen,,Rek'Sai,1.75,313
Shen,,Yasuo,-0.80,10858
Shen,,Draven,-2.21,295
Shen,,Katarina,-0.64,371
Shen,,Wukong,2.30,2726
Shen,,Vladimir,-0.15,3468
Shen,,Taric,-6.51,104
Shen,,Aurora,0.35,1232
Shen,,Nocturne,1.65,298
Shen,,Trundle,0.99,7852
Shen,,Sion,1.84,11351
Shen,,Annie,2.66,263
Shen,,Ivern,-1.86,276
Shen,,Riven,-0.64,7791
Shen,,Maokai,1.19,1582
Shen,,Tahm Kench,2.17,9311
Shen,,Jayce,-0.82,9555
Shen,,Volibear,1.87,12072
Shen,,Zyra,-0.03,129
Shen,,Kassadin,3.24,396
Shen,,Ambessa,0.42,10694
Shen,,Akshan,1.61,498
Shen,,Fiora,1.27,11586
Shen,,Ryze,0.65,1811
Shen,,Kai'Sa,-1.16,757
Shen,,Fiddlesticks,2.64,1158
Shen,,Malphite,3.75,21484
Shen,,Gragas,0.99,5323
Shen,,Camille,1.64,7588
Shen,,Sejuani,2.62,760
Shen,,Shyvana,-0.76,758
Shen,,Irelia,2.23,10753
Shen,,Rumble,0.43,4858
Shen,,Jhin,-0.29,454
Shen,,Miss Fortune,-4.68,130
Shen,,Twisted Fate,0.46,807
Shen,,Karthus,1.22,252
Shen,,Ziggs,0.75,150
Shen,,Briar,4.03,1111
Shen,,Jarvan IV,-2.40,216
Shen,,Zoe,4.11,251
Shen,,Lillia,-1.05,313
Shen,,Tristana,-0.35,586
Shen,,Xin Zhao,2.57,946
Shen,,Akali,3.13,7543
Shen,,Shaco,-0.19,666
Shen,,Udyr,1.87,1613
Shen,,Viego,1.11,471
Shen,,Qiyana,3.34,320
Shen,,Lucian,-3.50,226
Shen,,Sylas,4.32,3124
Shen,,K'Sante,0.88,9993
Shen,,Karma,2.66,465
Shen,,Skarner,-0.32,607
Shen,,Bel'Veth,-2.26,223
Shen,,Ekko,3.44,482
Shen,,Nidalee,-1.41,221
Shen,,Master Yi,3.30,2628
Shen,,Senna,3.83,348
Shen,,Diana,4.17,404
Shen,,Graves,2.48,693
Shen,,Corki,1.92,222
Shen,,Twitch,-1.02,108
Shen,,Vi,2.39,417
Shen,,Lulu,-0.17,130
Shen,,Fizz,5.23,388
Shen,,Elise,6.48,209
Shen,,Lee Sin,1.11,636
Shen,,Locke,3.86,1960
Shen,,Mel,3.14,262
Shen,,Nautilus,4.37,324
Shen,,Ezreal,1.19,364
Shen,,Rengar,4.78,1012
Shen,,Alistar,5.33,301
Shen,,Thresh,1.73,135
Shen,,Rammus,9.16,225
Shen,,Amumu,2.48,118
Shen,,Leona,4.44,121
Shaco,,Briar,-1.37,45610
Shaco,,Shyvana,-0.32,36622
Shaco,,Sion,-0.82,1599
Shaco,,Karthus,-4.27,9085
Shaco,,Nocturne,-1.03,64670
Shaco,,Cho'Gath,-0.75,4156
Shaco,,Yorick,-1.97,1218
Shaco,,Sejuani,-1.08,12910
Shaco,,Mordekaiser,0.27,6064
Shaco,,Bel'Veth,-0.50,26444
Shaco,,Graves,-1.74,63099
Shaco,,Lillia,-0.39,21698
Shaco,,Kayn,-0.89,77569
Shaco,,Nasus,0.04,19447
Shaco,,Wukong,0.83,30336
Shaco,,Morgana,-1.66,2381
Shaco,,Jarvan IV,-0.79,28323
Shaco,,Talon,-1.60,24701
Shaco,,Urgot,-4.48,344
Shaco,,Teemo,-0.26,8462
Shaco,,Tryndamere,0.49,5406
Shaco,,Xin Zhao,-0.69,21163
Shaco,,Warwick,0.91,45785
Shaco,,Trundle,-0.20,5643
Shaco,,Zac,-0.30,13852
Shaco,,Naafiri,-0.88,27867
Shaco,,Dr. Mundo,0.81,5715
Shaco,,Darius,0.77,5465
Shaco,,Rammus,2.57,12444
Shaco,,Hecarim,-1.85,22373
Shaco,,Vi,-0.02,33470
Shaco,,Amumu,1.38,23355
Shaco,,Ambessa,-1.02,4653
Shaco,,Aatrox,1.09,6614
Shaco,,Rek'Sai,-0.09,5378
Shaco,,Fiddlesticks,0.13,16868
Shaco,,Jax,0.55,21509
Shaco,,Maokai,0.47,3214
Shaco,,Udyr,0.76,13244
Shaco,,Volibear,0.81,10371
Shaco,,Fizz,0.71,4194
Shaco,,Ornn,-3.08,263
Shaco,,Zaahen,1.78,2730
Shaco,,Nunu & Willump,-0.68,14442
Shaco,,Zyra,2.07,3567
Shaco,,Diana,-0.91,24952
Shaco,,Malphite,0.10,8381
Shaco,,Olaf,-0.14,2740
Shaco,,Viego,0.76,73970
Shaco,,Evelynn,0.89,16199
Shaco,,Nautilus,-3.21,934
Shaco,,Neeko,-1.29,526
Shaco,,Ekko,1.37,22603
Shaco,,Quinn,1.42,9236
Shaco,,Gragas,0.77,3429
Shaco,,Taliyah,1.47,2025
Shaco,,Shen,1.86,2601
Shaco,,Sylas,1.16,31172
Shaco,,Skarner,-0.39,5745
Shaco,,Master Yi,1.53,60460
Shaco,,Kayle,-1.54,187
Shaco,,Pantheon,0.48,6163
Shaco,,Sett,-0.20,767
Shaco,,Gwen,1.89,4685
Shaco,,Lee Sin,0.47,63893
Shaco,,Poppy,2.34,2612
Shaco,,Elise,2.28,7191
Shaco,,Ivern,2.78,5438
Shaco,,Jayce,1.21,5018
Shaco,,Rumble,0.87,631
Shaco,,Yone,-3.14,597
Shaco,,Kha'Zix,1.72,29246
Shaco,,Zed,0.28,14449
Shaco,,Nidalee,1.32,10158
Shaco,,Kindred,1.92,14828
Shaco,,Rengar,-2.30,31166
Shaco,,Kled,-1.38,104
Shaco,,Qiyana,-0.55,13057
Shaco,,Brand,2.40,1835
Shaco,,Singed,2.34,779
Shaco,,Riven,0.53,914
Shaco,,Vayne,0.55,768
Shaco,,Aurelion Sol,0.87,457
Shaco,,Camille,0.37,589
Shaco,,Garen,-1.31,1307
Shaco,,Taric,4.52,249
Shaco,,Galio,-0.93,178
Shaco,,Tahm Kench,-0.85,257
Shaco,,Malzahar,0.05,206
Shaco,,Twisted Fate,-2.72,236
Shaco,,Kai'Sa,2.08,515
Shaco,,Locke,0.65,13002
Shaco,,Yasuo,-3.59,326
Shaco,,Zeri,2.91,230
Shaco,,Katarina,-1.55,147
Shaco,,Jhin,-0.80,577
Shaco,,Twitch,0.65,2379
Shaco,,Heimerdinger,4.15,121
Shaco,,Tristana,0.28,156
Shaco,,Leona,2.52,138
Shaco,,Caitlyn,-0.86,129
Shaco,,Ezreal,1.70,198
Shaco,,Renekton,6.88,108
Shyvana,,Sylas,-6.33,42596
Shyvana,,Taric,-6.78,246
Shyvana,,Mordekaiser,-1.45,7035
Shyvana,,Sion,-1.02,1688
Shyvana,,Trundle,-2.34,7752
Shyvana,,Tryndamere,-1.17,4906
Shyvana,,Lillia,-1.45,22087
Shyvana,,Nasus,-0.90,21131
Shyvana,,Udyr,-1.89,15080
Shyvana,,Briar,0.12,44424
Shyvana,,Bel'Veth,-0.96,28268
Shyvana,,Aatrox,-1.04,6386
Shyvana,,Ivern,-1.84,5503
Shyvana,,Zaahen,-0.36,3214
Shyvana,,Yorick,-1.17,1066
Shyvana,,Wukong,0.80,33533
Shyvana,,Zyra,0.12,3451
Shyvana,,Warwick,0.94,46270
Shyvana,,Teemo,0.02,7036
Shyvana,,Darius,0.49,6263
Shyvana,,Volibear,-0.21,12653
Shyvana,,Amumu,0.92,25642
Shyvana,,Viego,-0.60,70763
Shyvana,,Olaf,-1.42,2838
Shyvana,,Dr. Mundo,0.90,5763
Shyvana,,Kayn,0.27,67573
Shyvana,,Master Yi,-0.67,53298
Shyvana,,Cho'Gath,1.47,4026
Shyvana,,Gwen,-0.66,5880
Shyvana,,Brand,-2.45,1744
Shyvana,,Nocturne,1.35,59496
Shyvana,,Graves,-0.17,56626
Shyvana,,Xin Zhao,0.24,22570
Shyvana,,Fizz,0.24,3493
Shyvana,,Jax,0.36,22079
Shyvana,,Talon,-0.34,18162
Shyvana,,Rammus,3.06,12352
Shyvana,,Vi,0.37,34860
Shyvana,,Ekko,0.02,19970
Shyvana,,Heimerdinger,-6.17,100
Shyvana,,Morgana,-0.05,2051
Shyvana,,Shen,0.39,2655
Shyvana,,Taliyah,0.25,2248
Shyvana,,Jarvan IV,0.90,28409
Shyvana,,Shaco,0.32,36622
Shyvana,,Sejuani,1.80,12732
Shyvana,,Fiddlesticks,0.80,15170
Shyvana,,Elise,0.26,6656
Shyvana,,Evelynn,0.75,14199
Shyvana,,Maokai,1.18,3063
Shyvana,,Singed,-1.63,744
Shyvana,,Ambessa,0.01,4364
Shyvana,,Nunu & Willump,-0.25,13671
Shyvana,,Jayce,-0.56,4405
Shyvana,,Gragas,0.51,2742
Shyvana,,Naafiri,1.11,22292
Shyvana,,Rek'Sai,1.22,4456
Shyvana,,Neeko,-1.01,444
Shyvana,,Malphite,0.87,7428
Shyvana,,Poppy,1.35,2884
Shyvana,,Kha'Zix,0.11,22289
Shyvana,,Zac,2.03,14581
Shyvana,,Quinn,1.73,7408
Shyvana,,Kindred,0.13,15138
Shyvana,,Lee Sin,0.07,52170
Shyvana,,Karthus,0.64,6641
Shyvana,,Aurelion Sol,-1.77,414
Shyvana,,Vayne,-1.92,764
Shyvana,,Pantheon,0.93,6084
Shyvana,,Hecarim,1.20,20687
Shyvana,,Diana,1.18,22176
Shyvana,,Gnar,-3.17,117
Shyvana,,Sett,0.58,838
Shyvana,,Urgot,-0.21,290
Shyvana,,Nidalee,0.71,8639
Shyvana,,Zed,0.21,9266
Shyvana,,Rumble,1.28,562
Shyvana,,Skarner,1.50,5754
Shyvana,,Zeri,-1.54,269
Shyvana,,Qiyana,1.16,9306
Shyvana,,Nautilus,1.97,904
Shyvana,,Riven,1.97,835
Shyvana,,Kai'Sa,-0.10,486
Shyvana,,Yone,0.23,533
Shyvana,,Rengar,0.60,22983
Shyvana,,Leona,-2.32,124
Shyvana,,Camille,2.45,594
Shyvana,,Ornn,4.01,257
Shyvana,,Malzahar,0.14,179
Shyvana,,Ezreal,-2.84,146
Shyvana,,Garen,1.15,1082
Shyvana,,Galio,0.76,202
Shyvana,,Locke,1.11,10283
Shyvana,,Kayle,6.06,152
Shyvana,,Twitch,1.04,1759
Shyvana,,Jhin,0.31,550
Shyvana,,Tahm Kench,2.84,208
Shyvana,,Tristana,0.00,137
Shyvana,,Twisted Fate,1.28,186
Shyvana,,Yasuo,1.52,245
Shyvana,,Renekton,3.70,107
Singed,,Neeko,-8.63,192
Singed,,Lux,-8.49,170
Singed,,Hwei,-4.87,172
Singed,,Lissandra,-5.33,684
Singed,,Qiyana,-5.89,208
Singed,,Fizz,-6.67,298
Singed,,Kayle,-3.42,12436
Singed,,Teemo,-2.58,19627
Singed,,Gangplank,-4.31,13367
Singed,,Anivia,-3.55,1294
Singed,,Kassadin,-2.97,438
Singed,,Viktor,-3.65,475
Singed,,Nasus,-1.96,21693
Singed,,Akshan,-4.51,406
Singed,,Urgot,-2.59,9108
Singed,,Twisted Fate,-6.55,661
Singed,,Draven,-6.22,225
Singed,,Annie,-2.11,214
Singed,,Garen,-0.92,23320
Singed,,Zed,-1.13,837
Singed,,Xin Zhao,-3.64,809
Singed,,Heimerdinger,-1.28,6151
Singed,,Vi,-6.39,344
Singed,,Yorick,-0.36,13574
Singed,,Vel'Koz,-0.72,239
Singed,,Varus,-4.17,1696
Singed,,Kai'Sa,-5.15,597
Singed,,Ahri,0.74,365
Singed,,Camille,-2.61,5478
Singed,,Ryze,-3.26,1644
Singed,,Darius,-2.47,20773
Singed,,Kennen,-2.42,3105
Singed,,Talon,-5.20,127
Singed,,Vayne,-2.59,8116
Singed,,Briar,-0.49,908
Singed,,Rek'Sai,-0.19,226
Singed,,Quinn,-0.96,2031
Singed,,Dr. Mundo,0.34,13438
Singed,,Olaf,-0.59,7162
Singed,,Fiora,-1.61,8078
Singed,,Yone,-0.59,19879
Singed,,Master Yi,-3.46,1913
Singed,,Cho'Gath,-1.12,7439
Singed,,Warwick,1.06,3376
Singed,,Azir,-0.98,214
Singed,,Aurelion Sol,0.03,339
Singed,,Nocturne,-0.56,229
Singed,,Elise,-1.24,150
Singed,,Kog'Maw,-0.68,294
Singed,,Illaoi,1.18,8788
Singed,,Jayce,-3.17,7541
Singed,,Shen,0.34,9549
Singed,,Sett,1.21,18568
Singed,,Senna,-2.58,260
Singed,,Ornn,1.10,7136
Singed,,Poppy,-0.18,2119
Singed,,Zilean,1.57,672
Singed,,Caitlyn,-4.53,487
Singed,,Sejuani,0.17,572
Singed,,Udyr,-1.81,1276
Singed,,Riven,-2.13,5790
Singed,,Karthus,-1.66,189
Singed,,Brand,0.41,841
Singed,,Tryndamere,1.13,11057
Singed,,Jhin,-2.76,341
Singed,,Renekton,0.78,11131
Singed,,Akali,-0.15,4835
Singed,,Mordekaiser,2.65,28480
Singed,,Volibear,0.82,8181
Singed,,Aurora,-0.10,799
Singed,,Vladimir,-0.23,2431
Singed,,Karma,-1.40,300
Singed,,Viego,-1.74,361
Singed,,Gnar,-0.27,7701
Singed,,Syndra,3.37,191
Singed,,Trundle,0.77,5260
Singed,,Rumble,-0.95,3226
Singed,,Zoe,2.35,153
Singed,,Tristana,-2.30,536
Singed,,Malphite,3.15,12863
Singed,,Sion,2.00,9295
Singed,,Rengar,-3.64,696
Singed,,Kled,3.35,4250
Singed,,Tahm Kench,2.19,5567
Singed,,Ambessa,0.37,8042
Singed,,Veigar,2.56,564
Singed,,Cassiopeia,1.00,901
Singed,,Pantheon,1.77,5777
Singed,,Aatrox,1.75,14768
Singed,,Irelia,1.64,8128
Singed,,Kalista,0.41,405
Singed,,Zaahen,2.30,7247
Singed,,Morgana,1.56,331
Singed,,Galio,1.72,665
Singed,,Zac,4.47,983
Singed,,Smolder,-1.58,1005
Singed,,Wukong,3.97,1996
Singed,,Maokai,2.19,1200
Singed,,Gragas,1.48,3814
Singed,,Naafiri,3.75,861
Singed,,Swain,2.20,1516
Singed,,Sylas,2.94,1758
Singed,,Ashe,-1.57,554
Singed,,Katarina,1.91,196
Singed,,Corki,-0.88,185
Singed,,Fiddlesticks,4.05,779
Singed,,Ivern,0.19,172
Singed,,Rammus,0.68,202
Singed,,Graves,0.16,570
Singed,,Shyvana,0.64,535
Singed,,Jax,4.35,15625
Singed,,Yasuo,2.67,8086
Singed,,Locke,-0.31,1397
Singed,,Mel,-0.76,202
Singed,,Nautilus,0.13,235
Singed,,Malzahar,5.53,1593
Singed,,Gwen,3.88,6601
Singed,,Ezreal,-2.82,278
Singed,,Alistar,0.02,195
Singed,,Lillia,0.83,250
Singed,,Diana,3.50,260
Singed,,Skarner,0.53,445
Singed,,LeBlanc,5.53,183
Singed,,Kayn,4.35,1372
Singed,,K'Sante,2.60,6813
Singed,,Amumu,-3.19,104
Singed,,Shaco,3.65,481
Singed,,Ekko,5.55,338
Singed,,Zeri,4.93,102
Singed,,Bel'Veth,1.46,143
Singed,,Lee Sin,2.64,466
Singed,,Jarvan IV,3.75,190
Singed,,Lucian,1.64,225
Singed,,Zyra,8.44,100
Singed,,Lulu,3.92,107
Singed,,Leona,-0.86,106
Singed,,Nidalee,6.93,171
Singed,,Soraka,11.33,109
Sion,,Singed,-2.00,9295
Sion,,Yone,-3.86,30472
Sion,,Hwei,-2.12,253
Sion,,Mordekaiser,-2.04,31152
Sion,,Dr. Mundo,-2.31,16799
Sion,,Kassadin,-2.31,356
Sion,,Zaahen,-3.50,12430
Sion,,Rek'Sai,-2.20,305
Sion,,Neeko,-4.04,213
Sion,,Garen,-1.42,24830
Sion,,Udyr,-4.83,1600
Sion,,Anivia,-1.91,1674
Sion,,Lillia,-7.30,356
Sion,,Shen,-1.84,11351
Sion,,Aatrox,-2.84,17314
Sion,,Sett,-0.87,23694
Sion,,Viego,-5.29,519
Sion,,Renekton,-1.96,12387
Sion,,Zac,-0.28,1301
Sion,,Kled,-0.70,4584
Sion,,Soraka,-6.84,143
Sion,,Darius,-2.72,28273
Sion,,Ornn,-0.41,8633
Sion,,Ambessa,-3.36,9590
Sion,,Qiyana,-2.56,301
Sion,,Cho'Gath,-1.83,9879
Sion,,Zed,-0.05,1318
Sion,,Illaoi,0.38,12157
Sion,,Gwen,-2.52,12003
Sion,,Kayle,0.15,7375
Sion,,Viktor,-0.65,596
Sion,,Trundle,-1.77,8217
Sion,,Fiora,-1.87,10358
Sion,,Riven,-3.51,6545
Sion,,Tryndamere,-0.17,11322
Sion,,Kayn,-3.04,1938
Sion,,Zilean,0.93,827
Sion,,Vayne,-1.80,12599
Sion,,Nocturne,-0.44,292
Sion,,Briar,0.30,1093
Sion,,Camille,-1.22,5502
Sion,,Nasus,2.03,20253
Sion,,Volibear,-0.20,10831
Sion,,Yorick,1.52,18796
Sion,,Swain,-1.06,2670
Sion,,Irelia,-0.52,8911
Sion,,Sejuani,-0.05,686
Sion,,Tahm Kench,0.63,6929
Sion,,Yasuo,-1.12,9963
Sion,,Warwick,2.26,4050
Sion,,Urgot,1.87,9863
Sion,,Smolder,-3.35,1479
Sion,,Vel'Koz,2.17,321
Sion,,Karthus,-1.06,229
Sion,,Morgana,0.10,413
Sion,,Fiddlesticks,1.30,1026
Sion,,Veigar,1.61,734
Sion,,Syndra,3.14,275
Sion,,Poppy,1.25,2610
Sion,,Zoe,1.89,220
Sion,,Aurelion Sol,1.92,545
Sion,,Olaf,1.58,6939
Sion,,Ahri,3.76,485
Sion,,Aurora,0.37,1147
Sion,,K'Sante,-2.55,7269
Sion,,Maokai,0.87,1440
Sion,,Master Yi,-1.10,2381
Sion,,Gnar,0.41,9664
Sion,,Wukong,3.25,2318
Sion,,Gragas,0.79,4130
Sion,,Akshan,1.78,462
Sion,,Gangplank,2.36,16059
Sion,,Brand,2.43,1118
Sion,,Quinn,2.56,2438
Sion,,Pantheon,2.07,7527
Sion,,Graves,-1.30,686
Sion,,Kai'Sa,-0.96,704
Sion,,Cassiopeia,1.74,1200
Sion,,Jax,3.05,14789
Sion,,Ekko,0.70,469
Sion,,Elise,2.56,208
Sion,,Kog'Maw,3.10,487
Sion,,Teemo,5.25,33950
Sion,,Xin Zhao,2.14,880
Sion,,Varus,0.97,2184
Sion,,Tristana,-0.53,615
Sion,,Senna,1.28,387
Sion,,Heimerdinger,4.53,9209
Sion,,Nautilus,-0.96,278
Sion,,Vladimir,2.53,2727
Sion,,Rumble,1.36,4216
Sion,,Skarner,-1.57,528
Sion,,Rengar,-1.52,945
Sion,,Akali,3.32,6975
Sion,,Jayce,1.36,12043
Sion,,Malphite,5.46,21647
Sion,,Azir,3.93,333
Sion,,Shyvana,0.86,696
Sion,,Locke,-0.29,1784
Sion,,Kennen,3.58,4299
Sion,,Katarina,2.94,349
Sion,,Twisted Fate,1.89,740
Sion,,Kalista,2.80,575
Sion,,Jarvan IV,-1.11,226
Sion,,Galio,4.14,547
Sion,,Lux,3.98,197
Sion,,Naafiri,6.12,1163
Sion,,Sylas,4.97,2346
Sion,,Vex,5.66,119
Sion,,LeBlanc,4.60,221
Sion,,Jhin,2.35,450
Sion,,Vi,1.33,449
Sion,,Zeri,2.62,132
Sion,,Lissandra,7.65,795
Sion,,Annie,7.78,279
Sion,,Draven,3.91,298
Sion,,Ryze,5.33,1617
Sion,,Ziggs,4.49,126
Sion,,Fizz,5.35,393
Sion,,Talon,3.53,160
Sion,,Caitlyn,3.03,679
Sion,,Bel'Veth,0.06,244
Sion,,Diana,5.89,348
Sion,,Lucian,-0.06,263
Sion,,Karma,5.92,391
Sion,,Rammus,5.41,177
Sion,,Zyra,6.73,124
Sion,,Lee Sin,2.11,562
Sion,,Malzahar,9.52,2217
Sion,,Ivern,5.60,266
Sion,,Taric,1.95,102
Sion,,Ashe,5.05,623
Sion,,Ezreal,1.99,313
Sion,,Alistar,5.23,209
Sion,,Lulu,3.54,148
Sion,,Corki,6.36,208
Sion,,Nidalee,4.19,216
Sion,,Shaco,8.32,625
Sion,,Thresh,3.52,134
Sion,,Amumu,4.15,116
Sion,,Mel,9.10,228
Sion,,Miss Fortune,7.13,126
Sion,,Twitch,7.84,102
Sion,,Leona,3.16,135
Sivir,,Master Yi,-4.53,383
Sivir,,Aurelion Sol,-1.31,1836
Sivir,,Twitch,-3.29,17871
Sivir,,Pyke,-10.27,108
Sivir,,Kog'Maw,-1.86,5985
Sivir,,Riven,-4.29,157
Sivir,,Akshan,-5.17,496
Sivir,,Zeri,-1.94,9966
Sivir,,Katarina,-0.36,2188
Sivir,,Viktor,-0.79,12706
Sivir,,Gwen,0.05,180
Sivir,,Jinx,-1.00,45636
Sivir,,Brand,0.36,4374
Sivir,,Senna,-0.41,8934
Sivir,,Teemo,-0.49,1144
Sivir,,Vel'Koz,0.20,2739
Sivir,,Hwei,0.71,5147
Sivir,,Seraphine,1.19,10449
Sivir,,Qiyana,-3.49,103
Sivir,,Graves,-4.15,171
Sivir,,Viego,-0.36,856
Sivir,,Mordekaiser,-2.31,148
Sivir,,Yunara,-2.48,21467
Sivir,,Nilah,1.23,3557
Sivir,,Kayle,-1.70,145
Sivir,,Kindred,-5.00,204
Sivir,,Vladimir,0.33,1919
Sivir,,Vayne,-1.09,20918
Sivir,,Xayah,-0.03,13517
Sivir,,Lux,1.44,4685
Sivir,,Tahm Kench,2.22,851
Sivir,,Zyra,0.25,623
Sivir,,Swain,2.08,4344
Sivir,,Aphelios,-1.16,13497
Sivir,,Ashe,-1.15,35591
Sivir,,Samira,-0.70,19428
Sivir,,Anivia,-2.14,560
Sivir,,Fizz,-0.75,232
Sivir,,Miss Fortune,-0.02,54256
Sivir,,Ziggs,1.18,24227
Sivir,,Smolder,0.95,16568
Sivir,,Zed,-1.73,337
Sivir,,Veigar,2.98,9795
Sivir,,Yorick,-3.11,118
Sivir,,Pantheon,-3.74,290
Sivir,,Draven,-1.40,11343
Sivir,,Nasus,-2.90,114
Sivir,,Xerath,2.25,14667
Sivir,,Ryze,-1.81,316
Sivir,,Tristana,0.50,29333
Sivir,,Lucian,-1.50,25586
Sivir,,Yone,-0.04,1081
Sivir,,Naafiri,0.72,289
Sivir,,Yasuo,1.41,6959
Sivir,,Caitlyn,-0.16,85945
Sivir,,Kai'Sa,-0.04,70592
Sivir,,Jhin,0.17,55856
Sivir,,Karthus,4.19,2170
Sivir,,Olaf,3.13,253
Sivir,,Briar,1.72,141
Sivir,,Ekko,0.25,244
Sivir,,Gangplank,-4.03,121
Sivir,,Kalista,-0.38,6064
Sivir,,Garen,-2.44,138
Sivir,,Dr. Mundo,-0.67,194
Sivir,,Heimerdinger,4.63,753
Sivir,,Locke,-1.42,766
Sivir,,Syndra,1.84,10917
Sivir,,Cho'Gath,-1.47,320
Sivir,,Corki,0.58,4569
Sivir,,Ahri,2.42,582
Sivir,,Malzahar,3.83,2103
Sivir,,Cassiopeia,1.00,1479
Sivir,,Kennen,-1.54,104
Sivir,,Irelia,1.20,537
Sivir,,Fiora,4.96,258
Sivir,,Varus,-0.44,10044
Sivir,,Jax,0.21,124
Sivir,,Singed,5.09,251
Sivir,,Orianna,-0.62,329
Sivir,,Mel,0.45,15523
Sivir,,Aurora,2.04,334
Sivir,,Zoe,-0.60,282
Sivir,,Jayce,-0.17,400
Sivir,,Taliyah,1.94,952
Sivir,,Aatrox,-1.44,167
Sivir,,Rengar,-2.54,200
Sivir,,Sion,3.73,354
Sivir,,Sett,5.69,162
Sivir,,Diana,0.80,149
Sivir,,Vex,4.11,265
Sivir,,Morgana,2.47,464
Sivir,,Zilean,3.58,121
Sivir,,Ezreal,1.88,58587
Sivir,,Lissandra,3.34,332
Sivir,,Quinn,4.75,268
Sivir,,Neeko,1.56,156
Sivir,,Annie,5.80,282
Sivir,,Xin Zhao,2.81,111
Sivir,,Sylas,2.81,869
Sivir,,LeBlanc,1.39,190
Sivir,,Galio,4.46,103
Sivir,,Twisted Fate,4.74,840
Sivir,,Azir,2.76,210
Sivir,,Akali,1.35,329
Sivir,,Darius,5.14,150
Sivir,,Malphite,5.60,165
Sivir,,Nidalee,7.12,127
Sivir,,Thresh,2.28,108
Sivir,,Blitzcrank,7.80,102
Skarner,,Sett,-8.80,157
Skarner,,Lillia,-4.22,4232
Skarner,,Sion,-2.86,222
Skarner,,Dr. Mundo,-3.62,938
Skarner,,Shyvana,-1.50,5754
Skarner,,Brand,-5.98,327
Skarner,,Zyra,-2.18,696
Skarner,,Aatrox,-2.45,1101
Skarner,,Mordekaiser,-1.06,871
Skarner,,Gwen,-3.82,920
Skarner,,Briar,-0.78,6146
Skarner,,Warwick,-1.21,5997
Skarner,,Amumu,-1.45,3639
Skarner,,Trundle,-2.27,1478
Skarner,,Fizz,-2.56,606
Skarner,,Volibear,-1.94,1593
Skarner,,Nasus,-0.80,3094
Skarner,,Kayn,-1.65,9579
Skarner,,Zaahen,-0.80,510
Skarner,,Pantheon,-3.42,1153
Skarner,,Nocturne,0.01,8522
Skarner,,Bel'Veth,-0.17,4018
Skarner,,Shen,-1.24,412
Skarner,,Viego,-1.33,10921
Skarner,,Wukong,0.98,5698
Skarner,,Darius,0.00,975
Skarner,,Ivern,-0.90,941
Skarner,,Nautilus,-4.81,140
Skarner,,Rammus,2.38,1900
Skarner,,Xin Zhao,-0.27,3727
Skarner,,Jarvan IV,0.00,5236
Skarner,,Tryndamere,1.18,751
Skarner,,Sejuani,0.90,2112
Skarner,,Naafiri,-0.56,4250
Skarner,,Vi,0.03,6069
Skarner,,Zac,0.21,2466
Skarner,,Quinn,-0.17,1144
Skarner,,Maokai,0.19,636
Skarner,,Jax,0.35,3199
Skarner,,Evelynn,-0.07,2226
Skarner,,Hecarim,-1.54,3554
Skarner,,Diana,-1.51,3294
Skarner,,Udyr,0.49,2147
Skarner,,Ambessa,-0.87,885
Skarner,,Ekko,-0.01,3201
Skarner,,Master Yi,-0.08,8042
Skarner,,Yorick,0.81,168
Skarner,,Jayce,-1.23,1139
Skarner,,Shaco,0.38,5745
Skarner,,Fiddlesticks,1.07,2260
Skarner,,Graves,1.13,9785
Skarner,,Morgana,1.11,344
Skarner,,Singed,-0.76,115
Skarner,,Teemo,2.79,1123
Skarner,,Cho'Gath,3.72,573
Skarner,,Talon,1.76,3492
Skarner,,Sylas,1.42,6361
Skarner,,Kindred,0.45,2729
Skarner,,Malphite,1.57,1162
Skarner,,Elise,2.05,1217
Skarner,,Nunu & Willump,1.30,2066
Skarner,,Camille,-2.38,119
Skarner,,Taliyah,2.65,477
Skarner,,Olaf,1.89,532
Skarner,,Rek'Sai,2.83,964
Skarner,,Yone,-3.18,112
Skarner,,Gragas,2.48,476
Skarner,,Zed,0.25,1867
Skarner,,Kha'Zix,1.79,4174
Skarner,,Lee Sin,1.82,12752
Skarner,,Vayne,-0.65,124
Skarner,,Nidalee,1.71,1650
Skarner,,Rumble,2.26,117
Skarner,,Karthus,3.57,1110
Skarner,,Kai'Sa,-1.37,100
Skarner,,Poppy,6.04,531
Skarner,,Rengar,0.55,3958
Skarner,,Qiyana,2.35,1998
Skarner,,Garen,0.55,201
Skarner,,Locke,1.70,1795
Skarner,,Twitch,2.36,258
Skarner,,Riven,7.71,152
Smolder,,Olaf,-4.14,338
Smolder,,Qiyana,-7.07,132
Smolder,,Aurelion Sol,-0.34,2912
Smolder,,Shen,-2.42,160
Smolder,,Karthus,0.39,2090
Smolder,,Gwen,-0.57,345
Smolder,,Brand,-0.43,5924
Smolder,,Seraphine,0.26,12369
Smolder,,Twitch,-1.71,31350
Smolder,,Hwei,-0.02,5971
Smolder,,Veigar,0.79,14252
Smolder,,Heimerdinger,0.57,976
Smolder,,Tahm Kench,0.73,1402
Smolder,,Master Yi,0.02,582
Smolder,,Jinx,-0.82,71828
Smolder,,Senna,-0.35,14601
Smolder,,Fiora,0.14,317
Smolder,,Vladimir,-0.30,2612
Smolder,,Xerath,0.46,9870
Smolder,,Viktor,-0.06,13438
Smolder,,Vex,-2.50,376
Smolder,,Vel'Koz,0.48,2966
Smolder,,Lux,0.81,5650
Smolder,,Zeri,-0.48,12487
Smolder,,Briar,-0.59,228
Smolder,,Yone,-1.66,1386
Smolder,,Aphelios,-1.60,18743
Smolder,,Kog'Maw,0.75,9260
Smolder,,Syndra,-1.35,11582
Smolder,,Sivir,-0.95,16568
Smolder,,Swain,1.88,5492
Smolder,,Viego,0.16,681
Smolder,,Ziggs,0.78,22799
Smolder,,Fizz,-0.82,333
Smolder,,Yasuo,0.42,9237
Smolder,,Jhin,-0.68,84087
Smolder,,Miss Fortune,0.42,90509
Smolder,,Caitlyn,-0.80,109333
Smolder,,Tristana,0.17,46213
Smolder,,Katarina,2.22,3648
Smolder,,Ahri,0.20,797
Smolder,,Ashe,-0.25,44587
Smolder,,Xayah,1.26,18177
Smolder,,Samira,0.61,30268
Smolder,,Kai'Sa,0.06,86412
Smolder,,Ambessa,-0.79,123
Smolder,,Quinn,-0.78,436
Smolder,,Diana,-3.19,197
Smolder,,Sett,1.82,237
Smolder,,Nilah,3.43,6423
Smolder,,Draven,0.07,17025
Smolder,,Vayne,1.30,34088
Smolder,,Lissandra,-1.10,426
Smolder,,Mel,-1.46,18565
Smolder,,Ryze,-0.47,395
Smolder,,Kalista,0.05,8240
Smolder,,Yunara,0.62,26099
Smolder,,Jarvan IV,-2.10,160
Smolder,,Xin Zhao,-2.03,158
Smolder,,Riven,1.33,208
Smolder,,Tryndamere,0.42,133
Smolder,,Sion,1.08,515
Smolder,,Akshan,0.42,845
Smolder,,Ekko,1.47,378
Smolder,,Irelia,0.93,711
Smolder,,Singed,4.47,261
Smolder,,Camille,-5.58,111
Smolder,,Zilean,1.10,181
Smolder,,Varus,-0.57,13401
Smolder,,Corki,1.44,6211
Smolder,,Lucian,1.14,34367
Smolder,,Teemo,4.49,1718
Smolder,,Orianna,-0.65,435
Smolder,,Garen,-0.41,212
Smolder,,Sylas,-0.73,931
Smolder,,Ezreal,0.11,64840
Smolder,,Anivia,2.08,710
Smolder,,Twisted Fate,0.11,979
Smolder,,Cassiopeia,1.98,1744
Smolder,,Malphite,-2.27,203
Smolder,,Naafiri,4.25,472
Smolder,,Kayle,3.81,192
Smolder,,Kindred,0.59,265
Smolder,,Jayce,0.20,512
Smolder,,Dr. Mundo,2.48,227
Smolder,,Locke,1.34,1167
Smolder,,Annie,3.80,434
Smolder,,Morgana,2.48,537
Smolder,,Taliyah,3.04,879
Smolder,,Neeko,0.78,204
Smolder,,Azir,-0.14,290
Smolder,,Aurora,3.80,478
Smolder,,Galio,1.89,130
Smolder,,Malzahar,6.88,3079
Smolder,,Zyra,6.80,636
Smolder,,Zed,4.28,387
Smolder,,Jax,3.43,156
Smolder,,Graves,3.83,277
Smolder,,Mordekaiser,5.73,252
Smolder,,Rengar,-0.23,286
Smolder,,Pantheon,3.37,413
Smolder,,Akali,-0.69,426
Smolder,,Nasus,4.33,183
Smolder,,Zoe,3.07,352
Smolder,,Wukong,6.21,151
Smolder,,Gangplank,2.76,162
Smolder,,Kennen,3.70,219
Smolder,,Pyke,2.21,125
Smolder,,Lee Sin,0.77,139
Smolder,,LeBlanc,4.25,262
Smolder,,Cho'Gath,7.03,457
Smolder,,Nidalee,1.42,173
Smolder,,Aatrox,5.47,198
Smolder,,Darius,6.19,251
Smolder,,Yorick,8.93,177
Smolder,,Urgot,13.84,137
Smolder,,Thresh,1.51,156
Smolder,,Blitzcrank,3.34,104
Sona,,Ivern,-6.51,544
Sona,,Viktor,-7.60,152
Sona,,Elise,-2.50,1114
Sona,,Amumu,-1.12,1729
Sona,,Leona,-0.52,23727
Sona,,Blitzcrank,-1.87,15802
Sona,,Taric,0.65,3777
Sona,,Thresh,-0.91,30006
Sona,,Shen,-1.51,4671
Sona,,Senna,-0.98,20972
Sona,,Alistar,-0.89,7588
Sona,,Rell,0.17,7989
Sona,,Braum,-0.27,7736
Sona,,Seraphine,-0.37,42519
Sona,,Nautilus,-1.10,27437
Sona,,Maokai,0.12,5441
Sona,,Soraka,0.30,17408
Sona,,Milio,0.47,16295
Sona,,Kennen,-2.34,245
Sona,,Zyra,0.48,11421
Sona,,Evelynn,-1.47,131
Sona,,Janna,0.85,9918
Sona,,Zilean,0.59,8953
Sona,,Ahri,-3.31,512
Sona,,Rakan,-0.05,7491
Sona,,Nami,0.71,29654
Sona,,Hwei,-0.23,1957
Sona,,Vi,-2.94,544
Sona,,Fiddlesticks,-0.16,1434
Sona,,Mordekaiser,-7.36,186
Sona,,Sion,-0.30,938
Sona,,Galio,0.85,3358
Sona,,Xin Zhao,-4.17,156
Sona,,Yorick,-5.91,129
Sona,,Lux,0.13,37442
Sona,,Swain,-0.59,11308
Sona,,Sylas,-0.91,2977
Sona,,Heimerdinger,-0.99,673
Sona,,Poppy,2.14,5580
Sona,,Vel'Koz,1.06,10500
Sona,,Tahm Kench,0.39,9215
Sona,,Brand,1.18,12177
Sona,,Pyke,-0.88,17249
Sona,,Morgana,1.33,23520
Sona,,Lissandra,-1.29,625
Sona,,Lulu,0.53,20980
Sona,,Briar,-3.39,277
Sona,,Wukong,-0.96,256
Sona,,Shaco,0.86,4388
Sona,,Renata Glasc,1.46,2331
Sona,,Pantheon,0.40,12368
Sona,,Anivia,-1.17,1388
Sona,,Bard,0.11,10924
Sona,,Syndra,-0.31,500
Sona,,Jayce,-2.92,109
Sona,,Gragas,-0.30,541
Sona,,Volibear,-5.54,146
Sona,,Karma,0.76,14324
Sona,,Taliyah,-0.73,284
Sona,,Annie,1.81,933
Sona,,Veigar,-0.42,2435
Sona,,Fizz,-0.03,285
Sona,,Xerath,2.50,9579
Sona,,Rengar,-4.31,305
Sona,,Malzahar,-1.35,610
Sona,,Aatrox,-4.67,154
Sona,,Neeko,0.16,5379
Sona,,Jarvan IV,1.25,1073
Sona,,Aurelion Sol,0.48,269
Sona,,Nunu & Willump,-1.16,434
Sona,,Yuumi,-0.38,14700
Sona,,Singed,-0.25,405
Sona,,Skarner,0.48,513
Sona,,Kayle,-0.47,194
Sona,,Camille,0.78,12772
Sona,,Trundle,-0.95,289
Sona,,Malphite,0.81,2903
Sona,,Twisted Fate,2.15,575
Sona,,Kai'Sa,-6.13,136
Sona,,Jhin,-4.15,339
Sona,,Vex,0.39,308
Sona,,Qiyana,0.08,230
Sona,,Teemo,4.42,3310
Sona,,Sejuani,2.19,305
Sona,,Zac,2.90,756
Sona,,Quinn,2.57,194
Sona,,Viego,-1.44,113
Sona,,Master Yi,0.39,233
Sona,,Cho'Gath,1.12,803
Sona,,Zoe,1.80,1966
Sona,,Rammus,4.97,258
Sona,,Sett,1.68,628
Sona,,Lee Sin,-1.29,709
Sona,,Naafiri,-2.08,131
Sona,,Ornn,1.01,343
Sona,,Ziggs,2.18,919
Sona,,Ashe,1.26,3590
Sona,,Ekko,2.82,276
Sona,,Miss Fortune,-1.39,1117
Sona,,LeBlanc,5.37,1631
Sona,,Nidalee,3.71,850
Sona,,Aurora,-0.78,112
Sona,,Katarina,-0.88,174
Sona,,Nasus,-1.01,179
Sona,,Dr. Mundo,2.60,222
Sona,,Orianna,0.22,277
Sona,,Yasuo,-1.95,266
Sona,,Mel,1.09,9073
Sona,,Jax,4.29,387
Sona,,Twitch,0.74,1113
Sona,,Zed,1.86,250
Sona,,Darius,1.21,191
Sona,,Kog'Maw,5.50,164
Sona,,Garen,-1.57,117
Sona,,Diana,2.40,137
Sona,,Karthus,4.64,193
Sona,,Illaoi,0.43,102
Sona,,Ezreal,1.85,470
Sona,,Locke,5.87,472
Sona,,Yone,0.61,208
Sona,,Varus,3.13,134
Sona,,Caitlyn,2.43,185
Sona,,K'Sante,12.06,104
Sona,,Tristana,13.83,101
Soraka,,Jayce,-13.70,208
Soraka,,Nami,-1.39,41767
Soraka,,Rumble,-7.73,154
Soraka,,Sona,-0.30,17408
Soraka,,Blitzcrank,-1.44,25236
Soraka,,Senna,-0.82,29060
Soraka,,Elise,-1.24,1599
Soraka,,Seraphine,-0.63,53928
Soraka,,Thresh,-0.28,47380
Soraka,,Maokai,-0.23,8019
Soraka,,Zyra,-0.05,16901
Soraka,,Taric,1.54,5563
Soraka,,Brand,-0.44,19530
Soraka,,Leona,0.83,37140
Soraka,,Janna,0.63,11892
Soraka,,Lulu,-1.01,32482
Soraka,,Rell,0.87,12313
Soraka,,Renata Glasc,-0.26,3423
Soraka,,Amumu,0.98,2517
Soraka,,Kennen,-2.19,354
Soraka,,Zilean,0.61,12273
Soraka,,Milio,0.67,22999
Soraka,,Rakan,-0.10,10862
Soraka,,Ivern,-2.91,741
Soraka,,Vel'Koz,0.14,15121
Soraka,,Hwei,-0.22,2850
Soraka,,Galio,0.66,4569
Soraka,,Morgana,0.58,32340
Soraka,,Nautilus,-0.12,40846
Soraka,,Bard,-1.20,15114
Soraka,,Braum,1.02,11546
Soraka,,Poppy,1.74,8625
Soraka,,Tahm Kench,0.07,14193
Soraka,,Yuumi,-2.75,22439
Soraka,,Alistar,0.85,11693
Soraka,,Singed,-2.57,548
Soraka,,Fiddlesticks,0.60,2170
Soraka,,Shen,0.87,7043
Soraka,,Lissandra,-1.26,940
Soraka,,Lux,0.60,53240
Soraka,,Fizz,-1.17,387
Soraka,,Twisted Fate,-0.22,813
Soraka,,Annie,1.03,1297
Soraka,,Xerath,1.58,13861
Soraka,,Karma,0.13,19978
Soraka,,Zac,0.35,1106
Soraka,,Gragas,-0.77,831
Soraka,,Teemo,2.15,4319
Soraka,,LeBlanc,1.07,2560
Soraka,,Sylas,0.26,4794
Soraka,,Pyke,0.14,31720
Soraka,,Malphite,-0.90,4058
Soraka,,Viego,-3.78,178
Soraka,,Pantheon,1.06,19209
Soraka,,Rammus,2.31,461
Soraka,,Heimerdinger,0.40,939
Soraka,,Zoe,-0.77,2805
Soraka,,Jarvan IV,0.72,1713
Soraka,,Xin Zhao,-2.40,275
Soraka,,Anivia,-0.37,1987
Soraka,,Skarner,-0.14,744
Soraka,,Nidalee,-0.01,1046
Soraka,,Camille,0.50,19815
Soraka,,Shaco,2.49,6377
Soraka,,Taliyah,0.18,405
Soraka,,Wukong,0.86,367
Soraka,,Orianna,-3.34,378
Soraka,,Ahri,0.41,689
Soraka,,Darius,-3.57,267
Soraka,,Swain,2.34,17882
Soraka,,Cho'Gath,0.12,1038
Soraka,,Viktor,-1.17,233
Soraka,,Syndra,1.85,792
Soraka,,Trundle,-0.45,394
Soraka,,Neeko,1.41,7851
Soraka,,Kled,-0.29,139
Soraka,,Sion,3.27,1258
Soraka,,Nunu & Willump,-0.12,684
Soraka,,Sejuani,2.24,423
Soraka,,Ashe,-0.43,5053
Soraka,,Veigar,1.47,3361
Soraka,,Zaahen,0.08,160
Soraka,,Malzahar,0.61,860
Soraka,,Jhin,-3.48,487
Soraka,,Vex,1.12,452
Soraka,,Ziggs,1.66,1230
Soraka,,Vi,1.82,872
Soraka,,Quinn,3.20,343
Soraka,,Evelynn,3.91,152
Soraka,,Kayle,1.53,232
Soraka,,Aurelion Sol,2.84,364
Soraka,,Nasus,-2.06,294
Soraka,,Yorick,-0.67,182
Soraka,,Zed,-0.29,408
Soraka,,Sett,3.18,978
Soraka,,Ekko,3.62,390
Soraka,,Lee Sin,0.66,985
Soraka,,Qiyana,3.43,314
Soraka,,Briar,2.47,414
Soraka,,Locke,1.75,607
Soraka,,Rengar,0.64,461
Soraka,,Warwick,1.50,116
Soraka,,Mel,1.64,12983
Soraka,,Twitch,0.93,1780
Soraka,,Karthus,3.78,382
Soraka,,Dr. Mundo,4.42,300
Soraka,,Master Yi,4.71,321
Soraka,,Ezreal,0.77,794
Soraka,,Naafiri,1.94,212
Soraka,,Akshan,0.26,145
Soraka,,Caitlyn,-2.88,278
Soraka,,Miss Fortune,1.93,1853
Soraka,,Jax,6.13,444
Soraka,,Volibear,1.83,201
Soraka,,Ornn,5.45,404
Soraka,,Mordekaiser,2.23,297
Soraka,,Aatrox,2.65,226
Soraka,,Yone,-0.89,289
Soraka,,Rek'Sai,7.38,123
Soraka,,Aurora,2.80,136
Soraka,,Akali,1.98,105
Soraka,,K'Sante,3.50,150
Soraka,,Yasuo,2.68,345
Soraka,,Cassiopeia,5.52,123
Soraka,,Diana,5.60,201
Soraka,,Kai'Sa,2.94,187
Soraka,,Tristana,-0.78,114
Soraka,,Vayne,2.09,121
Soraka,,Kog'Maw,10.94,226
Soraka,,Illaoi,5.06,145
Soraka,,Garen,4.87,169
Soraka,,Katarina,8.95,266
Soraka,,Varus,7.82,197
Soraka,,Jinx,4.20,115
Swain,,Nami,-3.07,27650
Swain,,Janna,-2.52,8841
Swain,,Brand,-3.36,27860
Swain,,Soraka,-2.36,17882
Swain,,Aurelion Sol,-5.53,590
Swain,,Milio,-2.10,17904
Swain,,Urgot,-8.60,180
Swain,,Vel'Koz,-2.18,18382
Swain,,Elise,-2.26,1293
Swain,,Teemo,-1.66,6001
Swain,,Zilean,-1.26,10625
Swain,,Morgana,-1.74,42980
Swain,,Xerath,-1.87,19962
Swain,,Fizz,-4.09,605
Swain,,Hwei,-2.00,3493
Swain,,Zyra,-0.85,18751
Swain,,Seraphine,-0.92,59999
Swain,,Xin Zhao,-6.08,395
Swain,,Lulu,-1.92,26702
Swain,,Karma,-2.58,19134
Swain,,Senna,-0.72,29437
Swain,,Sona,0.59,11308
Swain,,Syndra,-2.51,1112
Swain,,Fiddlesticks,-0.94,2327
Swain,,Nidalee,-3.16,1255
Swain,,Lux,-1.00,73251
Swain,,LeBlanc,-0.98,2803
Swain,,Renata Glasc,-0.23,3432
Swain,,Qiyana,-3.98,330
Swain,,Sylas,-1.51,7107
Swain,,Heimerdinger,-1.58,1377
Swain,,Annie,-0.20,1399
Swain,,Yuumi,-3.16,20529
Swain,,Poppy,1.80,11828
Swain,,Zoe,-2.47,2984
Swain,,Shen,0.42,8173
Swain,,Taric,3.13,6163
Swain,,Rell,2.13,14210
Swain,,Anivia,-1.73,2567
Swain,,Galio,1.44,6627
Swain,,Shaco,0.49,7435
Swain,,Viego,-4.75,239
Swain,,Sejuani,-0.72,526
Swain,,Pantheon,0.09,27844
Swain,,Bard,-0.36,13191
Swain,,Lissandra,-1.19,994
Swain,,Amumu,2.42,3030
Swain,,Braum,1.93,15306
Swain,,Master Yi,-2.72,556
Swain,,Ziggs,-1.70,2021
Swain,,Briar,-3.35,643
Swain,,Kog'Maw,-1.40,273
Swain,,Jarvan IV,-0.01,2050
Swain,,Karthus,-2.92,381
Swain,,Evelynn,0.53,218
Swain,,Leona,3.15,48125
Swain,,Thresh,2.45,56660
Swain,,Pyke,0.01,34523
Swain,,Ashe,-2.69,6179
Swain,,Veigar,-0.76,5218
Swain,,Maokai,2.58,9967
Swain,,Ivern,-0.81,790
Swain,,Rakan,2.15,11351
Swain,,Talon,-4.61,120
Swain,,Camille,-0.31,21885
Swain,,Udyr,-4.95,106
Swain,,Malzahar,-1.49,1258
Swain,,Neeko,-0.04,11233
Swain,,Vi,-0.55,1016
Swain,,Jax,-0.74,707
Swain,,Sion,1.88,1881
Swain,,Wukong,0.34,483
Swain,,Tahm Kench,2.14,22911
Swain,,Gragas,0.41,1104
Swain,,Viktor,-2.14,373
Swain,,Quinn,1.30,381
Swain,,Taliyah,0.17,460
Swain,,Twisted Fate,1.47,881
Swain,,Zac,2.09,1406
Swain,,Rammus,3.39,545
Swain,,Ahri,0.20,1000
Swain,,Sett,0.07,1926
Swain,,Blitzcrank,3.37,29345
Swain,,Lillia,-1.57,109
Swain,,Alistar,3.79,15947
Swain,,Nautilus,3.31,58189
Swain,,Jayce,-0.97,301
Swain,,Trundle,-0.45,579
Swain,,Dr. Mundo,-0.17,674
Swain,,Yorick,-2.53,298
Swain,,Fiora,-2.30,106
Swain,,Kennen,2.37,411
Swain,,Singed,0.95,776
Swain,,Nocturne,-0.61,109
Swain,,Vex,1.09,654
Swain,,Locke,-0.79,940
Swain,,Diana,-1.97,280
Swain,,Mel,-1.39,20567
Swain,,Rumble,-0.74,220
Swain,,Skarner,2.31,858
Swain,,Ekko,1.98,549
Swain,,Twitch,-1.81,2364
Swain,,Nunu & Willump,1.15,746
Swain,,Naafiri,-1.90,335
Swain,,Cho'Gath,1.83,1942
Swain,,Miss Fortune,-2.03,2827
Swain,,Ezreal,-2.75,1216
Swain,,Vayne,-6.07,243
Swain,,Lucian,-10.32,103
Swain,,Malphite,2.89,7848
Swain,,Volibear,-1.76,383
Swain,,Katarina,-1.69,445
Swain,,Zaahen,1.82,214
Swain,,Orianna,-0.18,443
Swain,,Cassiopeia,0.19,230
Swain,,Darius,-0.31,515
Swain,,Lee Sin,0.64,1668
Swain,,Zed,1.04,684
Swain,,Kayle,3.89,277
Swain,,Aatrox,0.41,410
Swain,,Aurora,0.17,220
Swain,,Rek'Sai,5.12,143
Swain,,Ornn,3.91,611
Swain,,Yasuo,-0.51,858
Swain,,Jhin,0.54,762
Swain,,Varus,-1.99,297
Swain,,Tryndamere,-1.09,173
Swain,,Gnar,0.22,112
Swain,,Kayn,2.83,124
Swain,,Warwick,3.14,201
Swain,,Nasus,2.28,531
Swain,,Rengar,3.33,570
Swain,,Akshan,1.10,153
Swain,,Yone,-0.88,543
Swain,,Riven,0.59,156
Swain,,Illaoi,1.34,264
Swain,,Mordekaiser,2.79,646
Swain,,Kled,6.38,194
Swain,,Garen,0.68,353
Swain,,Kai'Sa,0.83,289
Swain,,Akali,1.75,238
Swain,,Ambessa,4.09,131
Swain,,Ryze,3.06,118
Swain,,Caitlyn,1.57,446
Swain,,K'Sante,6.13,270
Swain,,Azir,0.07,110
Swain,,Gangplank,0.05,114
Swain,,Tristana,0.30,231
Swain,,Smolder,0.76,146
Swain,,Jinx,-0.20,251
Swain,,Renekton,5.72,115
Sylas,,Heimerdinger,-8.95,5879
Sylas,,Illaoi,-9.47,1646
Sylas,,Singed,-3.56,1727
Sylas,,Kled,-3.13,1077
Sylas,,Fiora,-4.71,779
Sylas,,Poppy,-5.62,322
Sylas,,Kalista,-4.97,575
Sylas,,Shen,-3.75,752
Sylas,,Quinn,-2.73,2377
Sylas,,Kog'Maw,-3.43,1556
Sylas,,Naafiri,-3.79,24700
Sylas,,Vex,-2.80,37933
Sylas,,Volibear,-5.43,943
Sylas,,Malzahar,-2.08,53275
Sylas,,Gwen,-1.97,8014
Sylas,,Briar,-0.22,3093
Sylas,,Sett,-0.67,3219
Sylas,,Tryndamere,-0.08,3738
Sylas,,Garen,-1.00,5020
Sylas,,Urgot,-3.63,707
Sylas,,Warwick,-2.68,480
Sylas,,Veigar,-1.36,51579
Sylas,,Brand,-2.47,9335
Sylas,,Pantheon,-1.32,11750
Sylas,,Ambessa,-1.55,2364
Sylas,,Teemo,-1.14,3180
Sylas,,Hwei,-1.60,27796
Sylas,,Morgana,-1.51,5354
Sylas,,Vel'Koz,-1.48,6725
Sylas,,Mordekaiser,1.13,3009
Sylas,,Riven,-1.86,4587
Sylas,,Olaf,-0.97,547
Sylas,,Zaahen,-2.75,716
Sylas,,Sion,-0.43,4806
Sylas,,Neeko,-1.82,3640
Sylas,,Kayn,-3.26,441
Sylas,,Ivern,-4.88,154
Sylas,,K'Sante,-4.29,883
Sylas,,Trundle,-3.45,364
Sylas,,Gragas,-0.25,2917
Sylas,,Swain,-0.03,8119
Sylas,,Lux,-0.23,36812
Sylas,,Jinx,-4.68,344
Sylas,,Galio,-1.78,42566
Sylas,,Zilean,0.85,1861
Sylas,,Zac,1.07,906
Sylas,,Yasuo,-2.20,92314
Sylas,,Aatrox,-2.29,1575
Sylas,,Vayne,-2.55,1707
Sylas,,Anivia,-0.91,15885
Sylas,,Camille,-2.06,509
Sylas,,Kassadin,-0.49,15889
Sylas,,Viego,-1.23,2398
Sylas,,Yone,-0.79,87337
Sylas,,Viktor,0.84,64333
Sylas,,Rumble,0.08,1124
Sylas,,Cassiopeia,-2.84,15280
Sylas,,Xerath,1.97,30224
Sylas,,Zoe,-1.49,19234
Sylas,,Annie,0.02,13268
Sylas,,Ahri,0.50,103180
Sylas,,Wukong,0.91,1038
Sylas,,Darius,-0.78,1421
Sylas,,Vladimir,1.01,26958
Sylas,,Taliyah,-2.16,8777
Sylas,,Twisted Fate,0.54,39053
Sylas,,LeBlanc,-0.76,33432
Sylas,,Aurora,-0.69,16400
Sylas,,Seraphine,-1.56,2065
Sylas,,Syndra,1.05,49217
Sylas,,Diana,1.06,38160
Sylas,,Ryze,-2.13,26054
Sylas,,Karthus,0.01,1184
Sylas,,Aurelion Sol,0.99,12271
Sylas,,Talon,-0.37,19147
Sylas,,Ziggs,0.93,7280
Sylas,,Vi,-0.17,826
Sylas,,Rek'Sai,2.64,162
Sylas,,Fizz,2.62,56091
Sylas,,Akshan,-0.29,12860
Sylas,,Tahm Kench,2.07,853
Sylas,,Nocturne,2.06,743
Sylas,,Akali,-0.32,78553
Sylas,,Kennen,2.50,2569
Sylas,,Lillia,-1.42,163
Sylas,,Katarina,0.63,53480
Sylas,,Xayah,-1.81,174
Sylas,,Jarvan IV,1.01,611
Sylas,,Shaco,-3.01,261
Sylas,,Samira,-4.08,426
Sylas,,Nasus,5.10,6018
Sylas,,Draven,-1.32,527
Sylas,,Lissandra,2.26,34361
Sylas,,Sivir,-5.54,342
Sylas,,Kayle,3.21,2699
Sylas,,Renekton,3.39,2702
Sylas,,Ornn,0.85,587
Sylas,,Ekko,2.42,29388
Sylas,,Gnar,-1.87,348
Sylas,,Gangplank,2.06,4660
Sylas,,Xin Zhao,2.64,1818
Sylas,,Miss Fortune,-1.96,1512
Sylas,,Master Yi,1.73,1486
Sylas,,Graves,-0.85,775
Sylas,,Evelynn,1.69,101
Sylas,,Rakan,1.19,194
Sylas,,Kai'Sa,-2.07,2466
Sylas,,Fiddlesticks,4.16,781
Sylas,,Karma,-0.09,1231
Sylas,,Yorick,2.87,1908
Sylas,,Jhin,-0.02,1976
Sylas,,Jayce,0.78,5916
Sylas,,Locke,1.26,52859
Sylas,,Cho'Gath,3.00,4552
Sylas,,Varus,-1.45,2352
Sylas,,Irelia,2.31,23506
Sylas,,Jax,2.49,1036
Sylas,,Lulu,-3.56,241
Sylas,,Zyra,2.70,1561
Sylas,,Zed,2.64,78370
Sylas,,Orianna,-0.07,23756
Sylas,,Dr. Mundo,2.45,1367
Sylas,,Caitlyn,-0.35,2464
Sylas,,Smolder,0.68,4220
Sylas,,Tristana,1.43,6360
Sylas,,Corki,-1.34,2440
Sylas,,Elise,3.47,205
Sylas,,Qiyana,0.94,13929
Sylas,,Mel,0.09,28310
Sylas,,Zeri,1.38,400
Sylas,,Nunu & Willump,2.87,1866
Sylas,,Azir,1.22,14351
Sylas,,Sejuani,4.08,361
Sylas,,Lee Sin,-0.08,1107
Sylas,,Aphelios,1.92,426
Sylas,,Lucian,-2.02,2102
Sylas,,Twitch,2.90,1083
Sylas,,Soraka,-1.08,182
Sylas,,Shyvana,0.57,190
Sylas,,Kindred,0.84,282
Sylas,,Ezreal,-0.36,4728
Sylas,,Maokai,5.17,271
Sylas,,Pyke,2.45,507
Sylas,,Bel'Veth,-1.69,220
Sylas,,Senna,1.81,353
Sylas,,Yunara,-0.88,274
Sylas,,Nidalee,4.27,380
Sylas,,Malphite,9.73,10146
Sylas,,Nautilus,2.41,316
Sylas,,Thresh,1.40,196
Sylas,,Udyr,4.52,337
Sylas,,Ashe,4.08,1311
Sylas,,Alistar,3.40,283
Sylas,,Blitzcrank,3.28,158
Syndra,,Olaf,-4.45,386
Syndra,,Fizz,-3.27,52383
Syndra,,Trundle,-6.68,197
Syndra,,Rek'Sai,-2.80,111
Syndra,,Kled,-1.10,683
Syndra,,Singed,0.98,1361
Syndra,,Kayn,-5.34,212
Syndra,,Xerath,-1.58,43384
Syndra,,Katarina,-3.79,48153
Syndra,,Nasus,0.32,6055
Syndra,,Xin Zhao,-2.50,1422
Syndra,,Gwen,-0.92,6164
Syndra,,Nocturne,-1.36,433
Syndra,,Ekko,-1.83,24187
Syndra,,Morgana,-1.41,4962
Syndra,,Zed,-2.75,51700
Syndra,,Kog'Maw,-1.24,1917
Syndra,,Ambessa,-0.96,1690
Syndra,,Zilean,0.37,2089
Syndra,,Sejuani,-2.87,316
Syndra,,Aurelion Sol,-1.49,12092
Syndra,,Irelia,-2.31,18833
Syndra,,Zyra,-2.23,1539
Syndra,,Lux,-0.21,39997
Syndra,,Kassadin,-1.48,15724
Syndra,,Locke,-3.14,38517
Syndra,,Master Yi,-2.07,1019
Syndra,,Malzahar,0.65,55848
Syndra,,Naafiri,-0.80,19137
Syndra,,Briar,2.70,1926
Syndra,,Kayle,0.64,2434
Syndra,,Diana,-0.26,27335
Syndra,,Vel'Koz,0.06,8230
Syndra,,Tahm Kench,0.54,629
Syndra,,Ziggs,-0.45,7448
Syndra,,Ivern,-3.67,106
Syndra,,Twisted Fate,-0.19,29971
Syndra,,Karthus,-1.07,1083
Syndra,,LeBlanc,-1.45,28087
Syndra,,Mordekaiser,2.93,1350
Syndra,,Sylas,-1.06,49217
Syndra,,Tryndamere,3.31,2417
Syndra,,Garen,2.42,2952
Syndra,,Veigar,1.77,48985
Syndra,,Ahri,0.46,80046
Syndra,,Warwick,0.67,263
Syndra,,Brand,0.58,8144
Syndra,,Seraphine,-1.78,1913
Syndra,,Swain,1.76,5292
Syndra,,Dr. Mundo,-0.90,1152
Syndra,,Yasuo,-0.80,59843
Syndra,,Malphite,1.50,4916
Syndra,,Zac,2.83,668
Syndra,,Gragas,1.84,2409
Syndra,,Viktor,1.63,76739
Syndra,,Hwei,1.22,31536
Syndra,,Lissandra,1.12,28485
Syndra,,Cho'Gath,0.69,3619
Syndra,,Quinn,2.20,1949
Syndra,,Galio,0.36,28774
Syndra,,Talon,-0.36,11734
Syndra,,Vladimir,1.67,25383
Syndra,,Zoe,-0.51,18862
Syndra,,Nunu & Willump,-0.86,1539
Syndra,,Akshan,-0.23,15424
Syndra,,Qiyana,-2.11,11715
Syndra,,Vex,2.19,27245
Syndra,,Yorick,1.32,1654
Syndra,,Akali,-0.26,41321
Syndra,,Rumble,1.44,834
Syndra,,Vi,0.16,524
Syndra,,Heimerdinger,4.42,3703
Syndra,,Neeko,1.32,2729
Syndra,,Fiora,2.78,448
Syndra,,Aatrox,0.19,945
Syndra,,Jarvan IV,1.30,511
Syndra,,Anivia,1.55,15973
Syndra,,Aurora,0.74,14942
Syndra,,Pantheon,3.31,5398
Syndra,,Sion,3.33,4177
Syndra,,Kennen,3.46,2254
Syndra,,Ornn,0.93,445
Syndra,,Teemo,3.27,2216
Syndra,,Gangplank,1.89,4343
Syndra,,Jhin,-0.54,1648
Syndra,,Shyvana,-3.03,132
Syndra,,Yone,2.12,52625
Syndra,,Riven,2.73,3664
Syndra,,Jayce,0.65,4301
Syndra,,Annie,2.91,15789
Syndra,,Karma,0.38,1233
Syndra,,Sett,6.22,921
Syndra,,Viego,2.47,1304
Syndra,,Aphelios,-0.01,306
Syndra,,Wukong,4.26,604
Syndra,,Shaco,-0.98,226
Syndra,,Taliyah,1.09,7865
Syndra,,Twitch,1.37,1376
Syndra,,Urgot,3.79,389
Syndra,,Kalista,4.15,477
Syndra,,Renekton,5.59,983
Syndra,,Zeri,1.34,361
Syndra,,Darius,3.57,440
Syndra,,Lee Sin,-0.79,783
Syndra,,Kindred,-0.76,216
Syndra,,K'Sante,2.00,497
Syndra,,Ryze,1.80,19822
Syndra,,Lulu,-2.06,194
Syndra,,Jax,4.07,511
Syndra,,Udyr,-0.33,237
Syndra,,Camille,3.29,351
Syndra,,Tristana,2.25,5704
Syndra,,Ashe,-0.96,1107
Syndra,,Graves,1.68,630
Syndra,,Volibear,3.42,296
Syndra,,Orianna,1.37,24969
Syndra,,Kai'Sa,0.51,2418
Syndra,,Miss Fortune,0.77,1184
Syndra,,Cassiopeia,2.35,13967
Syndra,,Fiddlesticks,6.77,518
Syndra,,Jinx,2.00,244
Syndra,,Zaahen,4.41,382
Syndra,,Azir,1.46,12637
Syndra,,Vayne,3.62,1026
Syndra,,Pyke,0.83,461
Syndra,,Caitlyn,1.69,1759
Syndra,,Maokai,4.08,133
Syndra,,Gnar,2.02,241
Syndra,,Mel,2.46,26965
Syndra,,Rakan,5.23,179
Syndra,,Smolder,3.84,3151
Syndra,,Ezreal,0.62,4117
Syndra,,Yunara,-1.13,193
Syndra,,Sivir,0.28,372
Syndra,,Varus,3.73,1702
Syndra,,Shen,9.21,548
Syndra,,Corki,3.26,1801
Syndra,,Illaoi,10.30,517
Syndra,,Elise,8.13,179
Syndra,,Lucian,1.74,1601
Syndra,,Nidalee,4.87,411
Syndra,,Soraka,2.38,179
Syndra,,Bel'Veth,0.51,217
Syndra,,Xayah,6.23,120
Syndra,,Poppy,9.51,140
Syndra,,Thresh,3.19,168
Syndra,,Senna,5.68,310
Syndra,,Alistar,4.66,154
Syndra,,Nautilus,6.17,257
Syndra,,Draven,10.16,441
Syndra,,Samira,8.60,295
Syndra,,Blitzcrank,10.30,151
Tahm Kench,,Taric,-2.74,5782
Tahm Kench,,Rek'Sai,-7.11,104
Tahm Kench,,Aurelion Sol,-5.16,460
Tahm Kench,,Janna,-1.55,7410
Tahm Kench,,Zac,-3.59,1057
Tahm Kench,,Brand,-1.86,20853
Tahm Kench,,Rell,-0.85,14010
Tahm Kench,,Senna,-1.49,23115
Tahm Kench,,Sona,-0.41,9215
Tahm Kench,,Braum,-1.03,13177
Tahm Kench,,Nami,-0.91,22073
Tahm Kench,,Seraphine,-1.15,44157
Tahm Kench,,Rakan,-1.52,9372
Tahm Kench,,Zyra,-0.51,13451
Tahm Kench,,Evelynn,-2.26,161
Tahm Kench,,Morgana,-0.56,32602
Tahm Kench,,Swain,-2.16,22911
Tahm Kench,,Soraka,-0.07,14193
Tahm Kench,,Leona,0.59,38867
Tahm Kench,,Thresh,-0.13,44461
Tahm Kench,,Fiddlesticks,-1.10,1924
Tahm Kench,,Shen,-0.70,7041
Tahm Kench,,Alistar,-0.25,13226
Tahm Kench,,Zilean,0.51,8602
Tahm Kench,,LeBlanc,-0.96,2146
Tahm Kench,,Milio,0.62,13912
Tahm Kench,,Poppy,1.16,9734
Tahm Kench,,K'Sante,-7.88,231
Tahm Kench,,Renata Glasc,-0.07,2959
Tahm Kench,,Talon,-6.69,105
Tahm Kench,,Lulu,-0.61,20326
Tahm Kench,,Hwei,-0.19,2588
Tahm Kench,,Zaahen,-3.91,181
Tahm Kench,,Vel'Koz,0.44,13327
Tahm Kench,,Galio,0.70,4715
Tahm Kench,,Elise,0.18,1119
Tahm Kench,,Syndra,-1.53,774
Tahm Kench,,Maokai,1.10,8686
Tahm Kench,,Ivern,-2.30,653
Tahm Kench,,Teemo,0.93,4667
Tahm Kench,,Sion,-0.20,1424
Tahm Kench,,Lux,0.16,54129
Tahm Kench,,Xerath,0.88,13684
Tahm Kench,,Pyke,-1.04,28464
Tahm Kench,,Fizz,-1.53,529
Tahm Kench,,Anivia,-1.77,1909
Tahm Kench,,Annie,0.63,1200
Tahm Kench,,Amumu,2.33,2445
Tahm Kench,,Blitzcrank,1.20,23539
Tahm Kench,,Twisted Fate,-0.19,678
Tahm Kench,,Nautilus,1.12,46029
Tahm Kench,,Ekko,-1.51,441
Tahm Kench,,Taliyah,-1.14,330
Tahm Kench,,Shaco,1.24,5957
Tahm Kench,,Gragas,-0.51,840
Tahm Kench,,Karma,0.56,13470
Tahm Kench,,Nocturne,-3.16,105
Tahm Kench,,Heimerdinger,0.25,1181
Tahm Kench,,Pantheon,1.02,22261
Tahm Kench,,Nunu & Willump,-1.92,578
Tahm Kench,,Briar,-2.23,504
Tahm Kench,,Ziggs,-0.52,1443
Tahm Kench,,Bard,1.03,10583
Tahm Kench,,Skarner,-0.18,744
Tahm Kench,,Neeko,0.07,8430
Tahm Kench,,Nidalee,0.06,971
Tahm Kench,,Jax,-0.41,627
Tahm Kench,,Wukong,0.70,341
Tahm Kench,,Malzahar,-0.51,1013
Tahm Kench,,Singed,-0.06,681
Tahm Kench,,Kayn,-2.96,115
Tahm Kench,,Kayle,0.00,218
Tahm Kench,,Darius,-3.40,468
Tahm Kench,,Veigar,1.14,3995
Tahm Kench,,Kog'Maw,0.97,240
Tahm Kench,,Camille,1.39,18559
Tahm Kench,,Sett,0.63,1797
Tahm Kench,,Cassiopeia,-2.35,174
Tahm Kench,,Zoe,1.01,2342
Tahm Kench,,Sylas,2.43,4675
Tahm Kench,,Cho'Gath,0.65,1690
Tahm Kench,,Ornn,0.03,555
Tahm Kench,,Illaoi,-4.76,253
Tahm Kench,,Jayce,-0.39,221
Tahm Kench,,Yuumi,1.09,15969
Tahm Kench,,Quinn,2.82,274
Tahm Kench,,Ahri,1.58,781
Tahm Kench,,Aatrox,-2.48,308
Tahm Kench,,Jarvan IV,3.29,1634
Tahm Kench,,Lissandra,2.83,830
Tahm Kench,,Master Yi,1.23,433
Tahm Kench,,Urgot,-0.69,146
Tahm Kench,,Malphite,2.60,6213
Tahm Kench,,Volibear,-2.03,296
Tahm Kench,,Rammus,5.94,447
Tahm Kench,,Naafiri,-1.44,266
Tahm Kench,,Mordekaiser,-1.53,502
Tahm Kench,,Lee Sin,-0.24,1171
Tahm Kench,,Yorick,-0.38,241
Tahm Kench,,Vi,3.20,928
Tahm Kench,,Akshan,-2.73,113
Tahm Kench,,Locke,0.84,742
Tahm Kench,,Xin Zhao,1.95,260
Tahm Kench,,Trundle,2.44,600
Tahm Kench,,Viktor,1.82,306
Tahm Kench,,Mel,0.63,15081
Tahm Kench,,Zed,0.52,548
Tahm Kench,,Kai'Sa,-2.91,214
Tahm Kench,,Kennen,5.15,318
Tahm Kench,,Sejuani,5.52,461
Tahm Kench,,Tryndamere,-2.62,114
Tahm Kench,,Vex,4.18,459
Tahm Kench,,Orianna,1.16,306
Tahm Kench,,Yone,-3.23,450
Tahm Kench,,Dr. Mundo,3.75,617
Tahm Kench,,Qiyana,4.24,294
Tahm Kench,,Jinx,-7.50,172
Tahm Kench,,Nasus,0.46,402
Tahm Kench,,Kled,4.08,161
Tahm Kench,,Yasuo,-0.59,661
Tahm Kench,,Vayne,-3.34,218
Tahm Kench,,Gangplank,-6.00,102
Tahm Kench,,Ashe,3.92,4634
Tahm Kench,,Akali,-0.39,151
Tahm Kench,,Garen,-1.16,327
Tahm Kench,,Ezreal,0.67,792
Tahm Kench,,Warwick,2.98,170
Tahm Kench,,Rumble,3.91,149
Tahm Kench,,Twitch,3.15,1770
Tahm Kench,,Rengar,3.55,492
Tahm Kench,,Jhin,2.36,535
Tahm Kench,,Varus,-0.07,232
Tahm Kench,,Miss Fortune,3.45,1943
Tahm Kench,,Katarina,3.54,330
Tahm Kench,,Renekton,1.82,116
Tahm Kench,,Karthus,7.42,291
Tahm Kench,,Diana,5.23,182
Tahm Kench,,Aurora,5.39,170
Tahm Kench,,Riven,3.82,108
Tahm Kench,,Caitlyn,2.62,359
Tahm Kench,,Viego,10.10,185
Tahm Kench,,Smolder,3.62,107
Tahm Kench,,Tristana,3.94,148
Taliyah,,Kog'Maw,-6.49,245
Taliyah,,Master Yi,-7.35,159
Taliyah,,Briar,-2.17,320
Taliyah,,Katarina,-6.02,5446
Taliyah,,Xerath,-3.33,4250
Taliyah,,Neeko,-5.25,382
Taliyah,,Zed,-5.81,6124
Taliyah,,Zyra,-5.39,175
Taliyah,,Zilean,-2.25,285
Taliyah,,Veigar,-2.34,5552
Taliyah,,Brand,-3.63,1005
Taliyah,,Heimerdinger,-0.72,535
Taliyah,,Fizz,-1.52,5030
Taliyah,,Twitch,-5.71,153
Taliyah,,Kennen,-1.73,324
Taliyah,,Karthus,-3.78,146
Taliyah,,Garen,-0.42,427
Taliyah,,Nunu & Willump,-4.53,205
Taliyah,,Karma,-5.27,169
Taliyah,,Lux,-1.03,4474
Taliyah,,Hwei,-1.71,3879
Taliyah,,Viktor,-0.91,8455
Taliyah,,Annie,-1.88,1777
Taliyah,,Gwen,-0.10,922
Taliyah,,Vel'Koz,-1.25,1027
Taliyah,,Morgana,-1.18,614
Taliyah,,Quinn,-0.31,286
Taliyah,,Ekko,-1.29,3250
Taliyah,,Syndra,-1.09,7865
Taliyah,,Nasus,1.90,694
Taliyah,,Rumble,-1.18,117
Taliyah,,Swain,0.08,773
Taliyah,,Locke,-3.00,5132
Taliyah,,Yone,-1.64,7750
Taliyah,,Lissandra,-0.19,3552
Taliyah,,Ziggs,-0.49,853
Taliyah,,Aurora,-1.53,2057
Taliyah,,Gangplank,-0.59,582
Taliyah,,Ahri,0.24,10925
Taliyah,,Yorick,0.37,262
Taliyah,,Anivia,0.01,2043
Taliyah,,Kassadin,0.23,2007
Taliyah,,Talon,-0.90,1763
Taliyah,,Miss Fortune,-4.03,165
Taliyah,,Aurelion Sol,0.58,1688
Taliyah,,Twisted Fate,0.56,4628
Taliyah,,Vladimir,1.17,3169
Taliyah,,Gragas,1.74,385
Taliyah,,Smolder,-2.58,475
Taliyah,,Vex,2.01,3583
Taliyah,,Viego,0.18,243
Taliyah,,Zoe,-0.41,2353
Taliyah,,LeBlanc,-0.06,3454
Taliyah,,Diana,1.52,3766
Taliyah,,Mordekaiser,4.35,240
Taliyah,,Cho'Gath,1.28,469
Taliyah,,Lucian,-6.16,213
Taliyah,,Tryndamere,4.73,417
Taliyah,,Malzahar,3.26,7705
Taliyah,,Jhin,-1.23,246
Taliyah,,Malphite,2.58,630
Taliyah,,Teemo,2.90,304
Taliyah,,Riven,1.85,693
Taliyah,,Xin Zhao,2.23,200
Taliyah,,Tristana,-0.58,872
Taliyah,,Kayle,3.46,404
Taliyah,,Singed,7.18,213
Taliyah,,Naafiri,2.40,2592
Taliyah,,Orianna,-1.38,3004
Taliyah,,Pantheon,3.68,943
Taliyah,,Akshan,1.07,2374
Taliyah,,Galio,2.32,3791
Taliyah,,Zac,5.10,119
Taliyah,,Irelia,2.29,2938
Taliyah,,Akali,1.66,6387
Taliyah,,Sylas,2.16,8777
Taliyah,,Ashe,-2.47,153
Taliyah,,Varus,-1.01,247
Taliyah,,Seraphine,1.51,264
Taliyah,,Jayce,1.68,710
Taliyah,,Azir,0.13,2085
Taliyah,,Ryze,1.13,3190
Taliyah,,Cassiopeia,1.31,1730
Taliyah,,Mel,0.24,3132
Taliyah,,Sion,5.62,598
Taliyah,,Dr. Mundo,3.08,135
Taliyah,,Qiyana,1.21,1941
Taliyah,,Kai'Sa,-0.19,308
Taliyah,,Yasuo,3.46,13195
Taliyah,,Ambessa,5.53,293
Taliyah,,Ezreal,-0.91,541
Taliyah,,Caitlyn,1.90,287
Taliyah,,Wukong,7.33,109
Taliyah,,Corki,1.38,298
Taliyah,,Sett,10.35,164
Taliyah,,Lee Sin,1.99,142
Taliyah,,Renekton,10.11,160
Taliyah,,Vayne,7.55,165
Taliyah,,Aatrox,9.33,175
Talon,,Rammus,-0.52,6858
Talon,,Warwick,-1.14,19309
Talon,,Amumu,-1.39,10646
Talon,,Briar,-0.25,21268
Talon,,Dr. Mundo,-1.40,2852
Talon,,Malphite,-3.28,3917
Talon,,Shyvana,0.32,18162
Talon,,Wukong,-0.15,18992
Talon,,Nasus,-0.83,9068
Talon,,Sejuani,-0.83,6631
Talon,,Gwen,-2.43,2479
Talon,,Bel'Veth,-0.55,14634
Talon,,Darius,-0.62,2935
Talon,,Trundle,-1.04,2459
Talon,,Nocturne,0.13,30563
Talon,,Mordekaiser,1.04,2430
Talon,,Fiddlesticks,-1.22,7690
Talon,,Sion,0.83,767
Talon,,Aatrox,0.08,4042
Talon,,Camille,-6.07,327
Talon,,Taliyah,-1.12,1708
Talon,,Cho'Gath,0.74,1626
Talon,,Rek'Sai,-1.13,3450
Talon,,Ambessa,-1.83,3057
Talon,,Yorick,-0.43,444
Talon,,Poppy,-0.91,2257
Talon,,Zac,-0.30,8017
Talon,,Kayn,-0.01,35071
Talon,,Master Yi,-0.95,26590
Talon,,Maokai,-0.26,1752
Talon,,Vi,-0.27,21080
Talon,,Tryndamere,1.17,1808
Talon,,Evelynn,-0.38,9059
Talon,,Fizz,-0.02,2425
Talon,,Nunu & Willump,-1.36,7375
Talon,,Aurelion Sol,-4.36,232
Talon,,Lee Sin,-2.02,35485
Talon,,Xin Zhao,0.27,12257
Talon,,Jarvan IV,0.48,17998
Talon,,Volibear,0.49,4523
Talon,,Hecarim,-1.37,14013
Talon,,Gragas,-0.64,1792
Talon,,Zyra,1.65,2488
Talon,,Neeko,-2.12,288
Talon,,Diana,-1.10,12396
Talon,,Lillia,1.67,11137
Talon,,Skarner,-1.76,3492
Talon,,Udyr,0.96,6682
Talon,,Quinn,0.52,4945
Talon,,Pantheon,-0.95,3772
Talon,,Teemo,1.54,3806
Talon,,Graves,0.64,41350
Talon,,Sylas,0.13,21736
Talon,,Rumble,-1.28,303
Talon,,Jax,1.37,9005
Talon,,Karthus,-0.43,4336
Talon,,Viego,1.11,43699
Talon,,Shen,1.56,1226
Talon,,Jayce,-0.34,4436
Talon,,Elise,0.98,5102
Talon,,Nidalee,-0.73,7278
Talon,,Kindred,-0.01,7956
Talon,,Ekko,1.72,12851
Talon,,Shaco,1.59,24701
Talon,,Olaf,0.93,1270
Talon,,Kha'Zix,0.32,18820
Talon,,Naafiri,1.67,17253
Talon,,Ivern,1.98,3326
Talon,,Rengar,-4.13,15128
Talon,,Zaahen,3.95,1624
Talon,,Nautilus,-1.42,454
Talon,,Taric,1.50,130
Talon,,Zed,0.73,8749
Talon,,Qiyana,-0.93,10095
Talon,,Morgana,4.04,1136
Talon,,Brand,2.07,865
Talon,,Garen,-2.83,509
Talon,,Sett,3.78,340
Talon,,Singed,3.97,363
Talon,,Yasuo,-5.67,133
Talon,,Yone,0.75,388
Talon,,Jhin,-3.21,325
Talon,,Vayne,3.10,393
Talon,,Locke,0.21,6621
Talon,,Zeri,2.37,143
Talon,,Urgot,5.18,136
Talon,,Twitch,-0.31,925
Talon,,Ornn,5.57,109
Talon,,Riven,5.15,522
Talon,,Kai'Sa,3.75,315
Talon,,Twisted Fate,1.44,120
Taric,,Syndra,-9.25,198
Taric,,Rammus,-3.93,139
Taric,,Janna,-2.63,3834
Taric,,Wukong,-5.94,111
Taric,,Milio,-2.71,5948
Taric,,Morgana,-2.22,9334
Taric,,Hwei,-2.67,788
Taric,,Nami,-1.64,9216
Taric,,Soraka,-1.54,5563
Taric,,Senna,-1.96,8201
Taric,,Zilean,-1.33,3452
Taric,,Sona,-0.65,3777
Taric,,Seraphine,-1.53,13790
Taric,,LeBlanc,-2.53,660
Taric,,Swain,-3.13,6163
Taric,,Rell,-0.45,5328
Taric,,Teemo,-1.11,1382
Taric,,Taliyah,-4.41,136
Taric,,Kennen,-3.42,120
Taric,,Brand,-0.96,5489
Taric,,Zac,-2.11,382
Taric,,Vel'Koz,-0.81,4093
Taric,,Lulu,-1.47,8061
Taric,,Thresh,-0.12,19375
Taric,,Lux,-1.17,14024
Taric,,Leona,0.82,16912
Taric,,Aurelion Sol,-2.95,114
Taric,,Elise,-0.55,457
Taric,,Poppy,1.14,3772
Taric,,Jarvan IV,-1.54,486
Taric,,Rakan,0.10,3845
Taric,,Zyra,0.84,4696
Taric,,Ivern,-2.64,294
Taric,,Xerath,0.34,3630
Taric,,Alistar,0.44,5760
Taric,,Nunu & Willump,-3.77,188
Taric,,Karma,-0.89,5050
Taric,,Fiddlesticks,0.19,685
Taric,,Braum,1.31,5420
Taric,,Galio,1.10,1682
Taric,,Bard,-0.78,4401
Taric,,Annie,0.54,357
Taric,,Veigar,-1.70,1031
Taric,,Shen,0.93,2525
Taric,,Renata Glasc,1.19,1278
Taric,,Jax,-2.02,172
Taric,,Anivia,-1.49,553
Taric,,Maokai,2.04,2982
Taric,,Twisted Fate,-0.22,246
Taric,,Pyke,-0.37,9232
Taric,,Shaco,1.28,1928
Taric,,Neeko,-0.65,2504
Taric,,Heimerdinger,0.25,339
Taric,,Vi,-0.92,285
Taric,,Cho'Gath,-1.42,410
Taric,,Blitzcrank,2.54,8099
Taric,,Nidalee,0.10,307
Taric,,Lissandra,0.39,316
Taric,,Tahm Kench,2.74,5782
Taric,,Vex,-0.06,151
Taric,,Darius,-3.60,113
Taric,,Zoe,0.63,748
Taric,,Malphite,0.69,1424
Taric,,Amumu,4.99,858
Taric,,Nautilus,3.51,19228
Taric,,Trundle,-0.21,135
Taric,,Sion,3.31,467
Taric,,Sylas,2.78,1451
Taric,,Yuumi,1.13,5764
Taric,,Gragas,2.35,251
Taric,,Ashe,0.40,1422
Taric,,Locke,-0.37,197
Taric,,Pantheon,4.05,7512
Taric,,Ziggs,2.17,348
Taric,,Skarner,2.87,254
Taric,,Ekko,2.70,131
Taric,,Fizz,3.51,117
Taric,,Malzahar,2.39,262
Taric,,Camille,3.66,7213
Taric,,Sejuani,4.35,130
Taric,,Mel,0.26,3781
Taric,,Mordekaiser,-1.02,119
Taric,,Singed,3.47,196
Taric,,Nasus,-0.72,108
Taric,,Ornn,3.05,158
Taric,,Jhin,-0.66,163
Taric,,Ezreal,-0.82,196
Taric,,Sett,4.25,361
Taric,,Orianna,1.06,122
Taric,,Zed,1.22,127
Taric,,Miss Fortune,0.43,481
Taric,,Lee Sin,1.84,283
Taric,,Ahri,5.08,220
Taric,,Dr. Mundo,4.18,104
Taric,,Rengar,3.00,163
Taric,,Twitch,3.30,518
Taric,,Briar,5.59,163
Taric,,Yasuo,3.44,124
Taric,,Master Yi,13.62,113
Teemo,,Naafiri,-7.08,6087
Teemo,,Aurelion Sol,-6.00,1940
Teemo,,Annie,-4.84,1744
Teemo,,Hwei,-3.71,1260
Teemo,,Olaf,-5.17,36643
Teemo,,Sion,-5.25,33950
Teemo,,Zac,-3.48,2433
Teemo,,Syndra,-2.86,1895
Teemo,,Fiddlesticks,-4.44,3534
Teemo,,Zyra,-6.18,818
Teemo,,Yorick,-2.50,46637
Teemo,,Ahri,-1.49,1996
Teemo,,Malphite,-2.46,96020
Teemo,,Zed,-2.35,4331
Teemo,,Ornn,-2.35,24390
Teemo,,Karthus,-5.65,964
Teemo,,Anivia,-2.81,4944
Teemo,,Sejuani,-3.66,1432
Teemo,,Kassadin,-2.32,1013
Teemo,,Mordekaiser,-1.61,80598
Teemo,,Viktor,-2.79,3949
Teemo,,Elise,-3.93,474
Teemo,,Maokai,-3.86,3023
Teemo,,Dr. Mundo,-1.77,39587
Teemo,,Kog'Maw,-3.15,941
Teemo,,Yasuo,-3.99,35859
Teemo,,Nasus,-0.25,54021
Teemo,,Galio,-3.11,3111
Teemo,,Ryze,-3.96,7505
Teemo,,Veigar,-1.72,4571
Teemo,,Cho'Gath,-2.54,29589
Teemo,,Wukong,-0.87,5333
Teemo,,Vel'Koz,-0.84,1440
Teemo,,Malzahar,-1.25,10976
Teemo,,Fizz,-3.32,2138
Teemo,,Orianna,-4.26,495
Teemo,,Irelia,-1.97,25683
Teemo,,Tahm Kench,-1.12,20971
Teemo,,Akali,-2.12,23938
Teemo,,Swain,-2.39,6196
Teemo,,Vladimir,-2.65,11706
Teemo,,Urgot,0.04,22666
Teemo,,Brand,-1.05,5180
Teemo,,Sett,0.48,53480
Teemo,,Cassiopeia,-2.13,7189
Teemo,,Aatrox,-1.48,41066
Teemo,,Shen,-0.35,21145
Teemo,,Gangplank,-0.97,32396
Teemo,,Xin Zhao,-2.17,2412
Teemo,,Vex,-0.68,826
Teemo,,Lux,-1.92,1681
Teemo,,Xerath,-3.68,963
Teemo,,Diana,-2.66,2055
Teemo,,Heimerdinger,0.45,28054
Teemo,,Qiyana,-1.39,792
Teemo,,Yone,-0.28,53783
Teemo,,Zilean,1.31,2219
Teemo,,Lissandra,1.02,2661
Teemo,,Katarina,-1.77,1307
Teemo,,Pantheon,-0.38,22000
Teemo,,Rakan,-2.54,100
Teemo,,Singed,2.58,19627
Teemo,,Aurora,-1.08,3934
Teemo,,Nocturne,0.28,739
Teemo,,Sylas,-0.06,6613
Teemo,,Ivern,-3.29,577
Teemo,,Kennen,-0.52,14823
Teemo,,Samira,-6.34,248
Teemo,,Taliyah,0.25,278
Teemo,,Akshan,0.09,1161
Teemo,,Garen,2.34,77711
Teemo,,Azir,0.34,785
Teemo,,Kayle,2.01,20621
Teemo,,Fiora,0.14,21571
Teemo,,Warwick,2.71,8855
Teemo,,LeBlanc,0.08,1287
Teemo,,Jax,1.34,37638
Teemo,,Kled,2.74,10021
Teemo,,Karma,-1.11,1510
Teemo,,Rumble,-1.01,13259
Teemo,,Morgana,0.78,1964
Teemo,,Ekko,-0.58,1426
Teemo,,Poppy,1.71,5057
Teemo,,Zoe,2.35,749
Teemo,,Jarvan IV,-4.12,639
Teemo,,Jayce,-0.91,22531
Teemo,,Gnar,0.31,22607
Teemo,,Evelynn,-1.49,152
Teemo,,Gragas,0.53,11564
Teemo,,Neeko,1.13,1019
Teemo,,Draven,-1.00,954
Teemo,,Mel,-3.64,2254
Teemo,,Talon,-1.56,472
Teemo,,Rammus,-0.95,448
Teemo,,Gwen,1.08,15356
Teemo,,Riven,-0.04,15751
Teemo,,Briar,3.17,2557
Teemo,,Ziggs,0.03,1295
Teemo,,Quinn,2.97,9118
Teemo,,Kayn,0.71,3079
Teemo,,Janna,-0.67,155
Teemo,,Lulu,-4.21,381
Teemo,,Skarner,-2.65,958
Teemo,,Renekton,3.33,33551
Teemo,,Shaco,-0.93,1866
Teemo,,Jhin,-0.07,1578
Teemo,,Senna,0.90,978
Teemo,,Master Yi,0.58,5932
Teemo,,Ambessa,1.63,19493
Teemo,,Rek'Sai,4.35,454
Teemo,,Illaoi,5.03,34028
Teemo,,Darius,2.41,71861
Teemo,,Shyvana,0.07,1308
Teemo,,Trundle,2.94,15152
Teemo,,Udyr,1.54,2810
Teemo,,Miss Fortune,-4.14,741
Teemo,,Smolder,-0.57,2941
Teemo,,Tryndamere,4.46,35877
Teemo,,Caitlyn,-0.54,3254
Teemo,,K'Sante,0.04,13077
Teemo,,Kai'Sa,0.62,1666
Teemo,,Viego,1.29,927
Teemo,,Lee Sin,-2.20,1548
Teemo,,Nautilus,-0.25,731
Teemo,,Locke,-0.21,5507
Teemo,,Vi,0.24,1031
Teemo,,Pyke,-3.39,113
Teemo,,Seraphine,0.85,343
Teemo,,Alistar,-0.43,729
Teemo,,Volibear,5.08,25888
Teemo,,Rengar,-0.18,2147
Teemo,,Varus,3.04,5190
Teemo,,Bel'Veth,-2.11,458
Teemo,,Zaahen,5.52,19505
Teemo,,Graves,1.91,1566
Teemo,,Camille,4.70,10728
Teemo,,Twitch,-1.91,388
Teemo,,Taric,-1.79,223
Teemo,,Xayah,2.40,112
Teemo,,Lillia,1.54,762
Teemo,,Twisted Fate,3.70,1545
Teemo,,Zeri,3.24,229
Teemo,,Kalista,5.42,1548
Teemo,,Aphelios,3.64,284
Teemo,,Hecarim,-5.43,126
Teemo,,Corki,3.01,482
Teemo,,Nunu & Willump,-3.51,183
Teemo,,Ezreal,-0.34,1337
Teemo,,Amumu,-2.20,318
Teemo,,Ashe,3.43,2285
Teemo,,Yunara,-0.83,173
Teemo,,Nidalee,1.63,467
Teemo,,Lucian,1.51,655
Teemo,,Vayne,8.68,31212
Teemo,,Tristana,6.31,1590
Teemo,,Soraka,5.95,385
Teemo,,Leona,-0.55,366
Teemo,,Kindred,1.68,129
Teemo,,Thresh,2.05,377
Teemo,,Braum,-1.24,119
Teemo,,Sivir,2.69,180
Teemo,,Jinx,6.80,371
Teemo,,Blitzcrank,0.17,283
Teemo,,Bard,5.05,114
Thresh,,Taric,0.10,19375
Thresh,,Seraphine,-1.33,128353
Thresh,,Zyra,-0.91,38943
Thresh,,Amumu,-0.50,7026
Thresh,,Morgana,-1.39,102215
Thresh,,Leona,-0.29,121586
Thresh,,Brand,-1.33,51985
Thresh,,Hwei,-1.78,8205
Thresh,,Renata Glasc,-1.32,10776
Thresh,,Rell,-0.16,43009
Thresh,,Zilean,-0.45,29929
Thresh,,Swain,-2.46,56660
Thresh,,Braum,-0.40,54317
Thresh,,Kog'Maw,-3.77,675
Thresh,,Rammus,-0.68,1453
Thresh,,Alistar,-0.66,48256
Thresh,,Taliyah,-3.50,1337
Thresh,,Evelynn,-1.80,487
Thresh,,Soraka,0.27,47380
Thresh,,Sona,0.91,30006
Thresh,,Rakan,-0.25,35260
Thresh,,Senna,0.14,71637
Thresh,,Janna,0.89,31804
Thresh,,Galio,0.24,13962
Thresh,,Maokai,0.49,23724
Thresh,,Vel'Koz,0.02,40054
Thresh,,Sion,-0.69,3943
Thresh,,Shen,0.00,22262
Thresh,,Poppy,1.52,31837
Thresh,,Nami,0.98,83034
Thresh,,Lux,-0.31,144509
Thresh,,Blitzcrank,0.12,80361
Thresh,,Milio,1.30,54159
Thresh,,Fiddlesticks,0.06,5976
Thresh,,Elise,0.33,5158
Thresh,,Xerath,0.63,43639
Thresh,,Teemo,1.03,12009
Thresh,,Tahm Kench,0.12,44461
Thresh,,Heimerdinger,-1.11,3666
Thresh,,Annie,0.26,3453
Thresh,,Ekko,-2.30,1229
Thresh,,Sejuani,-1.08,1229
Thresh,,Neeko,-1.64,23910
Thresh,,Nautilus,0.46,143790
Thresh,,Shaco,0.43,18833
Thresh,,Anivia,-1.47,5914
Thresh,,Veigar,-1.22,9949
Thresh,,Jarvan IV,-0.05,5757
Thresh,,Pantheon,0.56,59457
Thresh,,Gragas,-0.74,2644
Thresh,,Kennen,-0.34,958
Thresh,,Zac,0.52,3335
Thresh,,Aurelion Sol,-0.73,1207
Thresh,,LeBlanc,1.08,8230
Thresh,,Lulu,1.12,83716
Thresh,,Bard,0.33,46202
Thresh,,Twisted Fate,0.33,2609
Thresh,,Lissandra,-0.44,2784
Thresh,,Pyke,0.19,92156
Thresh,,Vex,-1.37,1311
Thresh,,Karma,0.97,56647
Thresh,,Syndra,0.48,2657
Thresh,,Ornn,-1.65,1380
Thresh,,Ahri,-0.48,2083
Thresh,,Rek'Sai,-0.08,367
Thresh,,Zoe,-0.20,8022
Thresh,,Fiora,-3.59,273
Thresh,,Malzahar,-0.84,2459
Thresh,,Nidalee,0.29,3075
Thresh,,Ziggs,-0.05,3876
Thresh,,Sett,-0.22,4266
Thresh,,Wukong,0.78,1211
Thresh,,Zaahen,-0.92,553
Thresh,,Dr. Mundo,-0.91,1195
Thresh,,Cassiopeia,-3.07,397
Thresh,,Camille,0.85,62347
Thresh,,Malphite,0.41,13004
Thresh,,Sylas,1.95,16456
Thresh,,Trundle,-0.52,1390
Thresh,,Jax,0.50,1862
Thresh,,Kayle,0.04,610
Thresh,,Qiyana,0.07,1024
Thresh,,Xin Zhao,-0.83,759
Thresh,,Singed,0.55,1828
Thresh,,Ivern,1.27,2072
Thresh,,Skarner,1.29,2403
Thresh,,Vi,1.09,2681
Thresh,,Mel,-1.84,38782
Thresh,,Viktor,-0.32,762
Thresh,,Karthus,0.07,730
Thresh,,Cho'Gath,1.23,3639
Thresh,,Diana,-1.97,544
Thresh,,Jayce,0.15,889
Thresh,,Master Yi,1.05,1161
Thresh,,Fizz,2.82,1426
Thresh,,Yuumi,1.86,52881
Thresh,,Nunu & Willump,1.16,1911
Thresh,,Akali,-3.80,432
Thresh,,Nasus,-2.25,1339
Thresh,,Ashe,0.94,13301
Thresh,,K'Sante,-2.13,823
Thresh,,Volibear,-1.98,597
Thresh,,Warwick,-0.54,402
Thresh,,Locke,0.53,2174
Thresh,,Viego,0.38,547
Thresh,,Kled,2.01,517
Thresh,,Quinn,4.54,831
Thresh,,Katarina,-1.27,876
Thresh,,Mordekaiser,-1.05,1143
Thresh,,Briar,1.86,1221
Thresh,,Zed,0.25,1817
Thresh,,Darius,-0.07,1149
Thresh,,Ezreal,-1.21,3237
Thresh,,Ambessa,-1.80,261
Thresh,,Olaf,-2.03,197
Thresh,,Rumble,1.71,529
Thresh,,Urgot,1.66,367
Thresh,,Aatrox,0.52,973
Thresh,,Yorick,1.26,541
Thresh,,Akshan,-1.18,438
Thresh,,Varus,-2.66,532
Thresh,,Miss Fortune,0.48,5159
Thresh,,Orianna,1.38,956
Thresh,,Garen,-2.08,655
Thresh,,Ryze,-1.75,190
Thresh,,Lee Sin,2.15,3750
Thresh,,Kha'Zix,-0.42,108
Thresh,,Rengar,1.96,1456
Thresh,,Naafiri,1.68,786
Thresh,,Yasuo,0.11,1650
Thresh,,Lillia,3.94,159
Thresh,,Twitch,2.27,5615
Thresh,,Jhin,1.36,1509
Thresh,,Riven,0.03,320
Thresh,,Illaoi,0.67,479
Thresh,,Tryndamere,-0.21,350
Thresh,,Nocturne,4.93,257
Thresh,,Kayn,3.62,227
Thresh,,Talon,3.44,268
Thresh,,Udyr,3.13,210
Thresh,,Aurora,3.78,441
Thresh,,Renekton,2.19,228
Thresh,,Lucian,-3.57,186
Thresh,,Gnar,3.22,224
Thresh,,Gangplank,-1.51,298
Thresh,,Graves,3.27,184
Thresh,,Kai'Sa,3.56,661
Thresh,,Smolder,-0.37,278
Thresh,,Tristana,-0.10,325
Thresh,,Vayne,3.05,441
Thresh,,Yone,3.82,922
Thresh,,Jinx,-0.15,338
Thresh,,Vladimir,2.49,151
Thresh,,Caitlyn,3.56,908
Thresh,,Kalista,-0.56,149
Thresh,,Azir,4.92,232
Thresh,,Irelia,4.29,138
Thresh,,Yunara,1.23,102
Thresh,,Bel'Veth,10.71,193
Thresh,,Draven,6.42,119
Tristana,,Veigar,-1.80,22236
Tristana,,Karthus,-1.00,3283
Tristana,,Teemo,-2.85,3045
Tristana,,Heimerdinger,-1.22,1699
Tristana,,Brand,-1.55,9086
Tristana,,Mordekaiser,-4.79,421
Tristana,,Nilah,-0.91,11452
Tristana,,Shen,-2.37,240
Tristana,,Tahm Kench,0.08,2021
Tristana,,Annie,-3.80,645
Tristana,,Tryndamere,-4.56,222
Tristana,,Swain,0.04,8659
Tristana,,Galio,-6.50,234
Tristana,,Vladimir,-1.37,3891
Tristana,,Seraphine,0.28,19641
Tristana,,Quinn,-3.86,827
Tristana,,Lux,0.08,9588
Tristana,,Fizz,-2.32,567
Tristana,,Zyra,-0.94,1109
Tristana,,Master Yi,0.24,1036
Tristana,,Kled,-3.01,149
Tristana,,Xerath,0.26,20965
Tristana,,Fiora,0.14,477
Tristana,,Viktor,-0.07,20955
Tristana,,Smolder,-0.18,46213
Tristana,,Kog'Maw,0.37,15750
Tristana,,Miss Fortune,-1.01,173978
Tristana,,Hwei,0.98,9310
Tristana,,Ziggs,0.22,37504
Tristana,,Gragas,-7.38,127
Tristana,,Vi,-7.02,133
Tristana,,Syndra,-1.56,19193
Tristana,,Xayah,-0.41,35727
Tristana,,Vel'Koz,0.89,4968
Tristana,,Yasuo,-0.20,14987
Tristana,,Zaahen,-4.70,120
Tristana,,Malzahar,0.24,4384
Tristana,,Samira,-0.81,48783
Tristana,,Gwen,1.71,482
Tristana,,Zed,-2.12,649
Tristana,,Ahri,-0.53,1413
Tristana,,Sivir,-0.51,29333
Tristana,,Jinx,0.72,126247
Tristana,,Aurora,-2.21,715
Tristana,,Naafiri,-0.14,793
Tristana,,Vex,-1.19,771
Tristana,,Caitlyn,-1.01,193304
Tristana,,Aurelion Sol,2.80,3967
Tristana,,Aphelios,-0.56,29715
Tristana,,Jax,-3.00,297
Tristana,,Corki,-1.41,13557
Tristana,,Cassiopeia,-1.55,2970
Tristana,,Zeri,1.14,23014
Tristana,,Twitch,1.21,53997
Tristana,,Draven,-0.91,29460
Tristana,,Nasus,-2.24,309
Tristana,,Briar,1.36,352
Tristana,,Ambessa,-0.86,175
Tristana,,Singed,2.45,442
Tristana,,Kai'Sa,0.06,155812
Tristana,,Vayne,0.59,54303
Tristana,,Qiyana,-1.22,208
Tristana,,Urgot,-1.98,257
Tristana,,Sett,1.60,500
Tristana,,Taliyah,-1.35,1581
Tristana,,Ekko,0.05,592
Tristana,,Yone,0.51,2224
Tristana,,Senna,2.68,18623
Tristana,,Riven,0.43,329
Tristana,,Katarina,3.49,5599
Tristana,,Malphite,-4.72,457
Tristana,,Lucian,-0.46,62067
Tristana,,Ashe,1.07,82938
Tristana,,Jhin,1.05,150780
Tristana,,Yunara,0.57,46520
Tristana,,Viego,2.85,1451
Tristana,,Mel,-1.23,30038
Tristana,,Ryze,0.17,593
Tristana,,Olaf,4.94,542
Tristana,,Akshan,1.02,1207
Tristana,,Zoe,-1.11,551
Tristana,,Graves,0.81,479
Tristana,,Anivia,1.92,1021
Tristana,,Ezreal,-0.01,112159
Tristana,,Xin Zhao,-0.38,242
Tristana,,Dr. Mundo,1.45,353
Tristana,,Locke,0.46,1756
Tristana,,Varus,0.46,24530
Tristana,,Cho'Gath,0.55,734
Tristana,,Sion,3.17,888
Tristana,,Lissandra,1.56,660
Tristana,,Irelia,2.56,1079
Tristana,,Kalista,2.72,14231
Tristana,,Soraka,-3.20,108
Tristana,,Sylas,0.12,1484
Tristana,,Talon,-0.80,106
Tristana,,Yorick,1.48,274
Tristana,,Kindred,0.59,462
Tristana,,Pantheon,0.91,688
Tristana,,Neeko,0.01,449
Tristana,,LeBlanc,-0.90,460
Tristana,,Kennen,0.67,286
Tristana,,Wukong,3.62,181
Tristana,,Twisted Fate,1.43,1427
Tristana,,Kayle,4.70,344
Tristana,,Jayce,0.97,758
Tristana,,Orianna,1.32,590
Tristana,,Gnar,-3.06,173
Tristana,,Morgana,3.31,1072
Tristana,,Karma,-1.20,169
Tristana,,Trundle,0.92,143
Tristana,,Lee Sin,-1.66,216
Tristana,,Zilean,5.10,277
Tristana,,Jarvan IV,3.07,201
Tristana,,Darius,1.79,362
Tristana,,Aatrox,1.72,308
Tristana,,Kayn,3.10,109
Tristana,,Diana,3.62,350
Tristana,,Azir,3.80,405
Tristana,,Gangplank,4.34,251
Tristana,,Akali,1.87,659
Tristana,,Volibear,7.09,139
Tristana,,Shaco,-1.36,113
Tristana,,Camille,3.13,141
Tristana,,Nidalee,2.03,263
Tristana,,Thresh,-3.42,266
Tristana,,Rengar,5.21,500
Tristana,,Garen,8.42,325
Tristana,,Illaoi,7.82,109
Tristana,,Sona,6.42,102
Tristana,,Pyke,8.38,212
Tristana,,Nautilus,1.15,127
Tristana,,Blitzcrank,0.65,184
Tristana,,Lulu,4.05,111
Trundle,,Lux,-8.45,190
Trundle,,Annie,-5.94,153
Trundle,,Zoe,-5.46,118
Trundle,,Lissandra,-4.83,487
Trundle,,Hwei,-4.10,161
Trundle,,Teemo,-2.94,15152
Trundle,,Zac,-2.35,674
Trundle,,Jax,-3.76,17810
Trundle,,Malphite,-2.50,15903
Trundle,,Briar,-2.61,833
Trundle,,Singed,-0.77,5260
Trundle,,Kayle,-1.91,5353
Trundle,,Quinn,-2.93,1643
Trundle,,Heimerdinger,-2.15,5132
Trundle,,Aurora,-3.91,636
Trundle,,Draven,-5.75,191
Trundle,,Zilean,-1.04,576
Trundle,,Mordekaiser,-0.68,28452
Trundle,,Tryndamere,-1.65,9995
Trundle,,Kled,-0.87,3116
Trundle,,Nasus,0.29,17774
Trundle,,Warwick,-0.05,4083
Trundle,,Shen,-0.99,7852
Trundle,,Gragas,-3.15,3247
Trundle,,Tahm Kench,-1.24,7586
Trundle,,Gnar,-2.95,5660
Trundle,,Wukong,-0.08,1715
Trundle,,Ornn,-0.02,7541
Trundle,,Ahri,1.19,276
Trundle,,Volibear,-1.22,10418
Trundle,,Brand,-1.02,775
Trundle,,Urgot,0.34,6376
Trundle,,Aatrox,-1.40,10021
Trundle,,Vayne,-2.23,6307
Trundle,,Syndra,1.10,128
Trundle,,Akali,-1.65,4582
Trundle,,Maokai,-1.49,911
Trundle,,Sejuani,-0.86,484
Trundle,,Anivia,0.27,844
Trundle,,Vel'Koz,0.79,186
Trundle,,Aurelion Sol,0.28,286
Trundle,,Senna,-2.72,192
Trundle,,Swain,-1.36,1322
Trundle,,Sett,1.44,18441
Trundle,,Veigar,0.40,520
Trundle,,Garen,1.64,22006
Trundle,,Jhin,-3.17,283
Trundle,,Kennen,-0.61,2512
Trundle,,Neeko,-0.53,153
Trundle,,Rek'Sai,1.38,157
Trundle,,Poppy,0.40,1859
Trundle,,Illaoi,2.19,9853
Trundle,,Pantheon,0.19,5147
Trundle,,Renekton,0.82,10239
Trundle,,Yone,0.83,16825
Trundle,,Graves,-3.13,468
Trundle,,Darius,-0.26,19705
Trundle,,Cho'Gath,0.32,7545
Trundle,,Ryze,-0.84,839
Trundle,,Zaahen,0.87,5849
Trundle,,Lillia,-3.75,207
Trundle,,Morgana,0.11,322
Trundle,,Karma,-1.45,246
Trundle,,Vladimir,-0.23,1632
Trundle,,Jayce,-1.64,4660
Trundle,,Gangplank,1.29,8104
Trundle,,Tristana,-2.75,383
Trundle,,Riven,-0.99,4306
Trundle,,Dr. Mundo,2.88,14052
Trundle,,LeBlanc,0.61,171
Trundle,,Yorick,3.16,14248
Trundle,,Sylas,1.21,1371
Trundle,,Sion,1.77,8217
Trundle,,Qiyana,0.72,151
Trundle,,Ambessa,0.16,5366
Trundle,,Shyvana,-1.54,435
Trundle,,Rumble,-0.56,2388
Trundle,,Rammus,-1.07,235
Trundle,,Malzahar,2.55,1352
Trundle,,Camille,1.23,3700
Trundle,,Cassiopeia,1.20,630
Trundle,,Kog'Maw,2.10,219
Trundle,,Alistar,-3.10,211
Trundle,,Twisted Fate,-0.36,385
Trundle,,Zed,3.74,702
Trundle,,Smolder,-1.73,663
Trundle,,Zyra,0.54,106
Trundle,,Viktor,3.07,287
Trundle,,Kayn,0.81,960
Trundle,,Galio,2.22,388
Trundle,,Fizz,1.23,214
Trundle,,Fiddlesticks,3.60,710
Trundle,,Gwen,2.06,5260
Trundle,,Akshan,3.00,267
Trundle,,Elise,2.87,121
Trundle,,Fiora,2.76,7337
Trundle,,Kalista,1.77,304
Trundle,,Naafiri,4.43,823
Trundle,,Yasuo,2.25,7618
Trundle,,Irelia,3.44,7391
Trundle,,Ivern,0.28,167
Trundle,,Lucian,-4.09,163
Trundle,,Udyr,2.02,900
Trundle,,Ashe,-0.91,507
Trundle,,Nautilus,-0.63,228
Trundle,,Viego,1.29,252
Trundle,,Kassadin,5.49,151
Trundle,,Caitlyn,-0.24,570
Trundle,,K'Sante,0.33,5212
Trundle,,Katarina,2.80,158
Trundle,,Locke,-0.22,1221
Trundle,,Varus,2.26,1183
Trundle,,Azir,4.41,161
Trundle,,Nocturne,4.94,212
Trundle,,Xin Zhao,3.85,670
Trundle,,Master Yi,2.43,1786
Trundle,,Shaco,1.15,478
Trundle,,Karthus,3.43,146
Trundle,,Ekko,3.24,279
Trundle,,Nidalee,-1.53,118
Trundle,,Bel'Veth,-1.81,136
Trundle,,Olaf,6.13,10251
Trundle,,Kai'Sa,3.38,400
Trundle,,Leona,-4.89,119
Trundle,,Lee Sin,1.45,362
Trundle,,Skarner,2.62,330
Trundle,,Mel,2.70,194
Trundle,,Diana,6.50,197
Trundle,,Jarvan IV,3.37,140
Trundle,,Miss Fortune,1.54,109
Trundle,,Rengar,4.05,602
Trundle,,Vi,7.45,307
Trundle,,Thresh,1.42,106
Trundle,,Ziggs,9.62,135
Trundle,,Corki,8.24,111
Trundle,,Ezreal,7.17,267
Tryndamere,,Zoe,-6.77,240
Tryndamere,,Draven,-9.92,520
Tryndamere,,Malphite,-5.51,46896
Tryndamere,,Teemo,-4.46,35877
Tryndamere,,Nasus,-3.44,31473
Tryndamere,,Senna,-7.25,410
Tryndamere,,Tahm Kench,-3.56,13946
Tryndamere,,Singed,-1.13,11057
Tryndamere,,Quinn,-3.47,4007
Tryndamere,,Brand,-3.54,2025
Tryndamere,,Vex,-3.25,195
Tryndamere,,Ahri,-1.02,578
Tryndamere,,Syndra,-1.35,270
Tryndamere,,Warwick,-1.49,7622
Tryndamere,,Zac,-0.98,1330
Tryndamere,,Cassiopeia,-3.91,1449
Tryndamere,,Vel'Koz,-1.61,413
Tryndamere,,Jax,-2.49,34768
Tryndamere,,Volibear,-2.40,18008
Tryndamere,,Poppy,-2.09,4483
Tryndamere,,Urgot,-0.60,13055
Tryndamere,,Sett,-0.34,34120
Tryndamere,,Hwei,-0.14,352
Tryndamere,,Elise,-2.57,266
Tryndamere,,Sejuani,-1.81,816
Tryndamere,,Kled,-0.27,6257
Tryndamere,,Ornn,-0.15,10634
Tryndamere,,Darius,-2.39,39112
Tryndamere,,Viktor,-0.91,703
Tryndamere,,Gragas,-2.80,7778
Tryndamere,,Lissandra,-0.03,1106
Tryndamere,,Wukong,0.17,3190
Tryndamere,,Nautilus,-5.79,396
Tryndamere,,Heimerdinger,-0.10,10611
Tryndamere,,Anivia,-0.15,1919
Tryndamere,,Briar,-0.08,1536
Tryndamere,,Zilean,0.80,1213
Tryndamere,,Akshan,-1.23,548
Tryndamere,,Vayne,-1.85,11780
Tryndamere,,Aatrox,-0.92,22631
Tryndamere,,Zaahen,-0.53,12857
Tryndamere,,Illaoi,1.22,18509
Tryndamere,,Shen,0.42,14195
Tryndamere,,Rek'Sai,0.77,309
Tryndamere,,Gnar,-1.80,11224
Tryndamere,,Karthus,-2.23,273
Tryndamere,,Renekton,0.07,19143
Tryndamere,,Dr. Mundo,1.22,20370
Tryndamere,,LeBlanc,-0.95,339
Tryndamere,,Cho'Gath,-0.40,12945
Tryndamere,,Sion,0.17,11322
Tryndamere,,Pantheon,-0.26,11642
Tryndamere,,Mordekaiser,1.85,52798
Tryndamere,,Kayle,1.48,12530
Tryndamere,,Kennen,-0.64,4468
Tryndamere,,Xerath,-2.62,131
Tryndamere,,Kassadin,1.59,303
Tryndamere,,Fiddlesticks,0.90,1681
Tryndamere,,Maokai,0.01,1602
Tryndamere,,Taliyah,0.44,101
Tryndamere,,Rammus,-2.39,1006
Tryndamere,,Camille,-0.11,7984
Tryndamere,,Akali,0.21,10723
Tryndamere,,Veigar,1.62,987
Tryndamere,,Karma,-1.39,528
Tryndamere,,Aurora,0.08,1205
Tryndamere,,Kalista,-0.57,761
Tryndamere,,Nocturne,1.50,381
Tryndamere,,Garen,3.29,55008
Tryndamere,,Vladimir,0.31,3403
Tryndamere,,Annie,2.78,325
Tryndamere,,Yorick,3.46,31711
Tryndamere,,Swain,0.86,2459
Tryndamere,,Graves,-1.88,1086
Tryndamere,,Gangplank,2.16,23883
Tryndamere,,Skarner,-3.48,590
Tryndamere,,Ryze,0.55,1706
Tryndamere,,Trundle,1.64,9995
Tryndamere,,Lux,1.21,361
Tryndamere,,Aurelion Sol,3.43,540
Tryndamere,,Azir,2.48,312
Tryndamere,,Morgana,2.14,679
Tryndamere,,Riven,0.64,9177
Tryndamere,,Zed,4.48,1565
Tryndamere,,K'Sante,-0.90,10413
Tryndamere,,Jayce,0.43,15128
Tryndamere,,Yone,3.38,38188
Tryndamere,,Olaf,3.58,14845
Tryndamere,,Ekko,1.04,640
Tryndamere,,Udyr,1.32,1793
Tryndamere,,Varus,1.18,2296
Tryndamere,,Rumble,1.11,6020
Tryndamere,,Alistar,-1.69,503
Tryndamere,,Sylas,3.41,3264
Tryndamere,,Galio,3.16,662
Tryndamere,,Fiora,3.23,17503
Tryndamere,,Malzahar,4.45,2712
Tryndamere,,Kog'Maw,4.07,371
Tryndamere,,Ambessa,2.70,13114
Tryndamere,,Zyra,2.56,197
Tryndamere,,Irelia,4.07,13454
Tryndamere,,Caitlyn,0.03,1075
Tryndamere,,Neeko,3.79,305
Tryndamere,,Smolder,0.39,1386
Tryndamere,,Kayn,2.57,1911
Tryndamere,,Yasuo,3.16,16454
Tryndamere,,Gwen,3.57,11488
Tryndamere,,Taric,-2.76,158
Tryndamere,,Twisted Fate,2.31,873
Tryndamere,,Jhin,1.95,591
Tryndamere,,Locke,0.78,2512
Tryndamere,,Ashe,0.58,978
Tryndamere,,Naafiri,6.43,1640
Tryndamere,,Shyvana,2.27,793
Tryndamere,,Xin Zhao,4.80,1284
Tryndamere,,Qiyana,5.02,365
Tryndamere,,Kai'Sa,2.50,722
Tryndamere,,Lulu,-1.07,176
Tryndamere,,Katarina,4.47,341
Tryndamere,,Ivern,2.67,303
Tryndamere,,Vi,1.95,560
Tryndamere,,Viego,3.50,500
Tryndamere,,Jinx,0.02,124
Tryndamere,,Lillia,2.02,378
Tryndamere,,Diana,4.73,419
Tryndamere,,Lee Sin,0.12,883
Tryndamere,,Aphelios,3.22,114
Tryndamere,,Tristana,3.27,780
Tryndamere,,Master Yi,4.77,3767
Tryndamere,,Shaco,3.58,924
Tryndamere,,Lucian,-0.37,301
Tryndamere,,Ezreal,-0.16,447
Tryndamere,,Rengar,2.55,1189
Tryndamere,,Mel,2.55,412
Tryndamere,,Jarvan IV,2.60,348
Tryndamere,,Nidalee,1.72,288
Tryndamere,,Fizz,7.54,556
Tryndamere,,Leona,-2.66,201
Tryndamere,,Soraka,5.37,167
Tryndamere,,Miss Fortune,2.60,224
Tryndamere,,Zeri,7.14,116
Tryndamere,,Ziggs,8.12,272
Tryndamere,,Talon,6.98,203
Tryndamere,,Corki,6.98,244
Tryndamere,,Thresh,1.24,200
Tryndamere,,Bel'Veth,4.34,276
Tryndamere,,Blitzcrank,-0.34,117
Tryndamere,,Amumu,6.01,146
Tryndamere,,Twitch,12.29,147
Twisted Fate,,Nocturne,-3.77,419
Twisted Fate,,Quinn,-3.02,1225
Twisted Fate,,Fiora,-2.94,263
Twisted Fate,,Gwen,-2.14,2818
Twisted Fate,,Xin Zhao,-3.40,828
Twisted Fate,,Shen,-2.75,359
Twisted Fate,,Swain,-2.15,3541
Twisted Fate,,Fizz,-1.80,25208
Twisted Fate,,Olaf,-2.41,269
Twisted Fate,,Teemo,-2.14,1532
Twisted Fate,,Briar,0.62,1377
Twisted Fate,,Singed,2.15,995
Twisted Fate,,Naafiri,-2.63,9712
Twisted Fate,,Tahm Kench,-1.68,310
Twisted Fate,,Yorick,-2.29,1013
Twisted Fate,,Mordekaiser,0.90,766
Twisted Fate,,Kled,0.92,432
Twisted Fate,,Morgana,-1.38,2504
Twisted Fate,,Pantheon,-0.56,3915
Twisted Fate,,Xerath,0.07,18577
Twisted Fate,,Yasuo,-3.00,35373
Twisted Fate,,Jax,-2.44,564
Twisted Fate,,Veigar,0.05,22300
Twisted Fate,,Diana,-1.27,14949
Twisted Fate,,Elise,-2.07,119
Twisted Fate,,Pyke,-6.12,240
Twisted Fate,,Zeri,-4.38,217
Twisted Fate,,Hwei,-0.74,15397
Twisted Fate,,Ambessa,-0.35,972
Twisted Fate,,Brand,-0.72,4551
Twisted Fate,,Vel'Koz,-0.48,3393
Twisted Fate,,Kennen,0.37,1127
Twisted Fate,,Tryndamere,2.36,1660
Twisted Fate,,Viego,-1.84,1019
Twisted Fate,,Sett,2.06,624
Twisted Fate,,Zilean,1.19,1093
Twisted Fate,,Zed,-1.74,32699
Twisted Fate,,Gnar,-4.83,142
Twisted Fate,,Aurelion Sol,-0.55,6706
Twisted Fate,,Lux,0.55,18518
Twisted Fate,,Kassadin,-0.76,8266
Twisted Fate,,Malzahar,1.03,38162
Twisted Fate,,Ahri,-0.21,41075
Twisted Fate,,Karthus,-1.30,679
Twisted Fate,,Jinx,-3.74,177
Twisted Fate,,Ziggs,-0.40,3923
Twisted Fate,,Nasus,2.93,3178
Twisted Fate,,Nunu & Willump,-2.25,1217
Twisted Fate,,Gangplank,-0.65,2214
Twisted Fate,,Locke,-2.08,22046
Twisted Fate,,Wukong,0.44,391
Twisted Fate,,Syndra,0.18,29971
Twisted Fate,,Dr. Mundo,-1.49,557
Twisted Fate,,Viktor,0.77,38474
Twisted Fate,,Katarina,-0.77,24696
Twisted Fate,,Annie,-0.07,7150
Twisted Fate,,Vladimir,0.66,12138
Twisted Fate,,Sion,1.26,2569
Twisted Fate,,Rumble,0.33,519
Twisted Fate,,Fiddlesticks,1.74,342
Twisted Fate,,Irelia,-0.43,10192
Twisted Fate,,Lissandra,0.79,15489
Twisted Fate,,Neeko,0.22,1483
Twisted Fate,,Sylas,-0.55,39053
Twisted Fate,,Anivia,0.14,9176
Twisted Fate,,Sejuani,-0.72,166
Twisted Fate,,Ornn,-0.74,239
Twisted Fate,,Master Yi,-0.22,703
Twisted Fate,,Yone,-0.01,32322
Twisted Fate,,Zyra,-0.21,817
Twisted Fate,,Vex,1.69,13811
Twisted Fate,,Ekko,1.07,11749
Twisted Fate,,Gragas,1.98,1192
Twisted Fate,,Warwick,1.49,135
Twisted Fate,,Aurora,-0.17,8414
Twisted Fate,,Akshan,-0.20,8078
Twisted Fate,,Galio,0.79,18616
Twisted Fate,,Talon,0.07,9230
Twisted Fate,,Kayle,2.55,1228
Twisted Fate,,Garen,3.81,1834
Twisted Fate,,Heimerdinger,4.59,1870
Twisted Fate,,Twitch,-1.09,681
Twisted Fate,,Zoe,0.14,10639
Twisted Fate,,Zac,3.88,440
Twisted Fate,,Vi,0.55,355
Twisted Fate,,Kog'Maw,2.39,963
Twisted Fate,,Aatrox,0.39,658
Twisted Fate,,Taliyah,-0.56,4628
Twisted Fate,,Urgot,1.68,213
Twisted Fate,,Qiyana,-1.20,7068
Twisted Fate,,Jayce,-0.20,3169
Twisted Fate,,LeBlanc,0.97,18118
Twisted Fate,,Kai'Sa,-2.45,1363
Twisted Fate,,Riven,2.47,1734
Twisted Fate,,Tristana,-0.11,4202
Twisted Fate,,Seraphine,0.38,929
Twisted Fate,,Mel,-1.37,15911
Twisted Fate,,Malphite,3.58,3085
Twisted Fate,,Kalista,3.01,275
Twisted Fate,,Jarvan IV,2.43,403
Twisted Fate,,Miss Fortune,-1.18,761
Twisted Fate,,Senna,-2.11,183
Twisted Fate,,Orianna,-0.17,12726
Twisted Fate,,Illaoi,5.15,346
Twisted Fate,,Ryze,0.92,14334
Twisted Fate,,Cho'Gath,3.87,1937
Twisted Fate,,Jhin,1.18,1099
Twisted Fate,,Caitlyn,0.02,1226
Twisted Fate,,Akali,2.86,30849
Twisted Fate,,Cassiopeia,1.67,6294
Twisted Fate,,Kayn,2.86,119
Twisted Fate,,Lee Sin,-0.75,520
Twisted Fate,,Aphelios,1.25,204
Twisted Fate,,Varus,0.27,1171
Twisted Fate,,Nidalee,0.81,199
Twisted Fate,,Vayne,3.40,761
Twisted Fate,,Azir,1.39,7453
Twisted Fate,,Graves,2.43,383
Twisted Fate,,Smolder,2.47,2614
Twisted Fate,,Corki,0.32,1300
Twisted Fate,,Kindred,0.57,130
Twisted Fate,,Camille,4.46,203
Twisted Fate,,Volibear,4.57,183
Twisted Fate,,Shaco,1.62,103
Twisted Fate,,Renekton,7.57,664
Twisted Fate,,K'Sante,3.58,280
Twisted Fate,,Draven,3.24,299
Twisted Fate,,Rakan,5.39,102
Twisted Fate,,Zaahen,6.01,233
Twisted Fate,,Samira,1.27,189
Twisted Fate,,Ezreal,0.42,2565
Twisted Fate,,Karma,4.79,548
Twisted Fate,,Ashe,1.71,625
Twisted Fate,,Yunara,-0.56,132
Twisted Fate,,Nautilus,2.64,130
Twisted Fate,,Bel'Veth,0.27,133
Twisted Fate,,Sivir,2.73,327
Twisted Fate,,Trundle,8.49,104
Twisted Fate,,Darius,9.63,306
Twisted Fate,,Lulu,4.28,116
Twisted Fate,,Lucian,4.43,1103
Twisted Fate,,Udyr,9.45,159
Twitch,,Sett,-10.03,277
Twitch,,Tahm Kench,-7.74,1383
Twitch,,Shen,-9.89,154
Twitch,,Gwen,-7.18,314
Twitch,,Master Yi,-6.86,657
Twitch,,Nilah,-6.20,9943
Twitch,,Olaf,-6.27,377
Twitch,,Heimerdinger,-3.12,1087
Twitch,,Tryndamere,-7.65,167
Twitch,,Urgot,-8.04,171
Twitch,,Ambessa,-6.40,113
Twitch,,Karthus,-1.49,2378
Twitch,,Fiora,-2.92,369
Twitch,,Sion,-5.84,536
Twitch,,Katarina,-2.61,4585
Twitch,,Irelia,-6.40,713
Twitch,,Aurelion Sol,-1.68,2576
Twitch,,Yasuo,-3.68,10143
Twitch,,Vladimir,-2.88,2783
Twitch,,Viego,-2.97,664
Twitch,,Swain,-1.15,5920
Twitch,,Vex,-4.87,411
Twitch,,Teemo,-2.44,1875
Twitch,,Mordekaiser,-4.56,309
Twitch,,Brand,-0.63,6132
Twitch,,Riven,-3.54,237
Twitch,,Yone,-3.29,1272
Twitch,,Zyra,-1.74,752
Twitch,,Viktor,-0.54,13462
Twitch,,Samira,-2.09,33210
Twitch,,Naafiri,-1.70,523
Twitch,,Seraphine,0.93,12848
Twitch,,Xerath,0.21,11468
Twitch,,Garen,-5.63,222
Twitch,,Veigar,1.35,14192
Twitch,,Annie,-2.55,461
Twitch,,Lux,0.73,6624
Twitch,,Kog'Maw,0.32,11470
Twitch,,Graves,-4.15,326
Twitch,,Tristana,-1.21,53997
Twitch,,Akshan,-3.27,842
Twitch,,Hwei,1.13,6215
Twitch,,Ekko,-1.96,397
Twitch,,Xayah,0.09,20723
Twitch,,Ziggs,0.92,21945
Twitch,,Syndra,-0.94,12574
Twitch,,Vel'Koz,1.38,3348
Twitch,,Ahri,-0.48,830
Twitch,,Darius,-6.00,274
Twitch,,Dr. Mundo,-2.63,226
Twitch,,Pyke,-6.95,111
Twitch,,Lissandra,-3.02,394
Twitch,,Yorick,-3.42,190
Twitch,,Miss Fortune,0.09,98941
Twitch,,Kai'Sa,-0.97,88805
Twitch,,Aurora,-1.98,489
Twitch,,Draven,-1.51,20833
Twitch,,Aatrox,-5.93,181
Twitch,,Cho'Gath,-3.63,403
Twitch,,Malzahar,1.16,3196
Twitch,,Briar,0.88,280
Twitch,,Vayne,0.05,37143
Twitch,,Xin Zhao,-3.67,178
Twitch,,Anivia,-1.26,715
Twitch,,Smolder,1.71,31350
Twitch,,Senna,2.00,12065
Twitch,,Caitlyn,-0.24,115944
Twitch,,Pantheon,-3.13,449
Twitch,,Corki,-0.94,6899
Twitch,,Zeri,1.48,13890
Twitch,,Zed,-0.84,409
Twitch,,Zilean,-1.04,219
Twitch,,Singed,2.46,248
Twitch,,Diana,-3.46,217
Twitch,,Lucian,-0.94,36339
Twitch,,Twisted Fate,-2.60,1028
Twitch,,Jinx,2.39,85579
Twitch,,Kennen,-3.11,209
Twitch,,Qiyana,-0.61,132
Twitch,,Yunara,0.40,27422
Twitch,,Mel,-1.45,18346
Twitch,,Jax,-1.41,183
Twitch,,Sylas,-2.68,866
Twitch,,Jhin,1.20,88163
Twitch,,Azir,-3.83,267
Twitch,,Aphelios,1.49,19513
Twitch,,Fizz,1.71,382
Twitch,,Ashe,1.67,51416
Twitch,,Cassiopeia,0.40,1649
Twitch,,Kalista,0.67,8448
Twitch,,Locke,-0.89,1187
Twitch,,Ezreal,-1.04,59202
Twitch,,Nasus,-0.14,194
Twitch,,Ryze,1.00,389
Twitch,,Quinn,1.64,453
Twitch,,Rengar,-3.80,355
Twitch,,Kayle,2.56,233
Twitch,,Sivir,3.28,17871
Twitch,,Lee Sin,-4.73,121
Twitch,,Neeko,-1.11,262
Twitch,,Akali,-3.64,372
Twitch,,Malphite,-1.77,284
Twitch,,Varus,1.00,14985
Twitch,,Gnar,-4.03,104
Twitch,,LeBlanc,-1.03,294
Twitch,,Taliyah,2.64,793
Twitch,,Jarvan IV,1.17,125
Twitch,,Kindred,1.21,321
Twitch,,Morgana,2.66,692
Twitch,,Orianna,1.32,398
Twitch,,Wukong,5.05,122
Twitch,,Zoe,2.18,379
Twitch,,Galio,3.00,118
Twitch,,Jayce,2.80,453
Twitch,,Thresh,-6.08,180
Twitch,,Gangplank,4.01,168
Twitch,,Karma,2.69,102
Twitch,,Nidalee,0.46,185
Twitch,,Camille,2.01,111
Twitch,,Blitzcrank,-5.10,120
Udyr,,Rammus,-0.54,4709
Udyr,,Morgana,-3.45,768
Udyr,,Briar,-0.51,15298
Udyr,,Tryndamere,-1.37,1603
Udyr,,Neeko,-5.16,134
Udyr,,Zaahen,-1.36,1244
Udyr,,Maokai,-1.97,1073
Udyr,,Amumu,-0.72,8392
Udyr,,Teemo,-1.33,2366
Udyr,,Elise,-2.54,2564
Udyr,,Yorick,-1.60,367
Udyr,,Singed,-4.51,237
Udyr,,Jax,-1.46,7209
Udyr,,Warwick,0.04,15130
Udyr,,Ivern,-1.80,2135
Udyr,,Nasus,-0.26,6981
Udyr,,Wukong,0.60,11090
Udyr,,Jarvan IV,-0.98,9962
Udyr,,Mordekaiser,1.03,2171
Udyr,,Kayn,-0.68,22495
Udyr,,Lillia,0.09,7622
Udyr,,Trundle,-0.44,2448
Udyr,,Shyvana,1.86,15080
Udyr,,Quinn,-1.01,3210
Udyr,,Sejuani,0.44,4527
Udyr,,Zac,-0.34,5066
Udyr,,Talon,-0.96,6682
Udyr,,Nocturne,0.92,19109
Udyr,,Ekko,-0.64,7723
Udyr,,Jayce,-2.32,1479
Udyr,,Shaco,-0.76,13244
Udyr,,Ambessa,-1.37,1710
Udyr,,Bel'Veth,1.01,10166
Udyr,,Volibear,0.33,4132
Udyr,,Naafiri,-0.31,7577
Udyr,,Gragas,-0.85,1081
Udyr,,Malphite,-0.70,2425
Udyr,,Kha'Zix,-1.50,8313
Udyr,,Gwen,-0.34,1979
Udyr,,Viego,0.07,24317
Udyr,,Cho'Gath,1.92,1351
Udyr,,Darius,1.45,2266
Udyr,,Evelynn,0.24,5306
Udyr,,Vi,0.55,11430
Udyr,,Rek'Sai,0.22,1820
Udyr,,Sylas,-0.28,10395
Udyr,,Graves,0.37,20067
Udyr,,Xin Zhao,0.78,7294
Udyr,,Aatrox,1.63,2494
Udyr,,Aurelion Sol,-3.74,151
Udyr,,Riven,-3.82,339
Udyr,,Zyra,2.07,1275
Udyr,,Fiddlesticks,0.69,5348
Udyr,,Kindred,-1.14,5727
Udyr,,Master Yi,0.38,18705
Udyr,,Dr. Mundo,2.45,1836
Udyr,,Taliyah,1.27,760
Udyr,,Nunu & Willump,0.16,4752
Udyr,,Fizz,1.85,1183
Udyr,,Skarner,-0.53,2147
Udyr,,Shen,2.18,926
Udyr,,Lee Sin,0.11,17101
Udyr,,Zed,-1.01,3479
Udyr,,Sion,4.62,574
Udyr,,Poppy,2.27,940
Udyr,,Diana,1.25,7361
Udyr,,Pantheon,1.18,1990
Udyr,,Rumble,0.96,198
Udyr,,Vayne,-0.97,289
Udyr,,Hecarim,2.03,8112
Udyr,,Qiyana,-0.68,3553
Udyr,,Nidalee,1.89,3104
Udyr,,Yone,-1.85,184
Udyr,,Camille,-0.36,205
Udyr,,Sett,2.36,266
Udyr,,Brand,2.70,637
Udyr,,Karthus,3.69,2537
Udyr,,Olaf,4.41,1056
Udyr,,Rengar,-0.05,9082
Udyr,,Urgot,2.96,120
Udyr,,Nautilus,2.26,297
Udyr,,Jhin,-3.06,204
Udyr,,Kai'Sa,1.64,167
Udyr,,Locke,0.56,3785
Udyr,,Garen,1.82,347
Udyr,,Twitch,0.19,589
Urgot,,Ahri,-7.04,429
Urgot,,Syndra,-6.84,200
Urgot,,Vel'Koz,-5.28,301
Urgot,,Yorick,-3.32,18907
Urgot,,Zoe,-3.97,152
Urgot,,Kayle,-2.51,11573
Urgot,,Zilean,-2.23,865
Urgot,,Dr. Mundo,-2.31,17254
Urgot,,Elise,-4.35,172
Urgot,,Zed,-2.12,909
Urgot,,Veigar,-2.89,778
Urgot,,Olaf,-3.06,10586
Urgot,,Lux,-4.44,239
Urgot,,Heimerdinger,-2.28,7741
Urgot,,Mordekaiser,-1.29,33806
Urgot,,Ornn,-1.50,8971
Urgot,,Illaoi,-1.02,14414
Urgot,,Azir,-3.00,255
Urgot,,Malphite,-0.97,18749
Urgot,,Wukong,-1.01,3420
Urgot,,Nocturne,-2.16,234
Urgot,,Teemo,-0.04,22666
Urgot,,Sion,-1.87,9863
Urgot,,Senna,-4.31,318
Urgot,,Naafiri,-1.17,1122
Urgot,,LeBlanc,-2.83,178
Urgot,,Zyra,-3.70,141
Urgot,,Morgana,-2.50,499
Urgot,,Qiyana,-2.52,197
Urgot,,Kassadin,-0.38,221
Urgot,,Malzahar,-1.19,1845
Urgot,,Kled,-0.10,5088
Urgot,,Sett,0.26,25242
Urgot,,Rammus,-4.27,531
Urgot,,Kog'Maw,-1.12,393
Urgot,,Brand,-0.83,1100
Urgot,,Shen,0.04,10668
Urgot,,Fiddlesticks,-0.27,923
Urgot,,Hwei,1.29,287
Urgot,,Smolder,-4.64,938
Urgot,,Maokai,-0.88,1062
Urgot,,Tryndamere,0.58,13055
Urgot,,Vex,0.15,129
Urgot,,Yasuo,-1.74,9393
Urgot,,Jhin,-3.45,465
Urgot,,Ziggs,-2.56,154
Urgot,,Nasus,2.14,20529
Urgot,,Singed,2.57,9108
Urgot,,Kalista,-1.84,407
Urgot,,Vayne,-1.23,9121
Urgot,,Jax,0.28,17236
Urgot,,Garen,2.00,28752
Urgot,,Trundle,-0.35,6376
Urgot,,Anivia,1.11,1506
Urgot,,Lillia,-4.22,257
Urgot,,Annie,1.40,220
Urgot,,Viktor,1.02,534
Urgot,,Draven,-2.46,266
Urgot,,Warwick,2.30,4294
Urgot,,Zaahen,0.57,8063
Urgot,,Renekton,0.86,14133
Urgot,,Shaco,-3.49,589
Urgot,,Gangplank,0.72,13676
Urgot,,Gwen,-0.66,7502
Urgot,,Ambessa,-0.96,8345
Urgot,,Poppy,0.77,2658
Urgot,,Karma,-1.78,409
Urgot,,Camille,-0.25,5477
Urgot,,Tahm Kench,1.07,8092
Urgot,,Quinn,0.98,2559
Urgot,,Ivern,-2.66,235
Urgot,,Twitch,-6.65,126
Urgot,,Varus,-1.28,1968
Urgot,,Yone,1.22,22070
Urgot,,Cho'Gath,0.70,9335
Urgot,,Kennen,0.23,3752
Urgot,,Swain,0.15,1900
Urgot,,Rumble,-1.31,3654
Urgot,,Viego,-1.68,348
Urgot,,Aurelion Sol,1.96,399
Urgot,,Aatrox,0.93,17718
Urgot,,Shyvana,-2.00,610
Urgot,,Darius,0.57,29045
Urgot,,Fiora,0.73,10962
Urgot,,Aurora,0.47,1132
Urgot,,Zac,3.59,922
Urgot,,Pantheon,1.41,7896
Urgot,,Caitlyn,-2.77,734
Urgot,,Alistar,-3.47,261
Urgot,,Irelia,1.45,8679
Urgot,,Gnar,0.52,10149
Urgot,,Vladimir,0.90,2554
Urgot,,Ezreal,-5.99,336
Urgot,,Neeko,1.42,207
Urgot,,Gragas,0.83,4112
Urgot,,Volibear,2.21,12578
Urgot,,Nautilus,-2.46,287
Urgot,,Skarner,-3.14,409
Urgot,,Kai'Sa,-1.03,613
Urgot,,Sejuani,2.44,624
Urgot,,Ryze,1.04,1182
Urgot,,Graves,-0.95,731
Urgot,,Corki,-1.66,177
Urgot,,Akali,2.27,5413
Urgot,,Tristana,-1.00,478
Urgot,,Lissandra,4.42,709
Urgot,,Karthus,1.23,207
Urgot,,Xin Zhao,2.25,782
Urgot,,Ekko,1.14,411
Urgot,,Twisted Fate,0.75,595
Urgot,,Udyr,1.76,1323
Urgot,,Bel'Veth,-3.60,179
Urgot,,K'Sante,-0.06,7124
Urgot,,Kayn,2.08,1287
Urgot,,Briar,5.07,1069
Urgot,,Jayce,1.61,8854
Urgot,,Akshan,4.36,397
Urgot,,Master Yi,2.18,2131
Urgot,,Cassiopeia,4.01,1000
Urgot,,Riven,2.86,7895
Urgot,,Galio,4.86,467
Urgot,,Fizz,4.08,313
Urgot,,Sylas,5.64,1608
Urgot,,Miss Fortune,-1.78,143
Urgot,,Soraka,1.25,146
Urgot,,Locke,1.49,1610
Urgot,,Thresh,-3.95,159
Urgot,,Rek'Sai,7.74,224
Urgot,,Ashe,1.84,612
Urgot,,Mel,1.68,288
Urgot,,Nidalee,0.26,170
Urgot,,Diana,5.52,287
Urgot,,Lucian,-0.35,210
Urgot,,Vi,4.35,346
Urgot,,Lee Sin,2.17,444
Urgot,,Rengar,3.43,756
Urgot,,Katarina,8.79,212
Urgot,,Zeri,7.26,105
Urgot,,Leona,0.34,123
Urgot,,Amumu,5.01,156
Urgot,,Jarvan IV,12.33,200
Varus,,Graves,-7.85,155
Varus,,Fiora,-2.79,165
Varus,,Ekko,-5.48,205
Varus,,Kindred,-8.36,152
Varus,,Olaf,-2.13,173
Varus,,Karthus,-0.86,995
Varus,,Aurelion Sol,-1.16,1253
Varus,,Brand,-1.34,2756
Varus,,Heimerdinger,-0.19,557
Varus,,Ziggs,-1.43,12264
Varus,,Seraphine,-0.13,6426
Varus,,Kog'Maw,-1.13,4736
Varus,,Veigar,0.70,6512
Varus,,Vel'Koz,-0.22,1548
Varus,,Viktor,-0.58,6845
Varus,,Twitch,-1.01,14985
Varus,,Xerath,0.22,6788
Varus,,Quinn,-3.30,266
Varus,,Hwei,0.72,2701
Varus,,Senna,-0.04,6070
Varus,,Kayle,-2.20,118
Varus,,Lux,0.70,2920
Varus,,Yasuo,-0.71,4838
Varus,,Katarina,0.81,1757
Varus,,Master Yi,0.80,319
Varus,,Viego,-0.28,556
Varus,,Annie,-2.19,177
Varus,,Singed,0.48,126
Varus,,Malzahar,-0.11,1441
Varus,,Yorick,-4.26,117
Varus,,Miss Fortune,-0.73,49761
Varus,,Jinx,0.11,36006
Varus,,Briar,-0.11,116
Varus,,Smolder,0.56,13401
Varus,,Tristana,-0.48,24530
Varus,,Xayah,0.21,9350
Varus,,Teemo,0.74,1021
Varus,,Zyra,0.49,348
Varus,,Nilah,2.13,2884
Varus,,Anivia,-1.76,337
Varus,,Swain,2.65,2815
Varus,,Samira,-0.18,14824
Varus,,Tahm Kench,3.10,691
Varus,,Jax,-2.87,103
Varus,,Jhin,-0.40,46140
Varus,,Riven,-0.51,107
Varus,,Ashe,-0.21,27145
Varus,,Sivir,0.44,10044
Varus,,Akshan,-1.48,388
Varus,,Vayne,0.26,15973
Varus,,Caitlyn,-0.26,66256
Varus,,Twisted Fate,-3.02,454
Varus,,Naafiri,1.04,258
Varus,,Syndra,0.67,5662
Varus,,Zeri,1.79,6475
Varus,,Ahri,1.03,434
Varus,,Sett,2.36,181
Varus,,Kai'Sa,0.96,49632
Varus,,Yunara,0.49,14293
Varus,,Aurora,0.07,215
Varus,,Draven,0.52,9388
Varus,,Orianna,-2.12,194
Varus,,Morgana,-0.62,340
Varus,,Corki,0.46,2961
Varus,,Vex,1.19,218
Varus,,Cassiopeia,0.35,943
Varus,,Gwen,4.58,123
Varus,,Aphelios,1.96,10408
Varus,,Lucian,0.57,19429
Varus,,Ezreal,-1.00,37708
Varus,,Fizz,2.59,156
Varus,,Yone,2.38,800
Varus,,Ryze,0.89,188
Varus,,Kalista,1.31,4425
Varus,,Taliyah,0.84,445
Varus,,Rengar,-3.87,147
Varus,,Zed,1.76,241
Varus,,Vladimir,4.74,1160
Varus,,Mel,1.02,9791
Varus,,LeBlanc,-1.81,156
Varus,,Mordekaiser,3.26,150
Varus,,Sylas,0.32,563
Varus,,Sion,3.66,340
Varus,,Akali,-2.70,203
Varus,,Diana,1.21,106
Varus,,Darius,-0.08,131
Varus,,Irelia,3.78,391
Varus,,Locke,2.21,538
Varus,,Lissandra,2.98,190
Varus,,Pantheon,2.10,218
Varus,,Zoe,1.58,177
Varus,,Malphite,0.01,148
Varus,,Neeko,2.18,129
Varus,,Azir,3.35,151
Varus,,Jayce,5.07,261
Varus,,Kennen,5.20,107
Varus,,Garen,5.96,119
Varus,,Cho'Gath,6.79,232
Varus,,Dr. Mundo,8.37,135
Varus,,Aatrox,8.13,114
Vayne,,Teemo,-4.46,2083
Vayne,,Heimerdinger,-2.06,1096
Vayne,,Kayle,-5.12,247
Vayne,,Vex,-3.81,560
Vayne,,Veigar,0.39,15413
Vayne,,Smolder,-1.31,34088
Vayne,,Nilah,-0.06,8016
Vayne,,Zyra,-1.23,704
Vayne,,Aurelion Sol,0.84,2858
Vayne,,Miss Fortune,-1.59,104626
Vayne,,Kog'Maw,-0.11,10399
Vayne,,Aphelios,-2.36,21442
Vayne,,Xayah,-0.90,23530
Vayne,,Seraphine,1.32,13338
Vayne,,Graves,-4.19,321
Vayne,,Jinx,-0.34,83081
Vayne,,Senna,0.06,13313
Vayne,,Samira,-1.39,40542
Vayne,,Brand,1.23,6177
Vayne,,Hwei,1.35,6421
Vayne,,Vladimir,0.35,3208
Vayne,,Twitch,-0.07,37143
Vayne,,Tristana,-0.60,54303
Vayne,,Karthus,2.70,2487
Vayne,,Caitlyn,-1.42,116243
Vayne,,Naafiri,-0.40,620
Vayne,,Zeri,0.19,14672
Vayne,,Draven,-1.86,20461
Vayne,,Viktor,1.12,14373
Vayne,,Ashe,-0.70,55521
Vayne,,Ekko,-1.10,457
Vayne,,Viego,0.94,958
Vayne,,Briar,0.71,305
Vayne,,Swain,2.99,6786
Vayne,,Yunara,-0.84,30556
Vayne,,Malzahar,1.50,3353
Vayne,,Vel'Koz,2.33,3357
Vayne,,Lux,2.65,6597
Vayne,,Corki,-1.00,7203
Vayne,,Fiora,2.65,433
Vayne,,Kai'Sa,0.32,113745
Vayne,,Wukong,-0.41,175
Vayne,,Sivir,1.08,20918
Vayne,,Twisted Fate,-2.50,1104
Vayne,,Xin Zhao,-2.62,178
Vayne,,Ziggs,2.94,23691
Vayne,,Lucian,-0.32,39807
Vayne,,Syndra,1.36,12720
Vayne,,Xerath,3.74,11835
Vayne,,Yasuo,2.70,11421
Vayne,,Jhin,1.39,94163
Vayne,,Cassiopeia,0.18,1987
Vayne,,Quinn,0.50,611
Vayne,,Ahri,2.12,1000
Vayne,,Annie,1.22,512
Vayne,,Katarina,4.41,4526
Vayne,,Akshan,0.39,896
Vayne,,Ryze,0.28,477
Vayne,,Master Yi,4.69,852
Vayne,,Jax,-0.43,210
Vayne,,Gangplank,-2.53,198
Vayne,,Olaf,5.13,396
Vayne,,Tahm Kench,6.00,1903
Vayne,,Morgana,0.35,723
Vayne,,Malphite,-3.11,397
Vayne,,Varus,-0.26,15973
Vayne,,Zilean,1.55,224
Vayne,,Riven,2.61,235
Vayne,,Tryndamere,1.71,156
Vayne,,Kalista,1.74,9734
Vayne,,Urgot,0.78,193
Vayne,,Locke,0.22,1386
Vayne,,Sion,2.57,846
Vayne,,Aurora,1.98,552
Vayne,,Taliyah,1.64,1067
Vayne,,Kindred,0.01,288
Vayne,,Zoe,-0.32,378
Vayne,,Pantheon,0.50,496
Vayne,,Yone,3.71,1643
Vayne,,Trundle,-1.26,146
Vayne,,Sett,5.24,339
Vayne,,Nasus,1.62,267
Vayne,,Mel,1.47,20487
Vayne,,Zed,3.03,500
Vayne,,Lissandra,2.06,541
Vayne,,Yorick,1.73,205
Vayne,,Rengar,-2.03,343
Vayne,,Gwen,7.33,412
Vayne,,Shen,5.86,202
Vayne,,Ezreal,1.64,72330
Vayne,,Singed,6.96,376
Vayne,,Jayce,1.57,554
Vayne,,Irelia,4.37,838
Vayne,,Kled,4.89,111
Vayne,,Fizz,5.76,392
Vayne,,Anivia,4.57,788
Vayne,,Pyke,-0.28,148
Vayne,,Kennen,1.99,242
Vayne,,Cho'Gath,2.84,707
Vayne,,Diana,2.55,274
Vayne,,Qiyana,4.87,157
Vayne,,Mordekaiser,6.31,354
Vayne,,Neeko,2.67,253
Vayne,,LeBlanc,1.72,334
Vayne,,Galio,4.18,161
Vayne,,Lee Sin,-0.19,155
Vayne,,Ambessa,6.97,144
Vayne,,Jarvan IV,4.87,133
Vayne,,Orianna,5.25,524
Vayne,,Volibear,7.02,115
Vayne,,Darius,4.75,303
Vayne,,Gnar,1.65,139
Vayne,,Sylas,6.41,1073
Vayne,,Garen,6.95,254
Vayne,,Karma,4.11,103
Vayne,,Akali,3.59,429
Vayne,,Dr. Mundo,9.75,319
Vayne,,Azir,6.86,309
Vayne,,Aatrox,6.98,244
Vayne,,Nidalee,4.39,200
Vayne,,Thresh,-0.31,216
Vayne,,Camille,6.93,132
Vayne,,Gragas,9.53,104
Vayne,,Blitzcrank,-0.61,145
Veigar,,Kog'Maw,-5.20,1529
Veigar,,Rek'Sai,-4.02,126
Veigar,,Xerath,-3.12,40045
Veigar,,Nocturne,-3.75,509
Veigar,,Zyra,-4.89,2138
Veigar,,Master Yi,-4.64,1293
Veigar,,Jarvan IV,-4.28,592
Veigar,,Twitch,-6.29,1546
Veigar,,Dr. Mundo,-4.69,1524
Veigar,,Nasus,-0.01,6187
Veigar,,Gwen,-1.49,9136
Veigar,,Katarina,-3.75,57424
Veigar,,Tahm Kench,-1.88,955
Veigar,,Briar,0.79,1983
Veigar,,Fizz,-0.91,60964
Veigar,,Syndra,-1.78,48985
Veigar,,Singed,2.82,1059
Veigar,,Vel'Koz,-1.53,9019
Veigar,,Ziggs,-2.07,10540
Veigar,,Xin Zhao,-1.83,1845
Veigar,,Jinx,-5.34,479
Veigar,,Kassadin,-2.07,17621
Veigar,,Olaf,-1.07,420
Veigar,,Zed,-2.80,59565
Veigar,,Sejuani,-3.09,257
Veigar,,Lux,-0.56,47367
Veigar,,Malzahar,0.09,74316
Veigar,,Aurelion Sol,-1.38,15533
Veigar,,Fiddlesticks,0.09,693
Veigar,,Tryndamere,1.85,2650
Veigar,,Mordekaiser,1.64,2144
Veigar,,Sion,-0.18,3483
Veigar,,Hwei,-0.86,25643
Veigar,,Teemo,-0.30,4036
Veigar,,Viego,-1.99,1162
Veigar,,Zilean,1.03,1718
Veigar,,Wukong,-0.33,813
Veigar,,Gangplank,-1.14,4636
Veigar,,Garen,1.70,3371
Veigar,,Vladimir,0.11,24807
Veigar,,Viktor,0.39,51222
Veigar,,Ekko,-0.22,27168
Veigar,,Quinn,0.97,2110
Veigar,,Karthus,-1.18,1278
Veigar,,LeBlanc,-1.48,26128
Veigar,,Brand,0.14,10836
Veigar,,Twisted Fate,-0.06,22300
Veigar,,Kayn,-1.79,322
Veigar,,Swain,1.32,6222
Veigar,,Vi,-1.21,637
Veigar,,Yorick,0.10,2182
Veigar,,Naafiri,0.13,24804
Veigar,,Yone,-0.46,61661
Veigar,,Morgana,0.83,7092
Veigar,,Evelynn,-0.39,119
Veigar,,Sivir,-6.93,401
Veigar,,Sett,3.43,1185
Veigar,,Kayle,1.66,2682
Veigar,,Anivia,0.23,13974
Veigar,,Shen,1.40,555
Veigar,,Ahri,0.94,81174
Veigar,,Lissandra,1.07,24730
Veigar,,Maokai,-1.12,181
Veigar,,Kled,3.70,758
Veigar,,Gragas,2.01,2372
Veigar,,Xayah,-2.43,152
Veigar,,Kennen,2.29,2611
Veigar,,Cho'Gath,0.90,4109
Veigar,,Yasuo,-0.24,79802
Veigar,,Malphite,1.86,6564
Veigar,,Locke,-0.79,44838
Veigar,,Elise,0.36,218
Veigar,,Lillia,-1.65,163
Veigar,,Zoe,-0.41,17780
Veigar,,Pantheon,2.46,6791
Veigar,,Jhin,-1.62,2247
Veigar,,Diana,1.58,32589
Veigar,,Shaco,-3.00,338
Veigar,,Akshan,0.28,14696
Veigar,,Zac,3.78,546
Veigar,,Fiora,2.94,505
Veigar,,Darius,0.74,735
Veigar,,Annie,1.78,15051
Veigar,,Irelia,1.11,19648
Veigar,,Riven,1.94,3592
Veigar,,Talon,0.71,10560
Veigar,,Warwick,2.59,277
Veigar,,Jayce,-0.03,3703
Veigar,,Camille,0.62,410
Veigar,,Neeko,2.11,3418
Veigar,,Sylas,1.35,51579
Veigar,,Poppy,2.32,146
Veigar,,Heimerdinger,5.47,6079
Veigar,,Graves,-0.85,637
Veigar,,Zeri,-0.61,334
Veigar,,Ambessa,3.46,1376
Veigar,,Vex,3.75,31902
Veigar,,Qiyana,-0.50,12088
Veigar,,Aurora,1.55,14170
Veigar,,Tristana,0.21,5414
Veigar,,Seraphine,0.76,2471
Veigar,,Kalista,2.95,445
Veigar,,Aatrox,1.47,787
Veigar,,Orianna,-0.52,17248
Veigar,,Thresh,-4.46,193
Veigar,,Pyke,-1.39,496
Veigar,,Jax,2.70,713
Veigar,,Shyvana,-2.08,152
Veigar,,Rumble,3.73,731
Veigar,,Udyr,-1.58,217
Veigar,,Galio,3.11,27196
Veigar,,Vayne,1.93,1161
Veigar,,Ashe,-1.90,1779
Veigar,,Karma,1.53,1147
Veigar,,Kai'Sa,-0.29,2372
Veigar,,Gnar,0.36,339
Veigar,,Miss Fortune,-0.01,1967
Veigar,,Aphelios,0.89,458
Veigar,,Ryze,1.48,18067
Veigar,,Akali,3.10,47270
Veigar,,Mel,0.62,35257
Veigar,,Renekton,6.12,999
Veigar,,Taliyah,2.34,5552
Veigar,,Cassiopeia,2.05,10947
Veigar,,Smolder,1.59,4374
Veigar,,Caitlyn,0.81,2867
Veigar,,Nunu & Willump,3.42,945
Veigar,,Ezreal,-1.39,4915
Veigar,,Varus,1.26,1958
Veigar,,Illaoi,7.31,800
Veigar,,Azir,1.97,10795
Veigar,,Trundle,4.24,278
Veigar,,Alistar,-0.96,169
Veigar,,Ornn,5.18,320
Veigar,,Lee Sin,1.18,887
Veigar,,Zaahen,5.65,458
Veigar,,K'Sante,3.93,401
Veigar,,Samira,1.09,405
Veigar,,Corki,1.46,1423
Veigar,,Ivern,3.81,114
Veigar,,Volibear,5.62,477
Veigar,,Kindred,2.02,306
Veigar,,Draven,4.34,571
Veigar,,Nidalee,3.94,572
Veigar,,Lucian,1.15,1475
Veigar,,Bel'Veth,-0.38,146
Veigar,,Urgot,8.27,433
Veigar,,Rakan,8.03,203
Veigar,,Blitzcrank,-2.74,214
Veigar,,Lulu,3.48,184
Veigar,,Senna,4.78,463
Veigar,,Yunara,3.43,307
Veigar,,Sona,3.33,100
Veigar,,Nautilus,7.66,307
Veigar,,Soraka,9.99,185
Vel'Koz,,Sona,-1.08,10500
Vel'Koz,,LeBlanc,-2.98,2358
Vel'Koz,,Xerath,-2.11,19010
Vel'Koz,,Fizz,-4.43,493
Vel'Koz,,Shaco,-2.47,5698
Vel'Koz,,Poppy,-0.55,7392
Vel'Koz,,Rammus,-1.63,401
Vel'Koz,,Taric,0.81,4093
Vel'Koz,,Zyra,-0.39,15198
Vel'Koz,,Nami,-0.48,25849
Vel'Koz,,Milio,-0.20,15441
Vel'Koz,,Blitzcrank,-1.18,23545
Vel'Koz,,Janna,0.13,7940
Vel'Koz,,Soraka,-0.15,15121
Vel'Koz,,Amumu,0.32,2320
Vel'Koz,,Zilean,-0.04,9312
Vel'Koz,,Thresh,-0.02,40054
Vel'Koz,,Nidalee,-3.35,990
Vel'Koz,,Galio,-0.06,5522
Vel'Koz,,Karma,-1.73,16338
Vel'Koz,,Pyke,-2.24,23860
Vel'Koz,,Leona,1.00,32149
Vel'Koz,,Sylas,-2.02,4532
Vel'Koz,,Kayle,-3.90,196
Vel'Koz,,Trundle,-4.42,388
Vel'Koz,,Vex,-3.59,488
Vel'Koz,,Shen,-0.25,5752
Vel'Koz,,Maokai,0.56,7091
Vel'Koz,,Sion,-0.81,1208
Vel'Koz,,Zac,-1.16,1043
Vel'Koz,,Ekko,-2.98,414
Vel'Koz,,Tahm Kench,-0.45,13327
Vel'Koz,,Nautilus,-0.29,38999
Vel'Koz,,Rakan,0.20,8694
Vel'Koz,,Camille,-2.30,16775
Vel'Koz,,Lissandra,-2.19,816
Vel'Koz,,Rell,1.41,9710
Vel'Koz,,Teemo,0.76,4109
Vel'Koz,,Annie,-0.06,1103
Vel'Koz,,Zoe,-2.59,2540
Vel'Koz,,Taliyah,-2.48,354
Vel'Koz,,Pantheon,-0.62,17511
Vel'Koz,,Seraphine,0.93,51831
Vel'Koz,,Gragas,-1.81,714
Vel'Koz,,Morgana,0.89,33263
Vel'Koz,,Alistar,0.92,9774
Vel'Koz,,Jayce,-3.80,223
Vel'Koz,,Quinn,-0.73,260
Vel'Koz,,Senna,1.33,22932
Vel'Koz,,Sejuani,-0.84,389
Vel'Koz,,Yuumi,-2.40,15884
Vel'Koz,,Brand,1.31,19090
Vel'Koz,,Fiddlesticks,0.73,1851
Vel'Koz,,Lulu,0.44,21704
Vel'Koz,,Lux,0.74,61553
Vel'Koz,,Ornn,-2.85,400
Vel'Koz,,Elise,1.25,1139
Vel'Koz,,Karthus,-3.08,267
Vel'Koz,,Urgot,-4.41,114
Vel'Koz,,Syndra,-0.22,827
Vel'Koz,,Yorick,-4.77,185
Vel'Koz,,Jarvan IV,0.27,1592
Vel'Koz,,Braum,2.44,9887
Vel'Koz,,Renata Glasc,1.84,2492
Vel'Koz,,Twisted Fate,0.24,650
Vel'Koz,,Master Yi,-1.71,343
Vel'Koz,,Aurelion Sol,-0.10,362
Vel'Koz,,Evelynn,1.15,137
Vel'Koz,,Bard,0.92,11858
Vel'Koz,,Xin Zhao,-2.23,226
Vel'Koz,,Hwei,2.32,2717
Vel'Koz,,Locke,-2.77,698
Vel'Koz,,Ahri,-0.40,715
Vel'Koz,,Rek'Sai,-0.05,119
Vel'Koz,,Kled,-1.38,117
Vel'Koz,,Skarner,0.14,611
Vel'Koz,,Viego,-2.93,147
Vel'Koz,,Rumble,-2.73,145
Vel'Koz,,Lee Sin,-3.37,1114
Vel'Koz,,Nunu & Willump,-1.18,570
Vel'Koz,,Akali,-6.10,139
Vel'Koz,,Neeko,0.59,8171
Vel'Koz,,Rengar,-3.63,368
Vel'Koz,,Diana,-3.49,200
Vel'Koz,,Ziggs,0.31,1671
Vel'Koz,,Swain,2.17,18382
Vel'Koz,,Malphite,0.86,4796
Vel'Koz,,Ashe,-0.77,5071
Vel'Koz,,Malzahar,0.33,778
Vel'Koz,,Cho'Gath,0.55,1163
Vel'Koz,,Veigar,1.46,3814
Vel'Koz,,Anivia,1.48,1866
Vel'Koz,,Vi,1.20,772
Vel'Koz,,Heimerdinger,2.49,963
Vel'Koz,,Ivern,1.81,636
Vel'Koz,,Wukong,2.52,300
Vel'Koz,,Dr. Mundo,0.88,337
Vel'Koz,,Sett,1.77,896
Vel'Koz,,Qiyana,1.33,266
Vel'Koz,,Singed,1.74,477
Vel'Koz,,Jax,2.03,496
Vel'Koz,,Katarina,-2.09,230
Vel'Koz,,Kennen,3.72,333
Vel'Koz,,Naafiri,-1.51,213
Vel'Koz,,Twitch,-1.29,1798
Vel'Koz,,Kog'Maw,3.07,196
Vel'Koz,,Viktor,1.27,268
Vel'Koz,,Ezreal,-2.09,816
Vel'Koz,,Briar,1.50,399
Vel'Koz,,Orianna,-0.09,355
Vel'Koz,,Darius,-0.66,279
Vel'Koz,,Yone,-4.44,273
Vel'Koz,,Zed,0.23,479
Vel'Koz,,Miss Fortune,-0.73,2003
Vel'Koz,,Tryndamere,-3.16,105
Vel'Koz,,Mel,0.94,14334
Vel'Koz,,Aurora,-0.22,162
Vel'Koz,,Varus,-2.93,175
Vel'Koz,,Zaahen,5.34,119
Vel'Koz,,Tristana,-4.56,134
Vel'Koz,,Nasus,1.96,339
Vel'Koz,,Kai'Sa,-0.20,222
Vel'Koz,,Vayne,-1.79,135
Vel'Koz,,Akshan,1.16,131
Vel'Koz,,Mordekaiser,2.84,292
Vel'Koz,,Aatrox,3.27,216
Vel'Koz,,Cassiopeia,4.32,125
Vel'Koz,,Garen,0.96,201
Vel'Koz,,Jhin,3.20,561
Vel'Koz,,Volibear,4.18,205
Vel'Koz,,Yasuo,3.95,427
Vel'Koz,,K'Sante,5.29,144
Vel'Koz,,Caitlyn,1.15,329
Vel'Koz,,Jinx,-0.16,145
Vel'Koz,,Illaoi,7.07,160
Vex,,Olaf,-9.00,221
Vex,,Nocturne,-7.24,285
Vex,,Zilean,-5.77,778
Vex,,Nasus,-4.14,2779
Vex,,Singed,-1.04,588
Vex,,Rumble,-5.41,409
Vex,,Veigar,-3.75,31902
Vex,,Kled,-2.49,335
Vex,,Kog'Maw,-4.04,795
Vex,,Kayle,-2.88,1239
Vex,,Sett,-1.09,696
Vex,,Vladimir,-3.36,12607
Vex,,Karthus,-4.83,572
Vex,,Kennen,-2.61,1261
Vex,,Mordekaiser,-0.71,1012
Vex,,Swain,-2.35,3239
Vex,,Heimerdinger,-0.63,2582
Vex,,Vel'Koz,-3.09,3619
Vex,,Xerath,-1.66,18260
Vex,,Gwen,-1.84,3655
Vex,,Dr. Mundo,-4.86,731
Vex,,Morgana,-3.01,3166
Vex,,Cho'Gath,-3.60,1888
Vex,,Viktor,-2.52,26756
Vex,,Sion,-2.13,2158
Vex,,Anivia,-3.30,6980
Vex,,Fiddlesticks,-1.36,345
Vex,,Annie,-2.84,8701
Vex,,Syndra,-2.20,27245
Vex,,Hwei,-2.06,14143
Vex,,Neeko,-2.69,1731
Vex,,Brand,-2.14,4927
Vex,,Ziggs,-2.49,3982
Vex,,Malzahar,-0.79,29570
Vex,,Lux,-0.99,21872
Vex,,Aurelion Sol,-1.87,6264
Vex,,Karma,-4.60,553
Vex,,Twisted Fate,-1.69,13811
Vex,,Teemo,-0.72,1794
Vex,,Gangplank,-2.11,2108
Vex,,Nunu & Willump,-3.61,701
Vex,,Mel,-5.65,17533
Vex,,Malphite,-0.64,3308
Vex,,Garen,0.89,1589
Vex,,Yorick,-1.13,1105
Vex,,Ekko,-0.92,13516
Vex,,Darius,-2.23,325
Vex,,Tahm Kench,-0.17,369
Vex,,Urgot,-1.36,226
Vex,,Diana,-0.56,19300
Vex,,Fizz,0.86,29661
Vex,,Seraphine,-2.62,1135
Vex,,Zeri,-3.55,168
Vex,,Ahri,-0.08,45801
Vex,,Gragas,0.74,1059
Vex,,Lissandra,-0.03,12756
Vex,,Sivir,-7.71,211
Vex,,Ornn,-1.46,238
Vex,,Kassadin,-0.31,7119
Vex,,Galio,-0.71,14746
Vex,,Zyra,-0.86,1003
Vex,,Pantheon,1.35,4027
Vex,,Zed,-0.83,34201
Vex,,Cassiopeia,-2.61,6020
Vex,,Tryndamere,3.72,1240
Vex,,Thresh,-7.26,101
Vex,,Taliyah,-2.01,3583
Vex,,Twitch,-2.07,670
Vex,,Quinn,2.02,1074
Vex,,Miss Fortune,-3.75,853
Vex,,Zoe,-0.82,9691
Vex,,Orianna,-2.93,9840
Vex,,Ryze,-2.04,8693
Vex,,Jhin,-1.91,1020
Vex,,Naafiri,1.15,13649
Vex,,Trundle,-0.70,151
Vex,,Viego,0.38,799
Vex,,Jinx,-2.00,189
Vex,,Locke,-0.44,27812
Vex,,Aurora,0.32,8070
Vex,,Volibear,0.08,239
Vex,,Katarina,1.19,35196
Vex,,Briar,5.36,1322
Vex,,Aatrox,0.78,531
Vex,,Smolder,-0.97,1735
Vex,,Akshan,1.24,8983
Vex,,Yasuo,1.36,60317
Vex,,Azir,-1.06,6176
Vex,,Fiora,4.13,237
Vex,,Warwick,3.48,124
Vex,,Varus,-1.33,1099
Vex,,Talon,1.98,8822
Vex,,Jayce,1.21,2035
Vex,,Ashe,-2.42,781
Vex,,Akali,2.19,36755
Vex,,Gnar,-0.35,181
Vex,,Illaoi,5.21,400
Vex,,Jarvan IV,3.16,210
Vex,,Sylas,2.79,37933
Vex,,Pyke,-0.87,264
Vex,,Sejuani,2.70,111
Vex,,Graves,0.64,300
Vex,,Yone,3.55,45434
Vex,,Kayn,2.51,125
Vex,,Kai'Sa,-0.40,1183
Vex,,Vi,3.20,296
Vex,,Master Yi,3.64,617
Vex,,Draven,1.45,248
Vex,,Irelia,3.87,14502
Vex,,Tristana,2.04,2789
Vex,,Xin Zhao,4.94,832
Vex,,K'Sante,2.00,251
Vex,,Renekton,6.17,580
Vex,,Udyr,-0.31,118
Vex,,LeBlanc,3.75,27387
Vex,,Aphelios,1.48,223
Vex,,Yunara,-3.74,157
Vex,,Shaco,1.19,169
Vex,,Qiyana,2.57,6919
Vex,,Caitlyn,1.58,1280
Vex,,Zac,8.04,304
Vex,,Ezreal,-0.63,2281
Vex,,Nautilus,0.28,135
Vex,,Kalista,6.91,183
Vex,,Riven,7.13,1648
Vex,,Wukong,8.00,341
Vex,,Senna,2.17,223
Vex,,Camille,6.11,206
Vex,,Nidalee,3.55,246
Vex,,Shen,8.94,279
Vex,,Vayne,6.20,610
Vex,,Samira,2.53,177
Vex,,Corki,2.89,894
Vex,,Ambessa,9.21,666
Vex,,Zaahen,8.09,223
Vex,,Jax,8.45,357
Vex,,Lee Sin,5.46,394
Vex,,Lucian,4.08,839
Vex,,Kindred,12.08,105
Vi,,Zaahen,-2.97,2809
Vi,,Wukong,-1.20,42734
Vi,,Shyvana,-0.37,34860
Vi,,Briar,-0.64,38875
Vi,,Zyra,-1.33,4203
Vi,,Warwick,-0.87,39237
Vi,,Aatrox,-1.23,6206
Vi,,Mordekaiser,0.04,5061
Vi,,Nasus,-0.51,18502
Vi,,Nocturne,-0.37,58028
Vi,,Sion,0.36,1414
Vi,,Tryndamere,-0.14,4621
Vi,,Shen,-1.51,2469
Vi,,Rammus,1.32,12288
Vi,,Amumu,-0.09,20393
Vi,,Sejuani,-0.34,12791
Vi,,Yorick,-1.17,1028
Vi,,Morgana,-1.78,2484
Vi,,Teemo,-0.54,7017
Vi,,Taliyah,-1.33,2842
Vi,,Dr. Mundo,0.07,5120
Vi,,Udyr,-0.56,11430
Vi,,Jax,-0.56,21518
Vi,,Cho'Gath,0.81,3596
Vi,,Lillia,0.31,21870
Vi,,Xin Zhao,-0.58,29033
Vi,,Viego,-0.63,69578
Vi,,Trundle,0.07,6642
Vi,,Kayn,0.10,59600
Vi,,Darius,0.73,5151
Vi,,Volibear,0.03,9506
Vi,,Ivern,-0.39,4760
Vi,,Graves,-0.41,69238
Vi,,Jarvan IV,0.16,36503
Vi,,Olaf,-1.20,2825
Vi,,Zac,0.09,14579
Vi,,Malphite,-0.53,7814
Vi,,Ekko,0.11,20527
Vi,,Shaco,0.01,33470
Vi,,Bel'Veth,1.57,22716
Vi,,Fiddlesticks,0.38,12571
Vi,,Maokai,0.63,3465
Vi,,Brand,-1.92,1717
Vi,,Evelynn,0.37,14096
Vi,,Quinn,0.46,8176
Vi,,Talon,0.26,21080
Vi,,Poppy,0.36,5014
Vi,,Fizz,0.96,4400
Vi,,Kayle,-2.99,165
Vi,,Sylas,0.10,46284
Vi,,Naafiri,0.63,31558
Vi,,Rek'Sai,0.86,5282
Vi,,Kha'Zix,-0.51,25693
Vi,,Elise,0.84,7720
Vi,,Hecarim,-0.17,19400
Vi,,Karthus,-0.17,6863
Vi,,Nunu & Willump,0.25,12568
Vi,,Master Yi,1.17,55621
Vi,,Gragas,0.70,3150
Vi,,Diana,0.06,20697
Vi,,Jayce,-0.11,9853
Vi,,Gwen,1.29,4347
Vi,,Singed,-0.85,777
Vi,,Ambessa,0.87,4705
Vi,,Lee Sin,0.17,101710
Vi,,Kindred,0.41,14065
Vi,,Skarner,-0.03,6069
Vi,,Pantheon,0.69,7454
Vi,,Kai'Sa,-4.12,531
Vi,,Sett,0.44,715
Vi,,Zed,-0.07,13390
Vi,,Nidalee,0.68,12181
Vi,,Neeko,0.70,466
Vi,,Vayne,-0.64,837
Vi,,Qiyana,-0.89,11703
Vi,,Yone,-2.33,723
Vi,,Rumble,1.85,660
Vi,,Aurelion Sol,-0.26,409
Vi,,Urgot,1.53,327
Vi,,Nautilus,0.84,823
Vi,,Zeri,-0.87,213
Vi,,Malzahar,-2.08,160
Vi,,Taric,3.59,199
Vi,,Ezreal,-5.55,231
Vi,,Camille,1.12,654
Vi,,Rengar,0.36,21523
Vi,,Riven,2.79,846
Vi,,Garen,0.52,1195
Vi,,Leona,-1.29,115
Vi,,Tahm Kench,0.28,202
Vi,,Ornn,4.80,222
Vi,,Locke,0.75,11511
Vi,,Jhin,-1.51,451
Vi,,Kled,3.50,103
Vi,,Yasuo,-2.37,297
Vi,,Twitch,1.63,1914
Vi,,Katarina,0.55,115
Vi,,Gnar,5.69,105
Vi,,Tristana,1.27,162
Vi,,Galio,4.88,165
Vi,,Twisted Fate,2.63,227
Viego,,Rammus,-2.45,32537
Viego,,Tryndamere,-1.81,9571
Viego,,Sion,-1.21,2934
Viego,,Amumu,-1.66,46244
Viego,,Warwick,-0.92,91083
Viego,,Briar,0.18,83189
Viego,,Wukong,-0.01,66580
Viego,,Shyvana,0.60,70763
Viego,,Sejuani,-0.95,24197
Viego,,Nasus,-0.40,39097
Viego,,Bel'Veth,-0.57,53891
Viego,,Zyra,0.06,6482
Viego,,Shen,-1.25,4859
Viego,,Evelynn,-1.40,29412
Viego,,Jax,-0.87,50245
Viego,,Mordekaiser,1.12,11621
Viego,,Zac,-0.89,26384
Viego,,Teemo,-0.24,13827
Viego,,Malphite,-1.72,14955
Viego,,Darius,0.19,12130
Viego,,Nocturne,0.60,109608
Viego,,Elise,-1.36,14172
Viego,,Talon,-1.12,43699
Viego,,Morgana,-0.93,4129
Viego,,Zaahen,0.70,6086
Viego,,Udyr,-0.09,24317
Viego,,Shaco,-0.77,73970
Viego,,Yorick,-0.11,1954
Viego,,Aatrox,0.70,12959
Viego,,Rek'Sai,-0.57,9488
Viego,,Fizz,0.11,7383
Viego,,Ekko,-0.28,41258
Viego,,Naafiri,-0.39,51117
Viego,,Kayn,0.50,144394
Viego,,Fiddlesticks,0.04,26828
Viego,,Taliyah,-0.05,4532
Viego,,Dr. Mundo,1.43,10212
Viego,,Maokai,0.57,5838
Viego,,Volibear,0.69,20674
Viego,,Jarvan IV,0.82,55159
Viego,,Vi,0.62,69578
Viego,,Cho'Gath,2.11,7073
Viego,,Trundle,1.10,12208
Viego,,Karthus,-1.04,13122
Viego,,Ivern,0.52,9673
Viego,,Ambessa,-0.36,9588
Viego,,Graves,0.55,130416
Viego,,Jayce,-1.08,11308
Viego,,Kha'Zix,-0.79,61043
Viego,,Poppy,0.59,5959
Viego,,Lee Sin,-1.08,132769
Viego,,Lillia,2.17,37759
Viego,,Xin Zhao,1.27,43916
Viego,,Gragas,0.15,6080
Viego,,Gnar,-4.93,204
Viego,,Olaf,0.25,5180
Viego,,Nunu & Willump,-0.02,25836
Viego,,Master Yi,1.02,115677
Viego,,Quinn,1.32,15318
Viego,,Nidalee,-0.90,19754
Viego,,Hecarim,-0.03,41446
Viego,,Kayle,-1.95,275
Viego,,Pantheon,0.20,12753
Viego,,Taric,0.17,488
Viego,,Fiora,-4.29,115
Viego,,Sylas,1.55,75802
Viego,,Singed,-0.26,1276
Viego,,Kindred,0.60,28138
Viego,,Nilah,-7.18,101
Viego,,Zed,-0.29,26077
Viego,,Qiyana,-2.01,25951
Viego,,Riven,-1.52,1787
Viego,,Gwen,2.57,9463
Viego,,Rumble,1.03,1028
Viego,,Diana,1.78,44757
Viego,,Skarner,1.32,10921
Viego,,Brand,1.36,3130
Viego,,Leona,-5.56,203
Viego,,Vayne,-0.59,1385
Viego,,Sett,1.71,1689
Viego,,Aurelion Sol,0.12,736
Viego,,Neeko,1.96,879
Viego,,Nautilus,0.44,1638
Viego,,Rengar,-1.01,51116
Viego,,Urgot,1.98,578
Viego,,Kassadin,-3.66,119
Viego,,Kled,0.46,179
Viego,,Draven,-3.66,127
Viego,,Kai'Sa,-0.05,915
Viego,,Garen,-0.28,2245
Viego,,Yone,0.98,1211
Viego,,Katarina,-3.63,227
Viego,,Heimerdinger,0.93,199
Viego,,Malzahar,0.13,285
Viego,,Camille,2.81,1230
Viego,,Zeri,1.97,466
Viego,,Akshan,-3.99,158
Viego,,Twitch,-0.68,3520
Viego,,Ornn,4.98,445
Viego,,Locke,0.73,23483
Viego,,Pyke,-2.86,164
Viego,,Jhin,-1.02,1064
Viego,,Galio,1.60,328
Viego,,Tahm Kench,1.64,422
Viego,,Alistar,-5.54,116
Viego,,Yasuo,-1.41,512
Viego,,Caitlyn,-2.09,187
Viego,,Twisted Fate,0.44,397
Viego,,Ezreal,0.60,342
Viego,,Renekton,1.02,210
Viego,,Tristana,3.12,302
Viego,,Ryze,3.78,109
Viego,,Illaoi,1.67,129
Viego,,Irelia,0.77,118
Viego,,Gangplank,0.85,107
Viego,,Ashe,1.04,101
Viego,,Blitzcrank,0.60,154
Viego,,Lux,11.25,129
Viktor,,Singed,-0.33,1725
Viktor,,Xerath,-2.42,53153
Viktor,,Zilean,-2.20,2233
Viktor,,Maokai,-6.11,154
Viktor,,Nunu & Willump,-5.24,2154
Viktor,,Gragas,-1.25,2562
Viktor,,Warwick,-1.61,258
Viktor,,Veigar,-0.40,51222
Viktor,,Nasus,1.23,6727
Viktor,,Syndra,-1.64,76739
Viktor,,Fizz,-0.38,44273
Viktor,,Kassadin,-2.06,18125
Viktor,,Ziggs,-1.92,9313
Viktor,,Hwei,-1.32,37534
Viktor,,Lux,-0.58,41023
Viktor,,Heimerdinger,1.33,4065
Viktor,,Neeko,-1.77,3070
Viktor,,Poppy,-1.67,158
Viktor,,Tryndamere,1.77,3235
Viktor,,Briar,2.04,2647
Viktor,,Vel'Koz,-0.80,9540
Viktor,,Akali,-2.73,57613
Viktor,,Gwen,0.55,6262
Viktor,,Mordekaiser,2.05,1876
Viktor,,Yorick,-0.86,2411
Viktor,,Twisted Fate,-0.78,38474
Viktor,,Aurelion Sol,-0.73,13670
Viktor,,Kog'Maw,-0.14,2081
Viktor,,Tahm Kench,0.35,718
Viktor,,Anivia,-0.99,19231
Viktor,,Kalista,-0.63,529
Viktor,,Ahri,-0.19,81486
Viktor,,Kennen,0.82,2252
Viktor,,Karthus,-1.30,1306
Viktor,,Diana,-0.19,30227
Viktor,,Ekko,-0.13,24497
Viktor,,Zac,1.81,858
Viktor,,Ivern,-3.62,170
Viktor,,Rek'Sai,1.38,146
Viktor,,Fiddlesticks,1.32,641
Viktor,,Garen,2.11,3569
Viktor,,Morgana,0.34,5539
Viktor,,Zoe,-1.68,20329
Viktor,,Yone,-0.71,69274
Viktor,,Lillia,-2.78,112
Viktor,,Seraphine,-2.19,2277
Viktor,,Ambessa,0.78,2107
Viktor,,Soraka,-6.96,206
Viktor,,Locke,-1.72,41443
Viktor,,Sylas,-0.84,64333
Viktor,,Malzahar,1.85,64252
Viktor,,Naafiri,0.35,19069
Viktor,,Irelia,-0.44,23064
Viktor,,Talon,-0.94,15658
Viktor,,Pyke,-4.30,504
Viktor,,Sion,1.75,5408
Viktor,,Swain,1.89,6598
Viktor,,Rumble,0.69,983
Viktor,,Aurora,-0.60,15712
Viktor,,Zed,-0.27,59395
Viktor,,Vladimir,1.35,25642
Viktor,,Udyr,-4.48,331
Viktor,,Katarina,0.09,44650
Viktor,,Jarvan IV,0.28,645
Viktor,,Brand,1.23,9695
Viktor,,Xin Zhao,1.09,1623
Viktor,,Nidalee,-3.45,407
Viktor,,Kayle,2.14,2515
Viktor,,Pantheon,2.30,6484
Viktor,,Akshan,-0.33,15894
Viktor,,Galio,0.46,34811
Viktor,,Annie,0.96,14321
Viktor,,LeBlanc,-0.19,32598
Viktor,,Viego,0.13,1730
Viktor,,Twitch,-1.61,1327
Viktor,,Sett,4.07,1272
Viktor,,Kled,4.19,865
Viktor,,Gangplank,1.00,4472
Viktor,,Aatrox,-0.06,1335
Viktor,,Zyra,0.67,1741
Viktor,,Karma,-1.30,1231
Viktor,,Vex,2.51,26756
Viktor,,Ornn,0.26,549
Viktor,,Sejuani,0.36,358
Viktor,,Jhin,-1.35,2125
Viktor,,Malphite,2.44,5840
Viktor,,Teemo,2.69,2472
Viktor,,Dr. Mundo,0.52,1325
Viktor,,Kayn,0.17,254
Viktor,,Riven,1.82,3636
Viktor,,Shen,2.85,627
Viktor,,Jayce,-0.22,5688
Viktor,,Cho'Gath,2.15,4101
Viktor,,Darius,1.24,622
Viktor,,Qiyana,-0.89,12870
Viktor,,Trundle,0.38,212
Viktor,,Quinn,3.80,1996
Viktor,,Lissandra,2.83,31492
Viktor,,Urgot,2.37,427
Viktor,,Draven,-0.46,535
Viktor,,Zeri,-0.31,428
Viktor,,Ashe,-2.70,1176
Viktor,,Cassiopeia,0.47,14402
Viktor,,Orianna,-0.42,29222
Viktor,,Master Yi,2.59,1238
Viktor,,Taliyah,0.90,8455
Viktor,,Yasuo,2.27,73727
Viktor,,Olaf,4.50,502
Viktor,,Ryze,0.81,24449
Viktor,,Rakan,2.44,190
Viktor,,Lee Sin,-1.61,997
Viktor,,K'Sante,1.49,658
Viktor,,Kindred,-1.20,241
Viktor,,Vi,3.16,673
Viktor,,Wukong,5.05,716
Viktor,,Nocturne,5.59,560
Viktor,,Jax,3.90,610
Viktor,,Tristana,2.35,7068
Viktor,,Zaahen,4.03,447
Viktor,,Renekton,6.43,1346
Viktor,,Vayne,3.16,1176
Viktor,,Elise,4.61,176
Viktor,,Illaoi,6.83,686
Viktor,,Kha'Zix,-3.31,103
Viktor,,Senna,-0.10,353
Viktor,,Varus,0.92,2123
Viktor,,Fiora,6.61,454
Viktor,,Camille,4.06,410
Viktor,,Azir,1.74,14609
Viktor,,Aphelios,2.17,369
Viktor,,Kai'Sa,1.32,2543
Viktor,,Graves,2.76,598
Viktor,,Caitlyn,1.84,2209
Viktor,,Mel,2.20,28891
Viktor,,Thresh,-1.22,195
Viktor,,Volibear,5.12,385
Viktor,,Miss Fortune,2.41,1430
Viktor,,Shyvana,2.00,157
Viktor,,Ezreal,1.38,4770
Viktor,,Smolder,4.88,4303
Viktor,,Gnar,4.59,262
Viktor,,Corki,3.37,2305
Viktor,,Xayah,5.96,146
Viktor,,Lulu,2.55,204
Viktor,,Alistar,2.49,196
Viktor,,Shaco,5.28,227
Viktor,,Nautilus,3.92,300
Viktor,,Samira,4.70,303
Viktor,,Jinx,7.21,322
Viktor,,Lucian,4.21,1877
Viktor,,Yunara,4.12,257
Viktor,,Blitzcrank,0.51,123
Viktor,,Sivir,7.31,387
Viktor,,Bel'Veth,6.02,185
Vladimir,,Fiddlesticks,-8.92,582
Vladimir,,Mordekaiser,-4.26,990
Vladimir,,Malzahar,-5.15,29950
Vladimir,,Nasus,-1.99,3543
Vladimir,,Yorick,-4.89,887
Vladimir,,Zilean,-2.81,904
Vladimir,,Kog'Maw,-4.25,894
Vladimir,,Heimerdinger,-1.26,2147
Vladimir,,Cho'Gath,-3.79,2097
Vladimir,,Kled,-0.81,434
Vladimir,,Tahm Kench,-1.59,366
Vladimir,,Brand,-2.10,4330
Vladimir,,Aphelios,-5.83,217
Vladimir,,Viktor,-1.35,25642
Vladimir,,Tryndamere,1.05,1398
Vladimir,,Briar,1.23,1013
Vladimir,,Swain,-0.82,3424
Vladimir,,Anivia,-2.52,8056
Vladimir,,Syndra,-1.68,25383
Vladimir,,Veigar,-0.11,24807
Vladimir,,Garen,0.61,1681
Vladimir,,Hwei,-1.21,13237
Vladimir,,Aatrox,-3.16,553
Vladimir,,Xerath,0.31,13928
Vladimir,,Singed,3.31,699
Vladimir,,Nunu & Willump,-3.53,715
Vladimir,,Vel'Koz,-0.93,3506
Vladimir,,Lux,-0.24,16423
Vladimir,,Galio,-1.64,12397
Vladimir,,Shen,-0.02,295
Vladimir,,Zoe,-2.33,8922
Vladimir,,Twisted Fate,-0.67,12138
Vladimir,,Gragas,0.44,1357
Vladimir,,Kassadin,-0.84,10622
Vladimir,,Sett,2.28,608
Vladimir,,Yunara,-9.45,114
Vladimir,,Aurelion Sol,-0.54,6320
Vladimir,,Diana,-0.32,15972
Vladimir,,Rumble,-0.33,472
Vladimir,,Quinn,0.93,1246
Vladimir,,Aurora,-1.63,6905
Vladimir,,Gnar,-4.38,155
Vladimir,,Gwen,1.38,3133
Vladimir,,Karma,-3.08,681
Vladimir,,Pantheon,1.02,3428
Vladimir,,Naafiri,-0.13,9989
Vladimir,,Morgana,0.31,2241
Vladimir,,Ahri,0.23,37025
Vladimir,,Kayle,1.14,1651
Vladimir,,Sylas,-1.03,26958
Vladimir,,Fizz,1.58,27914
Vladimir,,Gangplank,-0.38,2538
Vladimir,,Riven,0.02,2389
Vladimir,,Karthus,-0.75,595
Vladimir,,Zyra,-0.65,742
Vladimir,,Caitlyn,-4.05,1000
Vladimir,,Kennen,1.60,1183
Vladimir,,Ekko,0.63,12528
Vladimir,,Lissandra,0.94,15536
Vladimir,,Illaoi,2.11,384
Vladimir,,Jarvan IV,0.05,193
Vladimir,,Annie,0.73,7145
Vladimir,,Locke,-0.93,23076
Vladimir,,Zed,0.04,37710
Vladimir,,Viego,0.18,649
Vladimir,,Ziggs,1.06,2917
Vladimir,,Neeko,0.93,1305
Vladimir,,Ryze,-1.84,10428
Vladimir,,Cassiopeia,-1.58,7074
Vladimir,,LeBlanc,0.08,14371
Vladimir,,Taliyah,-1.21,3169
Vladimir,,Draven,-1.83,271
Vladimir,,Nautilus,-4.99,138
Vladimir,,Dr. Mundo,0.21,571
Vladimir,,Varus,-3.00,950
Vladimir,,Nidalee,-2.79,178
Vladimir,,Urgot,1.25,266
Vladimir,,Orianna,-2.14,10061
Vladimir,,Warwick,2.10,174
Vladimir,,Fiora,2.78,260
Vladimir,,Ambessa,2.44,898
Vladimir,,Talon,0.41,6753
Vladimir,,Sion,2.99,1786
Vladimir,,Seraphine,-0.39,877
Vladimir,,Yone,1.21,32041
Vladimir,,Senna,-3.76,162
Vladimir,,Teemo,2.96,1534
Vladimir,,Irelia,1.26,11635
Vladimir,,Zac,4.28,375
Vladimir,,Vex,3.35,12607
Vladimir,,Wukong,2.99,417
Vladimir,,Akshan,1.03,8605
Vladimir,,Akali,0.93,24509
Vladimir,,Qiyana,-0.81,6435
Vladimir,,Miss Fortune,-1.96,606
Vladimir,,Ashe,-3.39,618
Vladimir,,Twitch,0.01,652
Vladimir,,Xin Zhao,2.94,805
Vladimir,,Nocturne,3.73,204
Vladimir,,Smolder,-0.23,1711
Vladimir,,Katarina,2.39,35443
Vladimir,,Malphite,4.11,2747
Vladimir,,Jhin,0.33,808
Vladimir,,Jayce,1.06,1948
Vladimir,,Yasuo,2.08,51639
Vladimir,,Vayne,1.67,488
Vladimir,,K'Sante,1.07,222
Vladimir,,Camille,2.36,183
Vladimir,,Kindred,-1.45,117
Vladimir,,Kai'Sa,-0.47,1172
Vladimir,,Sejuani,3.03,142
Vladimir,,Mel,0.23,12443
Vladimir,,Azir,0.52,5741
Vladimir,,Samira,-1.12,150
Vladimir,,Ornn,3.56,236
Vladimir,,Darius,3.79,317
Vladimir,,Tristana,2.52,2489
Vladimir,,Trundle,3.19,111
Vladimir,,Renekton,6.58,642
Vladimir,,Jinx,2.08,139
Vladimir,,Master Yi,4.76,589
Vladimir,,Shaco,1.26,115
Vladimir,,Olaf,6.78,189
Vladimir,,Corki,0.52,905
Vladimir,,Jax,5.50,325
Vladimir,,Udyr,1.13,128
Vladimir,,Kalista,6.42,240
Vladimir,,Vi,5.37,325
Vladimir,,Zeri,4.12,164
Vladimir,,Ezreal,0.56,1774
Vladimir,,Elise,6.67,124
Vladimir,,Lee Sin,2.40,381
Vladimir,,Graves,4.62,295
Vladimir,,Zaahen,7.17,272
Vladimir,,Kayn,7.04,160
Vladimir,,Pyke,4.01,217
Vladimir,,Lucian,1.59,770
Vladimir,,Volibear,7.80,228
Vladimir,,Sivir,2.06,148
Vladimir,,Blitzcrank,0.66,106
Volibear,,LeBlanc,-10.84,270
Volibear,,Ahri,-5.15,521
Volibear,,Neeko,-7.97,250
Volibear,,Teemo,-5.08,25888
Volibear,,Jinx,-13.00,106
Volibear,,Lissandra,-4.59,888
Volibear,,Jax,-5.39,33499
Volibear,,Quinn,-5.34,3170
Volibear,,Hwei,-3.71,306
Volibear,,Heimerdinger,-4.49,8827
Volibear,,Aurelion Sol,-4.60,401
Volibear,,Kayle,-3.91,10303
Volibear,,Illaoi,-3.42,20005
Volibear,,Vel'Koz,-3.54,372
Volibear,,Zoe,-3.87,249
Volibear,,Syndra,-2.52,304
Volibear,,Lux,-5.53,307
Volibear,,Karma,-6.83,443
Volibear,,Naafiri,-3.45,1456
Volibear,,Zilean,-2.52,867
Volibear,,Aurora,-5.18,1143
Volibear,,Aphelios,-7.92,122
Volibear,,Annie,-2.66,259
Volibear,,Urgot,-2.21,12578
Volibear,,Zed,-2.14,1194
Volibear,,Singed,-0.84,8181
Volibear,,Brand,-3.24,1268
Volibear,,Kog'Maw,-3.38,362
Volibear,,Vayne,-4.39,10666
Volibear,,Fizz,-4.78,403
Volibear,,Morgana,-3.85,665
Volibear,,Kennen,-3.60,4223
Volibear,,Shen,-1.88,12072
Volibear,,Viktor,-2.05,627
Volibear,,Gnar,-3.91,11769
Volibear,,Malzahar,-1.96,2319
Volibear,,Senna,-4.53,373
Volibear,,Kai'Sa,-5.70,643
Volibear,,Sejuani,-2.15,715
Volibear,,Dr. Mundo,-0.49,18357
Volibear,,Galio,-2.37,737
Volibear,,Swain,-2.64,2422
Volibear,,Ryze,-3.21,1546
Volibear,,Ornn,-0.11,11586
Volibear,,Akali,-2.15,7784
Volibear,,Wukong,-0.10,2915
Volibear,,Smolder,-5.59,1031
Volibear,,Varus,-3.52,2102
Volibear,,Nasus,1.01,28264
Volibear,,Corki,-5.63,217
Volibear,,Anivia,-0.21,1560
Volibear,,Gangplank,-0.93,13917
Volibear,,Twisted Fate,-3.66,719
Volibear,,Vex,-0.57,151
Volibear,,Garen,0.87,36274
Volibear,,Malphite,0.54,20197
Volibear,,Rek'Sai,0.36,260
Volibear,,Veigar,-0.01,899
Volibear,,Poppy,-0.30,3690
Volibear,,Warwick,1.47,6246
Volibear,,Jayce,-3.01,8496
Volibear,,Caitlyn,-4.70,928
Volibear,,Yorick,1.51,20431
Volibear,,Cho'Gath,-0.38,11663
Volibear,,Sion,0.20,10831
Volibear,,Viego,-2.85,510
Volibear,,Gragas,-1.31,4949
Volibear,,Renekton,0.40,21586
Volibear,,Vladimir,-1.00,3030
Volibear,,Sett,2.05,41621
Volibear,,Mordekaiser,2.24,61814
Volibear,,Karthus,-1.52,246
Volibear,,Twitch,-7.21,117
Volibear,,Cassiopeia,-0.52,1138
Volibear,,Kassadin,1.83,273
Volibear,,Briar,1.39,1446
Volibear,,Kled,2.08,6199
Volibear,,Maokai,0.14,1589
Volibear,,Aatrox,0.55,21490
Volibear,,Graves,-2.83,802
Volibear,,Azir,0.67,289
Volibear,,Pantheon,0.70,10098
Volibear,,Zac,3.07,1374
Volibear,,Gwen,-0.06,10273
Volibear,,Shyvana,-2.15,818
Volibear,,Yone,1.56,29890
Volibear,,Olaf,1.78,10495
Volibear,,Akshan,1.07,449
Volibear,,Lillia,-3.05,334
Volibear,,Fiora,0.79,12233
Volibear,,Tryndamere,2.39,18008
Volibear,,Zaahen,1.65,12055
Volibear,,Trundle,1.22,10418
Volibear,,Mel,-3.54,365
Volibear,,K'Sante,-1.91,10649
Volibear,,Ziggs,-0.23,205
Volibear,,Qiyana,1.50,235
Volibear,,Shaco,-1.66,825
Volibear,,Camille,1.45,7180
Volibear,,Zyra,0.54,183
Volibear,,Elise,2.01,192
Volibear,,Rumble,0.24,4333
Volibear,,Ekko,0.56,567
Volibear,,Ambessa,1.28,10807
Volibear,,Darius,2.12,44198
Volibear,,Lulu,-3.99,147
Volibear,,Fiddlesticks,3.48,1150
Volibear,,Udyr,1.19,1888
Volibear,,Jhin,-0.03,519
Volibear,,Locke,-1.42,1998
Volibear,,Diana,1.32,383
Volibear,,Tahm Kench,3.82,12690
Volibear,,Zeri,0.48,108
Volibear,,Tristana,-0.11,635
Volibear,,Nautilus,-0.81,373
Volibear,,Nocturne,4.23,353
Volibear,,Miss Fortune,-3.44,186
Volibear,,Talon,0.63,160
Volibear,,Ivern,0.83,261
Volibear,,Kalista,2.80,537
Volibear,,Sylas,4.35,2783
Volibear,,Riven,2.38,8926
Volibear,,Ashe,-0.05,1048
Volibear,,Taric,-2.57,138
Volibear,,Nidalee,-2.00,223
Volibear,,Rammus,2.16,255
Volibear,,Bel'Veth,-2.21,273
Volibear,,Yasuo,3.99,13398
Volibear,,Vi,1.21,486
Volibear,,Kayn,3.55,1804
Volibear,,Lucian,-2.24,303
Volibear,,Master Yi,3.29,3080
Volibear,,Alistar,0.81,326
Volibear,,Draven,3.55,340
Volibear,,Irelia,6.33,15796
Volibear,,Rengar,1.47,1201
Volibear,,Xin Zhao,6.03,1193
Volibear,,Katarina,6.34,354
Volibear,,Soraka,3.57,154
Volibear,,Lee Sin,2.24,653
Volibear,,Thresh,-1.53,185
Volibear,,Skarner,3.40,628
Volibear,,Leona,-2.78,179
Volibear,,Jarvan IV,4.90,211
Volibear,,Ezreal,2.64,416
Volibear,,Amumu,1.53,131
Volibear,,Blitzcrank,4.72,117
Warwick,,Sion,-3.14,1728
Warwick,,Rammus,-1.61,23143
Warwick,,Zyra,-2.38,3197
Warwick,,Shyvana,-0.95,46270
Warwick,,Morgana,-3.98,2584
Warwick,,Lillia,-2.46,25591
Warwick,,Nasus,-2.12,27591
Warwick,,Amumu,-1.80,32990
Warwick,,Zaahen,-2.01,3231
Warwick,,Briar,-0.65,57937
Warwick,,Volibear,-2.41,19328
Warwick,,Trundle,-2.16,10359
Warwick,,Sejuani,-1.49,14521
Warwick,,Teemo,-1.78,9142
Warwick,,Ivern,-2.40,5136
Warwick,,Cho'Gath,-0.55,4905
Warwick,,Jax,-1.86,37252
Warwick,,Bel'Veth,-0.89,28886
Warwick,,Darius,-0.93,7149
Warwick,,Mordekaiser,0.47,8148
Warwick,,Shen,-1.59,2999
Warwick,,Taric,-3.64,303
Warwick,,Dr. Mundo,-0.42,6611
Warwick,,Wukong,0.63,35504
Warwick,,Yorick,-0.92,1458
Warwick,,Nocturne,0.23,73138
Warwick,,Maokai,-0.93,3164
Warwick,,Aatrox,-0.02,6752
Warwick,,Malphite,-1.84,9712
Warwick,,Graves,-1.15,61029
Warwick,,Shaco,-0.92,45785
Warwick,,Quinn,-0.66,9540
Warwick,,Tryndamere,0.95,7419
Warwick,,Udyr,-0.05,15130
Warwick,,Jarvan IV,-0.01,27790
Warwick,,Ekko,-0.57,22793
Warwick,,Kayn,0.26,92784
Warwick,,Karthus,-1.70,7569
Warwick,,Zac,0.22,14760
Warwick,,Gragas,-0.79,3311
Warwick,,Olaf,-0.88,3774
Warwick,,Brand,-2.20,2021
Warwick,,Fizz,0.65,3787
Warwick,,Naafiri,0.22,28430
Warwick,,Taliyah,0.36,1919
Warwick,,Pantheon,-1.11,7074
Warwick,,Vi,0.85,39237
Warwick,,Fiddlesticks,0.70,16648
Warwick,,Xin Zhao,1.05,26645
Warwick,,Poppy,0.57,3181
Warwick,,Jayce,-0.86,4375
Warwick,,Evelynn,0.89,16546
Warwick,,Viego,0.91,91083
Warwick,,Singed,-1.60,908
Warwick,,Nunu & Willump,-0.22,15754
Warwick,,Gwen,0.79,5878
Warwick,,Kindred,-0.55,17443
Warwick,,Kayle,-2.27,216
Warwick,,Ambessa,0.46,4817
Warwick,,Talon,1.14,19309
Warwick,,Galio,-6.14,237
Warwick,,Ornn,-1.77,332
Warwick,,Rumble,-0.32,609
Warwick,,Sett,-0.61,1236
Warwick,,Elise,1.34,6856
Warwick,,Sylas,1.18,38042
Warwick,,Master Yi,1.59,89685
Warwick,,Rek'Sai,2.14,4627
Warwick,,Hecarim,0.83,21510
Warwick,,Riven,-1.93,922
Warwick,,Kai'Sa,-3.90,484
Warwick,,Neeko,0.44,491
Warwick,,Lee Sin,1.37,64489
Warwick,,Vayne,-1.09,919
Warwick,,Kha'Zix,1.89,26911
Warwick,,Skarner,1.21,5997
Warwick,,Aurelion Sol,-0.67,447
Warwick,,Diana,2.05,25719
Warwick,,Nautilus,-0.57,1020
Warwick,,Zeri,-2.31,225
Warwick,,Zed,1.24,12429
Warwick,,Camille,-0.61,668
Warwick,,Urgot,1.30,450
Warwick,,Nidalee,2.77,8881
Warwick,,Jhin,-5.20,517
Warwick,,Kled,-0.08,145
Warwick,,Yone,-0.40,748
Warwick,,Garen,-1.18,1807
Warwick,,Qiyana,1.70,10521
Warwick,,Renekton,-3.98,189
Warwick,,Twitch,-2.20,2378
Warwick,,Caitlyn,-5.75,132
Warwick,,Tahm Kench,-0.60,296
Warwick,,Tristana,-3.11,205
Warwick,,Ezreal,-2.77,246
Warwick,,Rengar,2.54,30250
Warwick,,Locke,0.92,13427
Warwick,,Twisted Fate,-0.85,239
Warwick,,Leona,1.85,162
Warwick,,Katarina,1.14,155
Warwick,,Irelia,-1.52,119
Warwick,,Gnar,7.28,169
Warwick,,Yasuo,1.31,388
Warwick,,Heimerdinger,7.59,164
Warwick,,Malzahar,8.39,229
Warwick,,Blitzcrank,-2.60,124
Warwick,,Illaoi,4.29,112
Wukong,,Mordekaiser,-3.50,5062
Wukong,,Cho'Gath,-2.64,3259
Wukong,,Lillia,-2.74,23642
Wukong,,Sion,-1.67,1304
Wukong,,Shyvana,-0.80,33533
Wukong,,Dr. Mundo,-2.22,4885
Wukong,,Teemo,-2.63,6233
Wukong,,Amumu,-1.91,19102
Wukong,,Taliyah,-3.39,2458
Wukong,,Maokai,-2.43,3231
Wukong,,Tryndamere,-1.09,3990
Wukong,,Ivern,-2.64,4171
Wukong,,Warwick,-0.64,35504
Wukong,,Morgana,-2.60,1839
Wukong,,Zyra,-0.82,3624
Wukong,,Darius,-1.04,5042
Wukong,,Rumble,-4.29,603
Wukong,,Gwen,-2.58,4634
Wukong,,Nasus,-0.45,16620
Wukong,,Karthus,-3.49,6172
Wukong,,Briar,0.88,39135
Wukong,,Aatrox,-0.29,5787
Wukong,,Taric,-3.29,171
Wukong,,Rammus,1.66,10719
Wukong,,Yorick,-0.93,879
Wukong,,Jax,-0.88,19812
Wukong,,Zaahen,-0.01,2611
Wukong,,Fiddlesticks,-1.20,11719
Wukong,,Brand,-3.51,1557
Wukong,,Heimerdinger,-7.61,100
Wukong,,Ekko,-1.22,18249
Wukong,,Kayle,-4.72,131
Wukong,,Zac,-0.72,13285
Wukong,,Udyr,-0.60,11090
Wukong,,Bel'Veth,0.24,22461
Wukong,,Neeko,-3.43,390
Wukong,,Urgot,-3.95,260
Wukong,,Jarvan IV,-0.18,32610
Wukong,,Sejuani,0.56,11243
Wukong,,Shaco,-0.84,30336
Wukong,,Xin Zhao,-0.06,25840
Wukong,,Elise,-0.84,6559
Wukong,,Nunu & Willump,-1.58,11246
Wukong,,Trundle,0.31,5599
Wukong,,Ambessa,-1.11,4291
Wukong,,Rek'Sai,-0.29,5016
Wukong,,Nocturne,1.39,58499
Wukong,,Fizz,0.22,3700
Wukong,,Evelynn,-0.12,12073
Wukong,,Gragas,-0.82,2884
Wukong,,Volibear,0.44,9019
Wukong,,Viego,-0.01,66580
Wukong,,Graves,0.03,64867
Wukong,,Hecarim,-1.16,18893
Wukong,,Diana,-1.16,19457
Wukong,,Talon,0.13,18992
Wukong,,Malphite,-0.18,6980
Wukong,,Sylas,-0.13,38243
Wukong,,Kayn,1.25,59916
Wukong,,Nidalee,-1.66,9512
Wukong,,Shen,0.85,2238
Wukong,,Vi,1.19,42734
Wukong,,Lee Sin,-0.93,74172
Wukong,,Sett,-1.43,674
Wukong,,Quinn,1.04,6604
Wukong,,Skarner,-1.02,5698
Wukong,,Ornn,-2.16,224
Wukong,,Poppy,1.13,3253
Wukong,,Singed,-1.08,629
Wukong,,Jayce,0.00,7138
Wukong,,Riven,-2.50,789
Wukong,,Kha'Zix,0.57,24048
Wukong,,Kindred,0.40,12754
Wukong,,Olaf,1.26,2394
Wukong,,Camille,-2.80,606
Wukong,,Naafiri,2.16,27811
Wukong,,Yone,-3.32,598
Wukong,,Master Yi,2.74,53813
Wukong,,Leona,-6.11,103
Wukong,,Zed,0.59,11067
Wukong,,Pantheon,2.31,6538
Wukong,,Vayne,-0.47,576
Wukong,,Aurelion Sol,0.00,400
Wukong,,Qiyana,-0.48,10117
Wukong,,Nautilus,0.40,748
Wukong,,Kai'Sa,-1.80,493
Wukong,,Tahm Kench,-2.93,189
Wukong,,Twisted Fate,-4.23,183
Wukong,,Locke,-1.27,9391
Wukong,,Rengar,0.81,20626
Wukong,,Yasuo,-4.39,228
Wukong,,Tristana,-2.64,126
Wukong,,Twitch,-0.62,1472
Wukong,,Garen,1.18,1060
Wukong,,Renekton,-1.29,102
Wukong,,Ezreal,-0.97,175
Wukong,,Zeri,4.28,208
Wukong,,Galio,2.71,129
Wukong,,Jhin,1.33,427
Wukong,,Malzahar,6.77,128
Xayah,,Fiora,-3.67,294
Xayah,,Seraphine,-2.40,8233
Xayah,,Veigar,-2.03,8666
Xayah,,Yorick,-8.12,118
Xayah,,Xerath,-1.91,7339
Xayah,,Brand,-1.42,3550
Xayah,,Mordekaiser,-4.61,191
Xayah,,Vel'Koz,-1.61,1876
Xayah,,Zyra,-2.41,441
Xayah,,Swain,-0.40,4055
Xayah,,Karthus,0.46,1442
Xayah,,Sett,-1.92,210
Xayah,,Jinx,-1.52,48517
Xayah,,Ziggs,-1.07,14164
Xayah,,Senna,-1.10,8215
Xayah,,Smolder,-1.27,18177
Xayah,,Lux,-0.16,3949
Xayah,,Vladimir,-0.82,1833
Xayah,,Kog'Maw,-0.26,6045
Xayah,,Viktor,-0.50,9629
Xayah,,Heimerdinger,0.90,684
Xayah,,Hwei,0.70,3908
Xayah,,Kindred,-5.61,181
Xayah,,Anivia,-3.16,508
Xayah,,Ahri,-1.50,607
Xayah,,Miss Fortune,-0.76,58766
Xayah,,Twitch,-0.10,20723
Xayah,,Tahm Kench,2.04,885
Xayah,,Malzahar,0.33,1890
Xayah,,Aurelion Sol,2.17,1762
Xayah,,Zeri,0.03,10446
Xayah,,Jhin,-1.34,52974
Xayah,,Ashe,-1.10,32131
Xayah,,Syndra,-0.80,8113
Xayah,,Caitlyn,-1.19,70640
Xayah,,Annie,-1.16,273
Xayah,,Sivir,0.03,13517
Xayah,,Zilean,-1.74,122
Xayah,,Teemo,1.32,1149
Xayah,,Tristana,0.39,35727
Xayah,,Orianna,-3.86,343
Xayah,,Cassiopeia,-1.56,1345
Xayah,,Aphelios,-0.05,13832
Xayah,,Pantheon,-2.92,316
Xayah,,Kayle,0.22,151
Xayah,,Yunara,-0.24,21306
Xayah,,Vayne,0.89,23530
Xayah,,Gwen,3.39,212
Xayah,,Draven,-0.14,11947
Xayah,,Quinn,-0.15,249
Xayah,,Singed,3.27,235
Xayah,,Azir,-4.22,214
Xayah,,Samira,1.59,27796
Xayah,,Lucian,0.10,28589
Xayah,,Graves,-0.64,195
Xayah,,Yone,1.52,1198
Xayah,,Vex,1.15,310
Xayah,,Yasuo,3.07,7475
Xayah,,Kai'Sa,1.69,119889
Xayah,,Kalista,0.64,6242
Xayah,,Shen,3.20,107
Xayah,,Irelia,1.11,560
Xayah,,Corki,1.24,4714
Xayah,,Taliyah,0.52,738
Xayah,,Qiyana,0.90,108
Xayah,,Gangplank,-2.18,117
Xayah,,Riven,2.35,128
Xayah,,Ezreal,-0.30,46690
Xayah,,Mel,0.24,11959
Xayah,,Varus,-0.21,9350
Xayah,,LeBlanc,-2.56,192
Xayah,,Aurora,1.64,317
Xayah,,Dr. Mundo,1.28,164
Xayah,,Olaf,5.70,254
Xayah,,Nilah,6.03,4884
Xayah,,Viego,4.74,850
Xayah,,Akshan,1.78,490
Xayah,,Kennen,-0.63,121
Xayah,,Katarina,5.96,2805
Xayah,,Cho'Gath,0.23,333
Xayah,,Ryze,1.88,272
Xayah,,Sion,2.97,416
Xayah,,Fizz,4.30,269
Xayah,,Zoe,0.30,252
Xayah,,Garen,1.08,131
Xayah,,Master Yi,7.19,489
Xayah,,Lissandra,2.40,342
Xayah,,Jayce,0.97,317
Xayah,,Morgana,2.83,341
Xayah,,Zed,4.02,369
Xayah,,Twisted Fate,1.94,640
Xayah,,Locke,2.80,843
Xayah,,Akali,-1.66,314
Xayah,,Xin Zhao,2.81,113
Xayah,,Neeko,1.98,191
Xayah,,Ekko,5.89,288
Xayah,,Nasus,4.14,128
Xayah,,Malphite,1.55,176
Xayah,,Pyke,1.94,108
Xayah,,Naafiri,8.77,391
Xayah,,Sylas,4.52,761
Xayah,,Diana,4.88,157
Xayah,,Jax,6.75,147
Xayah,,Aatrox,3.95,160
Xayah,,Rengar,4.48,289
Xayah,,Galio,7.83,101
Xayah,,Darius,7.08,172
Xayah,,Briar,13.72,188
Xayah,,Nidalee,4.94,113
Xerath,,Singed,-7.20,776
Xerath,,Zac,-7.25,395
Xerath,,Briar,-4.49,1184
Xerath,,Nasus,-4.37,3450
Xerath,,Gwen,-4.31,3696
Xerath,,Shen,-4.96,351
Xerath,,Olaf,-4.90,236
Xerath,,Zilean,-3.21,1151
Xerath,,Dr. Mundo,-6.56,739
Xerath,,Fizz,-3.37,30829
Xerath,,Nocturne,-3.45,362
Xerath,,Pyke,-9.05,359
Xerath,,Tahm Kench,-3.19,423
Xerath,,Viego,-5.00,767
Xerath,,Riven,-3.80,2211
Xerath,,Naafiri,-3.58,13654
Xerath,,Irelia,-4.20,11864
Xerath,,Fiora,-2.05,318
Xerath,,Garen,-0.81,1998
Xerath,,Sion,-1.85,2513
Xerath,,Xin Zhao,-2.70,989
Xerath,,Tryndamere,0.54,1576
Xerath,,Kled,0.20,410
Xerath,,Katarina,-3.30,27646
Xerath,,Locke,-4.03,24015
Xerath,,Kalista,-2.07,339
Xerath,,Lulu,-8.73,122
Xerath,,Ekko,-1.63,14136
Xerath,,Kassadin,-2.03,9544
Xerath,,Cho'Gath,-1.80,2268
Xerath,,Quinn,-0.29,1261
Xerath,,Warwick,-1.15,159
Xerath,,Yone,-2.15,35121
Xerath,,Kayle,-0.34,1533
Xerath,,Ambessa,-0.73,1035
Xerath,,Rakan,-2.82,103
Xerath,,Master Yi,-2.18,772
Xerath,,Teemo,-0.34,1843
Xerath,,Mordekaiser,1.77,970
Xerath,,Akali,-2.72,26056
Xerath,,Sett,1.70,659
Xerath,,Darius,-2.21,384
Xerath,,Vayne,-3.08,811
Xerath,,Akshan,-2.41,9179
Xerath,,Swain,0.35,3620
Xerath,,Vladimir,-0.33,13928
Xerath,,Talon,-2.28,6848
Xerath,,Sylas,-1.98,30224
Xerath,,LeBlanc,-2.19,18828
Xerath,,Nunu & Willump,-2.79,879
Xerath,,Yorick,-0.59,1144
Xerath,,Gragas,0.44,1355
Xerath,,Zeri,-3.78,234
Xerath,,Diana,-0.41,17705
Xerath,,Ahri,-0.22,46564
Xerath,,Sejuani,-1.55,155
Xerath,,Yasuo,-1.44,41917
Xerath,,Twisted Fate,-0.08,18577
Xerath,,Pantheon,1.31,3651
Xerath,,Nidalee,-4.33,281
Xerath,,Malzahar,1.84,44154
Xerath,,Aurora,-0.98,8785
Xerath,,Camille,-1.33,249
Xerath,,Galio,-0.21,16579
Xerath,,Zed,-0.49,36210
Xerath,,Kog'Maw,1.01,1218
Xerath,,Neeko,0.37,1781
Xerath,,Vex,1.64,18260
Xerath,,K'Sante,-2.01,281
Xerath,,Lux,1.98,30548
Xerath,,Malphite,1.70,3695
Xerath,,Zoe,-0.61,11253
Xerath,,Annie,0.89,9306
Xerath,,Kennen,2.30,1432
Xerath,,Aatrox,-0.41,562
Xerath,,Ornn,-0.16,279
Xerath,,Vel'Koz,1.67,6180
Xerath,,Syndra,1.57,43384
Xerath,,Heimerdinger,4.31,2907
Xerath,,Morgana,1.84,3447
Xerath,,Wukong,2.03,409
Xerath,,Aurelion Sol,1.50,7762
Xerath,,Twitch,-1.29,949
Xerath,,Fiddlesticks,2.96,388
Xerath,,Veigar,3.11,40045
Xerath,,Viktor,2.41,53153
Xerath,,Qiyana,-1.48,7401
Xerath,,Kindred,-3.59,158
Xerath,,Anivia,1.56,10729
Xerath,,Kayn,0.25,156
Xerath,,Brand,2.37,6286
Xerath,,Nautilus,-4.34,185
Xerath,,Hwei,2.60,23147
Xerath,,Trundle,0.25,144
Xerath,,Zaahen,1.26,240
Xerath,,Jax,1.50,371
Xerath,,Ryze,-0.49,10569
Xerath,,Lissandra,2.89,20076
Xerath,,Karthus,1.71,815
Xerath,,Ziggs,2.52,6397
Xerath,,Gangplank,2.44,2758
Xerath,,Zyra,2.09,1049
Xerath,,Jayce,0.70,2640
Xerath,,Vi,2.23,383
Xerath,,Thresh,-3.99,124
Xerath,,Urgot,3.55,249
Xerath,,Jhin,0.95,1406
Xerath,,Jarvan IV,3.35,435
Xerath,,Karma,1.32,714
Xerath,,Sivir,-3.24,264
Xerath,,Lee Sin,-1.24,538
Xerath,,Tristana,1.58,4154
Xerath,,Renekton,5.80,695
Xerath,,Seraphine,2.45,1346
Xerath,,Volibear,2.99,214
Xerath,,Illaoi,6.21,383
Xerath,,Shaco,0.17,180
Xerath,,Kai'Sa,0.26,1619
Xerath,,Bel'Veth,-4.03,102
Xerath,,Ashe,-1.00,860
Xerath,,Orianna,1.22,13541
Xerath,,Samira,-0.72,237
Xerath,,Cassiopeia,2.23,7372
Xerath,,Gnar,1.55,160
Xerath,,Elise,4.90,106
Xerath,,Soraka,-1.23,104
Xerath,,Udyr,0.65,154
Xerath,,Taliyah,3.33,4250
Xerath,,Draven,2.83,340
Xerath,,Graves,2.96,419
Xerath,,Rumble,6.61,452
Xerath,,Alistar,-0.14,127
Xerath,,Azir,3.64,8880
Xerath,,Smolder,4.27,2648
Xerath,,Mel,3.68,22404
Xerath,,Varus,3.28,1222
Xerath,,Lucian,0.50,1074
Xerath,,Jinx,4.96,239
Xerath,,Senna,3.93,202
Xerath,,Ezreal,2.92,3220
Xerath,,Yunara,1.50,148
Xerath,,Aphelios,6.70,230
Xerath,,Miss Fortune,6.42,983
Xerath,,Caitlyn,7.03,1553
Xerath,,Corki,5.91,1156
Xerath,,Blitzcrank,0.70,101
Xin Zhao,,Mordekaiser,-2.45,3564
Xin Zhao,,Zaahen,-2.86,1918
Xin Zhao,,Nasus,-2.52,12739
Xin Zhao,,Aatrox,-2.34,3950
Xin Zhao,,Shyvana,-0.27,22570
Xin Zhao,,Tryndamere,-1.49,3234
Xin Zhao,,Warwick,-1.06,26645
Xin Zhao,,Sion,-0.83,838
Xin Zhao,,Trundle,-2.21,6020
Xin Zhao,,Briar,-0.33,24718
Xin Zhao,,Wukong,0.06,25840
Xin Zhao,,Rammus,1.35,7917
Xin Zhao,,Cho'Gath,0.17,2298
Xin Zhao,,Volibear,-1.13,6528
Xin Zhao,,Dr. Mundo,-0.18,3342
Xin Zhao,,Jax,-0.96,16291
Xin Zhao,,Nocturne,0.14,38607
Xin Zhao,,Udyr,-0.79,7294
Xin Zhao,,Viego,-1.28,43916
Xin Zhao,,Darius,-0.01,3429
Xin Zhao,,Lillia,0.04,13694
Xin Zhao,,Taliyah,-1.24,1675
Xin Zhao,,Taric,-2.93,144
Xin Zhao,,Kayn,-0.38,37933
Xin Zhao,,Yorick,-0.54,690
Xin Zhao,,Zac,-0.51,8831
Xin Zhao,,Amumu,0.71,13546
Xin Zhao,,Olaf,-1.74,1778
Xin Zhao,,Bel'Veth,0.55,14176
Xin Zhao,,Ivern,-0.60,2781
Xin Zhao,,Ambessa,-1.46,3034
Xin Zhao,,Master Yi,-0.88,35406
Xin Zhao,,Ekko,-0.51,12264
Xin Zhao,,Teemo,0.60,4672
Xin Zhao,,Graves,-0.34,42492
Xin Zhao,,Sejuani,0.97,7614
Xin Zhao,,Sylas,-0.89,29072
Xin Zhao,,Evelynn,-0.11,8819
Xin Zhao,,Zyra,1.40,2551
Xin Zhao,,Shen,0.10,1542
Xin Zhao,,Talon,-0.28,12257
Xin Zhao,,Urgot,-3.12,220
Xin Zhao,,Jarvan IV,0.62,23567
Xin Zhao,,Vi,0.56,29033
Xin Zhao,,Morgana,0.17,1397
Xin Zhao,,Rek'Sai,0.31,3364
Xin Zhao,,Gwen,0.09,2822
Xin Zhao,,Elise,0.15,4540
Xin Zhao,,Brand,-1.40,1145
Xin Zhao,,Shaco,0.69,21163
Xin Zhao,,Malphite,0.50,5461
Xin Zhao,,Kha'Zix,-0.32,16584
Xin Zhao,,Poppy,0.99,2333
Xin Zhao,,Fiddlesticks,1.48,8191
Xin Zhao,,Rumble,-0.66,421
Xin Zhao,,Nunu & Willump,0.26,8242
Xin Zhao,,Fizz,1.87,2728
Xin Zhao,,Quinn,1.67,4708
Xin Zhao,,Sett,-0.69,507
Xin Zhao,,Singed,-0.81,528
Xin Zhao,,Gragas,1.03,1917
Xin Zhao,,Lee Sin,-0.07,58408
Xin Zhao,,Naafiri,1.81,19937
Xin Zhao,,Pantheon,0.61,5166
Xin Zhao,,Skarner,0.22,3727
Xin Zhao,,Hecarim,1.05,12052
Xin Zhao,,Jayce,1.00,5720
Xin Zhao,,Diana,1.47,13674
Xin Zhao,,Nidalee,0.89,7777
Xin Zhao,,Kindred,1.65,10018
Xin Zhao,,Karthus,2.02,4329
Xin Zhao,,Maokai,4.07,2073
Xin Zhao,,Ornn,0.39,131
Xin Zhao,,Zed,1.18,7511
Xin Zhao,,Yone,-1.85,484
Xin Zhao,,Qiyana,0.70,6693
Xin Zhao,,Vayne,1.87,524
Xin Zhao,,Neeko,5.02,282
Xin Zhao,,Rengar,1.28,13436
Xin Zhao,,Nautilus,3.38,501
Xin Zhao,,Kai'Sa,1.10,350
Xin Zhao,,Riven,3.49,512
Xin Zhao,,Yasuo,-4.01,196
Xin Zhao,,Jhin,-1.86,236
Xin Zhao,,Malzahar,1.26,122
Xin Zhao,,Locke,1.11,7346
Xin Zhao,,Garen,1.96,865
Xin Zhao,,Aurelion Sol,5.12,273
Xin Zhao,,Zeri,3.49,107
Xin Zhao,,Ezreal,-1.44,115
Xin Zhao,,Galio,1.95,133
Xin Zhao,,Camille,5.21,393
Xin Zhao,,Tahm Kench,3.71,147
Xin Zhao,,Twisted Fate,2.41,147
Xin Zhao,,Tristana,4.97,118
Xin Zhao,,Twitch,7.26,1171
Yasuo,,Singed,-5.07,2329
Yasuo,,Evelynn,-8.51,173
Yasuo,,Rammus,-9.60,488
Yasuo,,Kled,-4.63,1416
Yasuo,,Tryndamere,-3.94,7251
Yasuo,,Sett,-3.97,6624
Yasuo,,Zac,-4.63,1037
Yasuo,,Fiddlesticks,-4.86,1264
Yasuo,,Rakan,-7.52,270
Yasuo,,Mordekaiser,-3.06,5240
Yasuo,,Kennen,-4.46,4559
Yasuo,,Ambessa,-4.78,3272
Yasuo,,Nasus,-2.13,12071
Yasuo,,Wukong,-4.56,2025
Yasuo,,Fiora,-3.98,1330
Yasuo,,Briar,-1.61,3922
Yasuo,,Renekton,-3.70,17790
Yasuo,,Zaahen,-5.87,1332
Yasuo,,Rumble,-4.60,1793
Yasuo,,Malzahar,-3.10,94939
Yasuo,,Rek'Sai,-2.85,235
Yasuo,,Jax,-4.96,3596
Yasuo,,Garen,-1.84,11029
Yasuo,,Kayle,-2.62,3976
Yasuo,,Kalista,-3.64,843
Yasuo,,Riven,-3.68,10536
Yasuo,,Pantheon,-2.21,23970
Yasuo,,Darius,-4.53,4085
Yasuo,,Cho'Gath,-3.45,7428
Yasuo,,Viego,-4.18,2729
Yasuo,,Viktor,-2.27,73727
Yasuo,,Lissandra,-2.78,58464
Yasuo,,Quinn,-1.73,3747
Yasuo,,Nocturne,-2.06,1081
Yasuo,,Gangplank,-3.31,7633
Yasuo,,Malphite,-2.09,19677
Yasuo,,Aurelion Sol,-2.79,20775
Yasuo,,Vladimir,-2.09,51639
Yasuo,,Sion,-1.24,5802
Yasuo,,Annie,-2.52,28289
Yasuo,,Vex,-1.37,60317
Yasuo,,Volibear,-4.01,2216
Yasuo,,Swain,-1.00,9630
Yasuo,,Kayn,-3.61,639
Yasuo,,Vi,-3.02,1437
Yasuo,,Shen,-0.97,1519
Yasuo,,Skarner,-5.74,142
Yasuo,,Illaoi,-0.07,1825
Yasuo,,Maokai,-3.47,339
Yasuo,,Yone,-2.06,159393
Yasuo,,Tahm Kench,-0.46,1563
Yasuo,,Veigar,0.23,79802
Yasuo,,Warwick,-0.97,793
Yasuo,,Xin Zhao,-1.09,3292
Yasuo,,Gragas,-0.10,4634
Yasuo,,Lillia,-3.99,299
Yasuo,,Teemo,-0.21,6713
Yasuo,,Elise,-1.76,346
Yasuo,,Taliyah,-3.46,13195
Yasuo,,Trundle,-2.79,826
Yasuo,,Fizz,0.80,78055
Yasuo,,Aatrox,-2.27,1864
Yasuo,,Brand,-0.40,14884
Yasuo,,Olaf,0.13,833
Yasuo,,Morgana,-0.16,8737
Yasuo,,Xerath,1.42,41917
Yasuo,,Heimerdinger,2.61,8302
Yasuo,,Master Yi,-1.15,2579
Yasuo,,Anivia,-0.31,20277
Yasuo,,Zilean,2.12,2388
Yasuo,,Azir,-3.86,19498
Yasuo,,Kassadin,0.19,22749
Yasuo,,Syndra,0.79,59843
Yasuo,,Nunu & Willump,-1.37,1876
Yasuo,,Urgot,0.38,1177
Yasuo,,Ivern,-2.51,210
Yasuo,,Karthus,-0.02,1790
Yasuo,,Camille,-0.73,762
Yasuo,,K'Sante,-1.82,1383
Yasuo,,Udyr,-4.29,483
Yasuo,,Gwen,2.86,9925
Yasuo,,Lux,2.33,53512
Yasuo,,Ahri,1.55,104896
Yasuo,,Draven,-1.92,710
Yasuo,,Galio,0.76,38992
Yasuo,,Vayne,-0.57,2071
Yasuo,,Ornn,0.14,660
Yasuo,,Jayce,-0.81,7204
Yasuo,,Irelia,0.80,38843
Yasuo,,Akali,0.13,97432
Yasuo,,Ekko,1.89,37981
Yasuo,,Cassiopeia,-1.20,16901
Yasuo,,Jarvan IV,1.23,930
Yasuo,,LeBlanc,0.58,41094
Yasuo,,Neeko,1.63,4260
Yasuo,,Vel'Koz,2.39,9525
Yasuo,,Aurora,0.63,19005
Yasuo,,Zed,0.94,116537
Yasuo,,Talon,0.59,22287
Yasuo,,Hwei,2.39,33406
Yasuo,,Kog'Maw,2.50,1930
Yasuo,,Poppy,1.90,599
Yasuo,,Dr. Mundo,0.74,1725
Yasuo,,Senna,-3.42,959
Yasuo,,Aphelios,-1.05,564
Yasuo,,Samira,-3.10,663
Yasuo,,Sejuani,1.52,474
Yasuo,,Shyvana,-2.90,293
Yasuo,,Diana,3.07,47482
Yasuo,,Ziggs,2.84,10160
Yasuo,,Twisted Fate,3.00,35373
Yasuo,,Katarina,2.26,81312
Yasuo,,Zoe,1.62,25206
Yasuo,,Sylas,2.19,92314
Yasuo,,Zyra,2.45,2611
Yasuo,,Karma,0.50,1713
Yasuo,,Jinx,-0.01,599
Yasuo,,Nautilus,-3.14,545
Yasuo,,Orianna,-0.30,25807
Yasuo,,Naafiri,3.57,32433
Yasuo,,Locke,1.67,71537
Yasuo,,Leona,-7.44,149
Yasuo,,Shaco,-0.98,487
Yasuo,,Pyke,-1.16,741
Yasuo,,Yorick,4.03,2751
Yasuo,,Graves,0.91,1153
Yasuo,,Soraka,-2.76,281
Yasuo,,Smolder,1.00,5874
Yasuo,,Ryze,1.49,26670
Yasuo,,Qiyana,1.39,19753
Yasuo,,Kha'Zix,-4.00,129
Yasuo,,Janna,-4.17,119
Yasuo,,Corki,-0.47,2566
Yasuo,,Xayah,1.80,267
Yasuo,,Mel,1.30,45046
Yasuo,,Alistar,-1.91,408
Yasuo,,Tristana,2.92,7232
Yasuo,,Zeri,2.64,455
Yasuo,,Gnar,1.96,486
Yasuo,,Kai'Sa,1.34,3191
Yasuo,,Bel'Veth,-3.02,303
Yasuo,,Akshan,4.73,18493
Yasuo,,Nidalee,1.80,672
Yasuo,,Seraphine,4.12,2688
Yasuo,,Caitlyn,2.11,3720
Yasuo,,Jhin,3.50,2921
Yasuo,,Twitch,3.87,1682
Yasuo,,Kindred,1.33,360
Yasuo,,Yunara,-1.98,394
Yasuo,,Miss Fortune,2.52,2214
Yasuo,,Nilah,-2.38,166
Yasuo,,Lee Sin,2.17,1747
Yasuo,,Lulu,0.88,363
Yasuo,,Ashe,1.93,2251
Yasuo,,Varus,3.46,2608
Yasuo,,Lucian,1.05,2480
Yasuo,,Bard,-5.20,108
Yasuo,,Sivir,2.54,470
Yasuo,,Ezreal,3.62,6340
Yasuo,,Thresh,4.62,386
Yasuo,,Sona,2.36,116
Yasuo,,Blitzcrank,0.16,283
Yasuo,,Amumu,7.03,121
Yone,,Rek'Sai,-5.81,181
Yone,,Briar,-2.29,3625
Yone,,Heimerdinger,-2.42,7013
Yone,,Singed,-0.38,1885
Yone,,Illaoi,-3.76,1872
Yone,,Tryndamere,-1.51,5251
Yone,,Kennen,-3.49,3182
Yone,,Jax,-5.35,2530
Yone,,Vex,-3.56,45434
Yone,,Sett,-1.28,4587
Yone,,Pantheon,-2.39,15423
Yone,,Fiddlesticks,-1.80,918
Yone,,Kalista,-3.27,635
Yone,,Annie,-3.13,19591
Yone,,Quinn,-1.65,2937
Yone,,Fiora,-1.79,1140
Yone,,Ambessa,-2.15,2546
Yone,,Renekton,-1.34,6539
Yone,,Syndra,-2.13,52625
Yone,,Fizz,-0.86,55412
Yone,,Zac,-0.29,926
Yone,,Warwick,-1.87,599
Yone,,Teemo,-1.26,5057
Yone,,Riven,-2.31,5499
Yone,,Lux,-1.00,45478
Yone,,Shen,-1.24,1022
Yone,,Rakan,-3.41,211
Yone,,Ahri,-1.63,90182
Yone,,Vladimir,-1.21,32041
Yone,,Draven,-5.01,708
Yone,,Gangplank,-2.17,5446
Yone,,Garen,0.62,6856
Yone,,Wukong,-1.02,1305
Yone,,Vayne,-3.56,1930
Yone,,Akali,-2.88,88259
Yone,,Kayn,-3.07,454
Yone,,Irelia,-2.18,32600
Yone,,LeBlanc,-2.58,33740
Yone,,Vi,-2.45,980
Yone,,Kled,1.63,1187
Yone,,Veigar,0.44,61661
Yone,,Gragas,0.04,3161
Yone,,Lissandra,-0.73,34126
Yone,,Darius,-2.08,2035
Yone,,Akshan,-2.34,17423
Yone,,Kayle,0.27,3046
Yone,,Zilean,1.22,2223
Yone,,Malphite,0.09,12932
Yone,,Katarina,-1.38,60685
Yone,,Jayce,-2.88,6290
Yone,,Brand,-0.18,11627
Yone,,Aphelios,-3.98,502
Yone,,Gnar,-4.40,426
Yone,,Zaahen,-1.32,982
Yone,,Nocturne,0.63,811
Yone,,Viego,-1.15,2700
Yone,,Viktor,0.70,69274
Yone,,Zed,-1.08,76344
Yone,,Twisted Fate,0.01,32322
Yone,,Mordekaiser,3.02,3424
Yone,,Urgot,-0.40,1021
Yone,,Ekko,0.21,29655
Yone,,Aatrox,-1.40,1557
Yone,,Malzahar,1.77,66255
Yone,,Olaf,0.99,700
Yone,,Diana,0.41,40925
Yone,,Xerath,2.13,35121
Yone,,Anivia,-0.10,17404
Yone,,Aurora,-0.73,18150
Yone,,Kog'Maw,1.08,1738
Yone,,Elise,-0.14,242
Yone,,Lillia,-2.17,214
Yone,,Neeko,0.42,4111
Yone,,Hwei,1.15,29260
Yone,,Nasus,3.95,8241
Yone,,Poppy,0.60,359
Yone,,Cassiopeia,-2.12,13953
Yone,,Camille,-0.79,613
Yone,,Tristana,-1.84,7405
Yone,,Master Yi,0.10,2058
Yone,,Zoe,-0.57,20714
Yone,,Jarvan IV,0.59,680
Yone,,Ziggs,1.18,8967
Yone,,Vel'Koz,1.76,7786
Yone,,K'Sante,-1.53,1072
Yone,,Xin Zhao,1.45,2423
Yone,,Volibear,-0.31,1161
Yone,,Morgana,1.84,7089
Yone,,Caitlyn,-2.68,3302
Yone,,Gwen,3.35,8383
Yone,,Trundle,-0.30,581
Yone,,Tahm Kench,2.76,1135
Yone,,Sylas,0.78,87337
Yone,,Swain,3.25,7949
Yone,,Rammus,0.07,291
Yone,,Qiyana,-1.08,14771
Yone,,Graves,-1.08,977
Yone,,Locke,0.68,53477
Yone,,Rumble,2.73,1238
Yone,,Evelynn,1.88,165
Yone,,Mel,-1.30,37739
Yone,,Galio,2.30,44411
Yone,,Jhin,-0.08,2499
Yone,,Cho'Gath,2.87,5599
Yone,,Talon,1.69,19470
Yone,,Karma,0.38,1335
Yone,,Xayah,-0.17,226
Yone,,Yasuo,2.04,159393
Yone,,Ornn,2.14,617
Yone,,Nunu & Willump,1.62,1942
Yone,,Senna,-1.95,494
Yone,,Orianna,-0.06,21792
Yone,,Ryze,0.84,24202
Yone,,Seraphine,1.83,2413
Yone,,Taliyah,1.64,7750
Yone,,Kassadin,4.04,22191
Yone,,Azir,0.24,16219
Yone,,Sejuani,3.07,363
Yone,,Naafiri,4.51,30745
Yone,,Kai'Sa,-0.23,2811
Yone,,Lee Sin,-0.99,1358
Yone,,Twitch,2.00,1473
Yone,,Samira,-1.00,511
Yone,,Karthus,3.96,1350
Yone,,Varus,0.26,2587
Yone,,Lulu,-1.92,276
Yone,,Nautilus,-1.54,421
Yone,,Kindred,-0.51,318
Yone,,Zyra,4.23,2094
Yone,,Maokai,3.33,256
Yone,,Corki,-0.16,2463
Yone,,Smolder,2.18,5218
Yone,,Nidalee,1.17,553
Yone,,Pyke,0.85,643
Yone,,Yorick,5.89,2292
Yone,,Shyvana,0.10,230
Yone,,Lucian,-1.55,2196
Yone,,Sion,7.24,5275
Yone,,Aurelion Sol,6.17,16504
Yone,,Ivern,2.77,182
Yone,,Miss Fortune,1.98,1988
Yone,,Jinx,3.09,476
Yone,,Thresh,-1.31,297
Yone,,Shaco,1.96,393
Yone,,Zeri,3.42,443
Yone,,Alistar,-0.48,295
Yone,,Ezreal,0.68,5563
Yone,,Kha'Zix,-0.23,107
Yone,,Sivir,1.61,390
Yone,,Dr. Mundo,7.76,1390
Yone,,Udyr,4.41,386
Yone,,Ashe,3.78,1739
Yone,,Bel'Veth,1.12,302
Yone,,Skarner,6.39,100
Yone,,Yunara,2.41,338
Yone,,Blitzcrank,-1.57,237
Yone,,Leona,2.15,123
Yone,,Sona,3.59,103
Yone,,Soraka,7.13,206
Yone,,Janna,5.38,100
Yorick,,Briar,-6.09,2234
Yorick,,Yone,-6.24,61646
Yorick,,Hwei,-3.04,391
Yorick,,Tryndamere,-3.46,31711
Yorick,,Warwick,-2.44,10961
Yorick,,Zac,-2.15,1945
Yorick,,Ahri,-1.24,706
Yorick,,Kalista,-5.39,1107
Yorick,,Irelia,-3.89,28149
Yorick,,Sett,-1.75,44590
Yorick,,Nasus,-1.10,40181
Yorick,,Syndra,-1.17,351
Yorick,,Renekton,-2.77,33555
Yorick,,Trundle,-3.17,14248
Yorick,,Shen,-1.63,18886
Yorick,,Singed,0.34,13574
Yorick,,Yasuo,-3.68,21055
Yorick,,Ornn,-0.63,14335
Yorick,,Wukong,-0.53,4309
Yorick,,Jax,-1.57,32835
Yorick,,Fiora,-2.56,16553
Yorick,,Sion,-1.52,18796
Yorick,,Volibear,-1.51,20431
Yorick,,Gangplank,-1.35,24776
Yorick,,Gwen,-2.71,15177
Yorick,,Kayle,-0.04,13587
Yorick,,Garen,0.42,43584
Yorick,,Zilean,0.40,1256
Yorick,,Kled,0.25,7793
Yorick,,Vel'Koz,0.38,457
Yorick,,Neeko,-1.68,386
Yorick,,Xin Zhao,-1.91,1747
Yorick,,Aurelion Sol,-0.06,745
Yorick,,Kassadin,0.48,393
Yorick,,Sylas,-1.04,3531
Yorick,,Naafiri,0.25,2274
Yorick,,Zed,0.92,1736
Yorick,,Malphite,1.02,27728
Yorick,,Taliyah,-0.49,107
Yorick,,Mordekaiser,1.56,65652
Yorick,,Anivia,0.68,2618
Yorick,,Kog'Maw,0.01,537
Yorick,,Cho'Gath,-0.14,28368
Yorick,,Shyvana,-3.14,1023
Yorick,,Veigar,0.93,1359
Yorick,,Lissandra,1.67,1198
Yorick,,Teemo,2.50,46637
Yorick,,Seraphine,-3.46,115
Yorick,,Kayn,-1.55,2876
Yorick,,Sejuani,0.52,1027
Yorick,,Heimerdinger,1.58,16410
Yorick,,Zaahen,0.67,14120
Yorick,,Udyr,-1.29,2256
Yorick,,Ekko,-1.17,727
Yorick,,Aatrox,0.73,27324
Yorick,,Olaf,1.64,12154
Yorick,,Lillia,-3.19,511
Yorick,,Nocturne,1.53,516
Yorick,,Katarina,-0.13,448
Yorick,,Soraka,-3.31,201
Yorick,,Illaoi,3.34,25509
Yorick,,Camille,0.67,8081
Yorick,,Vex,2.28,211
Yorick,,Urgot,3.32,18907
Yorick,,Quinn,2.28,4392
Yorick,,Smolder,-1.82,2963
Yorick,,Rek'Sai,3.49,383
Yorick,,Galio,1.81,840
Yorick,,Fiddlesticks,2.87,1878
Yorick,,Malzahar,3.00,4198
Yorick,,Riven,0.21,9595
Yorick,,Ambessa,1.18,13741
Yorick,,Darius,1.94,46366
Yorick,,Gnar,1.38,17901
Yorick,,Twisted Fate,0.30,1108
Yorick,,Viktor,3.50,976
Yorick,,Master Yi,0.42,3958
Yorick,,Maokai,2.57,2117
Yorick,,Senna,0.93,514
Yorick,,Dr. Mundo,4.75,28961
Yorick,,Poppy,3.41,3880
Yorick,,Viego,0.49,747
Yorick,,Akali,2.66,9561
Yorick,,Brand,3.75,2125
Yorick,,Elise,3.01,255
Yorick,,Skarner,-1.82,764
Yorick,,Graves,0.06,1122
Yorick,,Varus,1.55,3335
Yorick,,Pantheon,3.55,12557
Yorick,,Mel,-1.72,542
Yorick,,Aurora,3.06,1646
Yorick,,Lux,3.05,426
Yorick,,Azir,4.02,372
Yorick,,Rumble,1.81,7622
Yorick,,Diana,2.34,636
Yorick,,Gragas,3.00,6986
Yorick,,Talon,0.69,237
Yorick,,Nautilus,-0.23,440
Yorick,,Bel'Veth,-3.00,349
Yorick,,Lee Sin,-1.94,954
Yorick,,Ryze,3.05,2510
Yorick,,Akshan,4.38,643
Yorick,,Jayce,2.12,21100
Yorick,,Swain,3.89,3430
Yorick,,Fizz,3.22,622
Yorick,,Ziggs,2.53,369
Yorick,,Jhin,1.87,717
Yorick,,Draven,2.23,461
Yorick,,Annie,6.17,343
Yorick,,Cassiopeia,4.22,1688
Yorick,,Vayne,4.06,13976
Yorick,,Locke,0.68,3022
Yorick,,Tahm Kench,5.68,12613
Yorick,,Zyra,3.48,268
Yorick,,Zeri,2.47,190
Yorick,,K'Sante,1.81,11991
Yorick,,Alistar,0.49,428
Yorick,,Kennen,5.00,7056
Yorick,,Orianna,3.27,111
Yorick,,Twitch,-1.59,182
Yorick,,Rengar,0.78,1381
Yorick,,Nunu & Willump,-4.62,105
Yorick,,Morgana,5.71,832
Yorick,,Vi,2.53,702
Yorick,,Nidalee,-0.21,285
Yorick,,LeBlanc,6.38,331
Yorick,,Vladimir,5.99,4035
Yorick,,Rammus,4.16,312
Yorick,,Tristana,3.39,1045
Yorick,,Jarvan IV,2.35,353
Yorick,,Zoe,9.15,213
Yorick,,Karthus,6.52,424
Yorick,,Caitlyn,4.32,1356
Yorick,,Kai'Sa,5.52,813
Yorick,,Ivern,5.38,376
Yorick,,Ashe,4.12,1008
Yorick,,Karma,6.71,587
Yorick,,Leona,-3.20,215
Yorick,,Shaco,5.27,1053
Yorick,,Aphelios,5.57,131
Yorick,,Qiyana,8.73,364
Yorick,,Corki,5.12,346
Yorick,,Blitzcrank,-3.73,122
Yorick,,Amumu,-0.23,167
Yorick,,Jinx,3.75,144
Yorick,,Xerath,7.58,156
Yorick,,Miss Fortune,3.03,282
Yorick,,Samira,5.49,108
Yorick,,Taric,5.10,146
Yorick,,Lulu,6.54,210
Yorick,,Thresh,3.69,216
Yorick,,Lucian,7.31,451
Yorick,,Ezreal,8.17,609
Yunara,,Galio,-10.81,146
Yunara,,Olaf,-3.72,361
Yunara,,Veigar,-1.48,12408
Yunara,,Tahm Kench,-1.12,1217
Yunara,,Brand,-1.38,5423
Yunara,,Seraphine,-0.85,13033
Yunara,,Hwei,-0.61,6530
Yunara,,Vel'Koz,-1.03,3279
Yunara,,Karthus,0.35,2192
Yunara,,Lux,-0.66,5821
Yunara,,Swain,0.49,5982
Yunara,,Kog'Maw,-0.49,9732
Yunara,,Nilah,0.08,6008
Yunara,,Xerath,-0.05,13325
Yunara,,Ziggs,-0.49,22542
Yunara,,Smolder,-0.62,26099
Yunara,,Viktor,-0.34,15179
Yunara,,Senna,-0.24,12324
Yunara,,Heimerdinger,1.17,1046
Yunara,,Sett,-0.77,294
Yunara,,Jinx,-0.36,76905
Yunara,,Twitch,-0.41,27422
Yunara,,Teemo,0.06,1790
Yunara,,Katarina,0.96,3270
Yunara,,Aurelion Sol,1.95,2514
Yunara,,Ryze,-3.09,370
Yunara,,Qiyana,-2.97,140
Yunara,,Graves,-3.61,259
Yunara,,Tristana,-0.58,46520
Yunara,,Syndra,-0.99,12340
Yunara,,Lissandra,-3.35,374
Yunara,,Fizz,-0.91,307
Yunara,,Caitlyn,-1.39,104694
Yunara,,Miss Fortune,-0.16,84970
Yunara,,Xayah,0.24,21306
Yunara,,Zeri,0.29,18493
Yunara,,Riven,-1.17,221
Yunara,,Vex,-0.87,411
Yunara,,Aphelios,-0.32,23857
Yunara,,Vladimir,1.62,2587
Yunara,,Ashe,-0.23,50566
Yunara,,Draven,-0.97,16355
Yunara,,Naafiri,0.83,437
Yunara,,Master Yi,2.76,615
Yunara,,Pyke,-5.77,127
Yunara,,Ekko,-0.16,393
Yunara,,Jhin,0.37,81564
Yunara,,Vayne,0.83,30556
Yunara,,Quinn,-0.51,419
Yunara,,Tryndamere,-0.51,122
Yunara,,Locke,-2.18,1114
Yunara,,Yasuo,2.18,9601
Yunara,,Samira,1.28,29225
Yunara,,Akshan,-0.52,673
Yunara,,Dr. Mundo,-0.63,254
Yunara,,Corki,0.02,7593
Yunara,,Cassiopeia,-0.16,1974
Yunara,,Kennen,-2.66,178
Yunara,,Zed,0.20,433
Yunara,,Morgana,-0.90,498
Yunara,,Malzahar,2.91,2614
Yunara,,Annie,0.92,381
Yunara,,Lucian,-0.05,42834
Yunara,,Singed,3.66,329
Yunara,,Kai'Sa,1.31,126599
Yunara,,Cho'Gath,-1.57,507
Yunara,,Yone,1.55,1607
Yunara,,Briar,2.79,216
Yunara,,Zyra,3.19,782
Yunara,,Sivir,2.48,21467
Yunara,,Irelia,0.81,772
Yunara,,Ahri,2.52,799
Yunara,,Fiora,4.40,409
Yunara,,Mel,-0.34,18694
Yunara,,Taliyah,0.36,1079
Yunara,,Orianna,-1.27,424
Yunara,,Ezreal,-0.68,73330
Yunara,,Aurora,1.12,423
Yunara,,Zoe,-1.47,326
Yunara,,Varus,-0.50,14293
Yunara,,Zilean,1.26,162
Yunara,,Darius,-2.34,200
Yunara,,Viego,4.35,1349
Yunara,,Azir,-2.40,293
Yunara,,Karma,-3.61,101
Yunara,,Urgot,1.07,131
Yunara,,Anivia,2.37,705
Yunara,,Jax,0.96,180
Yunara,,Mordekaiser,3.03,233
Yunara,,Ambessa,2.86,124
Yunara,,Kalista,2.99,8863
Yunara,,Kindred,0.76,321
Yunara,,Wukong,3.50,119
Yunara,,Jarvan IV,1.38,120
Yunara,,Jayce,1.25,604
Yunara,,Malphite,-0.53,200
Yunara,,Shen,6.56,161
Yunara,,Neeko,1.01,214
Yunara,,Twisted Fate,2.27,984
Yunara,,Gangplank,0.98,158
Yunara,,Lee Sin,-1.98,132
Yunara,,Camille,-1.80,101
Yunara,,Kayle,6.32,190
Yunara,,Xin Zhao,3.54,167
Yunara,,Sylas,3.12,1135
Yunara,,Sion,6.74,613
Yunara,,Yorick,5.05,158
Yunara,,LeBlanc,2.57,265
Yunara,,Pantheon,4.96,400
Yunara,,Gwen,11.77,271
Yunara,,Nasus,6.94,191
Yunara,,Nidalee,0.49,186
Yunara,,Rengar,4.06,257
Yunara,,Diana,7.07,203
Yunara,,Akali,3.50,405
Yunara,,Garen,8.60,217
Yunara,,Aatrox,8.03,188
Yunara,,Thresh,-0.79,134
Yunara,,Blitzcrank,7.89,106
Yuumi,,Leona,-2.49,46173
Yuumi,,Taric,-1.13,5764
Yuumi,,Braum,-2.69,13417
Yuumi,,Nautilus,-3.33,54831
Yuumi,,Amumu,-1.52,3449
Yuumi,,Rell,-1.51,15989
Yuumi,,Thresh,-1.87,52881
Yuumi,,Wukong,-4.75,514
Yuumi,,Alistar,-1.92,15877
Yuumi,,Rakan,-1.88,12730
Yuumi,,Galio,-1.15,5820
Yuumi,,Poppy,-0.15,12292
Yuumi,,Blitzcrank,-1.46,31102
Yuumi,,Sejuani,-3.10,525
Yuumi,,Sona,0.36,14700
Yuumi,,Warwick,-7.34,195
Yuumi,,Maokai,-0.18,9384
Yuumi,,Annie,-1.18,1696
Yuumi,,Fiddlesticks,-1.05,2870
Yuumi,,Evelynn,-1.85,224
Yuumi,,Kayn,-7.14,100
Yuumi,,Tahm Kench,-1.10,15969
Yuumi,,Shen,-0.62,8697
Yuumi,,Teemo,0.03,6171
Yuumi,,Elise,-0.38,2132
Yuumi,,Pantheon,-1.09,29136
Yuumi,,Zac,-1.16,1443
Yuumi,,Janna,1.27,10833
Yuumi,,Cho'Gath,-3.24,1388
Yuumi,,Lulu,-0.23,42347
Yuumi,,Vi,-2.45,1598
Yuumi,,Sion,-0.13,1746
Yuumi,,Senna,0.94,29477
Yuumi,,Zilean,1.47,11897
Yuumi,,Malphite,-2.14,5985
Yuumi,,Milio,1.69,21633
Yuumi,,Skarner,-1.87,1334
Yuumi,,Anivia,-1.79,2595
Yuumi,,Nami,1.75,34224
Yuumi,,Kled,-3.18,189
Yuumi,,Seraphine,1.54,62010
Yuumi,,Morgana,1.42,32912
Yuumi,,Pyke,-0.68,36031
Yuumi,,Zyra,1.99,17292
Yuumi,,Dr. Mundo,-2.91,483
Yuumi,,Ornn,-2.83,438
Yuumi,,Camille,-1.06,28099
Yuumi,,Renata Glasc,1.46,3380
Yuumi,,Lux,0.88,65956
Yuumi,,Jarvan IV,-0.08,2465
Yuumi,,Lissandra,-0.84,1215
Yuumi,,Trundle,-2.57,696
Yuumi,,Rammus,1.85,818
Yuumi,,Sylas,0.05,7574
Yuumi,,Darius,-5.44,416
Yuumi,,LeBlanc,1.11,3715
Yuumi,,Bard,0.32,17238
Yuumi,,Xin Zhao,-2.88,388
Yuumi,,Master Yi,-2.11,470
Yuumi,,Soraka,2.75,22439
Yuumi,,Neeko,-0.32,10597
Yuumi,,Ivern,-0.56,861
Yuumi,,Vel'Koz,2.38,15884
Yuumi,,Shaco,1.84,8698
Yuumi,,Kog'Maw,-0.49,296
Yuumi,,Heimerdinger,0.66,1359
Yuumi,,Nunu & Willump,-1.59,1031
Yuumi,,Brand,2.90,18783
Yuumi,,Taliyah,-0.06,506
Yuumi,,Syndra,0.90,1210
Yuumi,,Karthus,-1.78,356
Yuumi,,Kayle,-0.84,295
Yuumi,,Hwei,2.65,3105
Yuumi,,Xerath,3.09,18728
Yuumi,,Gragas,0.65,1111
Yuumi,,Twisted Fate,1.51,1149
Yuumi,,Rumble,-2.51,217
Yuumi,,Jax,0.04,864
Yuumi,,Karma,2.03,21532
Yuumi,,Bel'Veth,-7.39,110
Yuumi,,Kennen,1.65,462
Yuumi,,Ziggs,0.65,1665
Yuumi,,Jayce,-1.02,431
Yuumi,,Orianna,-2.81,417
Yuumi,,Qiyana,0.01,405
Yuumi,,Quinn,2.14,442
Yuumi,,Ahri,0.75,890
Yuumi,,Zed,-2.36,693
Yuumi,,Sett,0.76,1261
Yuumi,,Veigar,1.48,4621
Yuumi,,Tryndamere,-5.98,118
Yuumi,,Briar,-0.37,671
Yuumi,,Swain,3.15,20529
Yuumi,,Malzahar,0.85,1135
Yuumi,,Lee Sin,-1.76,1699
Yuumi,,Nocturne,-0.48,121
Yuumi,,Renekton,-5.30,117
Yuumi,,Zaahen,0.59,261
Yuumi,,Diana,-1.97,270
Yuumi,,Aurelion Sol,2.53,549
Yuumi,,Fiora,-1.08,102
Yuumi,,Singed,1.97,994
Yuumi,,Zoe,2.58,3233
Yuumi,,Aatrox,-1.69,370
Yuumi,,Rek'Sai,2.80,180
Yuumi,,Nidalee,3.06,1204
Yuumi,,Cassiopeia,-0.46,202
Yuumi,,Mel,-0.31,15732
Yuumi,,Rengar,-0.59,798
Yuumi,,Urgot,0.21,159
Yuumi,,Viego,0.57,266
Yuumi,,Fizz,4.19,593
Yuumi,,Yorick,0.01,256
Yuumi,,Garen,-3.45,272
Yuumi,,Vex,3.32,583
Yuumi,,K'Sante,-1.03,253
Yuumi,,Katarina,-0.76,318
Yuumi,,Gangplank,-7.56,112
Yuumi,,Ashe,2.39,5944
Yuumi,,Jhin,-0.68,777
Yuumi,,Talon,0.79,133
Yuumi,,Locke,2.12,963
Yuumi,,Mordekaiser,0.05,858
Yuumi,,Yasuo,-1.02,618
Yuumi,,Volibear,0.49,285
Yuumi,,Nasus,0.37,460
Yuumi,,Riven,-1.16,145
Yuumi,,Ekko,5.68,535
Yuumi,,Varus,-1.84,253
Yuumi,,Yone,-2.02,522
Yuumi,,Caitlyn,-2.91,437
Yuumi,,Vayne,-2.19,178
Yuumi,,Aurora,2.54,173
Yuumi,,Tristana,-4.16,148
Yuumi,,Twitch,3.11,2554
Yuumi,,Miss Fortune,2.85,2927
Yuumi,,Viktor,5.54,326
Yuumi,,Akshan,2.02,189
Yuumi,,Illaoi,2.53,201
Yuumi,,Ezreal,3.47,1496
Yuumi,,Jinx,-3.49,146
Yuumi,,Akali,3.62,190
Yuumi,,Naafiri,6.03,324
Yuumi,,Kai'Sa,3.78,283
Yuumi,,Azir,2.44,103
Yuumi,,Smolder,4.04,100
Zac,,Shyvana,-2.05,14581
Zac,,Mordekaiser,-2.42,2167
Zac,,Lillia,-3.38,11904
Zac,,Fizz,-3.32,1511
Zac,,Kayn,-2.34,25313
Zac,,Sion,-0.77,594
Zac,,Zaahen,-1.43,1154
Zac,,Morgana,-2.94,862
Zac,,Cho'Gath,-0.76,1394
Zac,,Tryndamere,-0.83,1482
Zac,,Warwick,-0.22,14760
Zac,,Singed,-4.60,300
Zac,,Zyra,-0.54,1518
Zac,,Aatrox,-0.79,2723
Zac,,Bel'Veth,-0.67,9527
Zac,,Briar,0.71,14868
Zac,,Darius,-0.47,2140
Zac,,Quinn,-1.71,2887
Zac,,Wukong,0.72,13285
Zac,,Amumu,0.42,9073
Zac,,Jarvan IV,-0.62,12484
Zac,,Yorick,-0.70,426
Zac,,Rammus,2.16,5148
Zac,,Rumble,-2.86,262
Zac,,Ekko,-0.76,8025
Zac,,Volibear,-0.15,3867
Zac,,Nasus,1.06,6990
Zac,,Graves,-0.50,24537
Zac,,Vi,-0.11,14579
Zac,,Nocturne,1.26,21528
Zac,,Kindred,-1.99,5724
Zac,,Udyr,0.30,5066
Zac,,Shen,0.10,994
Zac,,Ambessa,-0.90,1916
Zac,,Karthus,-1.44,2738
Zac,,Neeko,-2.29,190
Zac,,Xin Zhao,0.51,8831
Zac,,Rek'Sai,0.06,2130
Zac,,Hecarim,-1.27,8019
Zac,,Poppy,0.05,2258
Zac,,Sejuani,1.61,5362
Zac,,Teemo,1.28,2767
Zac,,Evelynn,0.40,5546
Zac,,Ivern,0.48,2051
Zac,,Brand,-1.76,759
Zac,,Shaco,0.30,13852
Zac,,Fiddlesticks,0.60,5817
Zac,,Naafiri,0.39,9994
Zac,,Talon,0.29,8017
Zac,,Gwen,0.24,2423
Zac,,Sett,-1.76,337
Zac,,Nunu & Willump,-0.44,5249
Zac,,Jax,1.23,7314
Zac,,Urgot,-2.41,125
Zac,,Elise,0.37,2976
Zac,,Dr. Mundo,2.19,2054
Zac,,Gragas,0.11,1246
Zac,,Maokai,1.23,1449
Zac,,Viego,0.88,26384
Zac,,Zed,-1.93,4418
Zac,,Olaf,0.31,1107
Zac,,Nautilus,-2.78,340
Zac,,Trundle,2.25,2755
Zac,,Master Yi,1.34,18927
Zac,,Diana,0.17,8346
Zac,,Kha'Zix,0.45,9189
Zac,,Skarner,-0.21,2466
Zac,,Jayce,0.38,2918
Zac,,Aurelion Sol,-2.06,175
Zac,,Sylas,1.62,16510
Zac,,Taliyah,2.33,1144
Zac,,Nidalee,0.11,4012
Zac,,Lee Sin,0.54,28379
Zac,,Pantheon,1.53,2599
Zac,,Yone,-3.01,248
Zac,,Twitch,-5.42,642
Zac,,Riven,-0.41,357
Zac,,Vayne,0.12,302
Zac,,Malphite,4.22,2677
Zac,,Kai'Sa,-1.49,211
Zac,,Qiyana,0.59,4288
Zac,,Camille,1.01,250
Zac,,Rengar,0.89,8493
Zac,,Locke,-0.29,4197
Zac,,Jhin,-2.33,183
Zac,,Garen,2.83,393
Zaahen,,Teemo,-5.54,19505
Zaahen,,Zyra,-7.87,102
Zaahen,,Illaoi,-3.94,11761
Zaahen,,Vel'Koz,-4.28,263
Zaahen,,Singed,-2.30,7247
Zaahen,,Heimerdinger,-3.57,5725
Zaahen,,Syndra,-2.44,202
Zaahen,,Qiyana,-5.28,309
Zaahen,,Ahri,-1.93,420
Zaahen,,Brand,-3.79,1047
Zaahen,,Zed,-2.46,1116
Zaahen,,Cassiopeia,-4.66,1048
Zaahen,,Garen,-1.86,27599
Zaahen,,Jax,-3.10,22331
Zaahen,,Ivern,-6.59,221
Zaahen,,Lulu,-9.62,120
Zaahen,,Neeko,-3.30,183
Zaahen,,Yorick,-0.67,14120
Zaahen,,Karthus,-4.13,211
Zaahen,,Urgot,-0.57,8063
Zaahen,,Volibear,-1.66,12055
Zaahen,,Malphite,-0.03,16512
Zaahen,,Annie,-0.42,220
Zaahen,,Mordekaiser,0.43,31296
Zaahen,,Lillia,-5.89,197
Zaahen,,Sett,0.45,23937
Zaahen,,Kayle,0.24,7179
Zaahen,,Poppy,-0.92,2954
Zaahen,,Aurora,-2.06,979
Zaahen,,Shen,-0.21,9556
Zaahen,,Viktor,-0.37,509
Zaahen,,Ryze,-2.36,1221
Zaahen,,Vayne,-1.80,8104
Zaahen,,Zoe,0.17,196
Zaahen,,Corki,-5.05,202
Zaahen,,Kled,1.00,5240
Zaahen,,Renekton,-0.12,16156
Zaahen,,Dr. Mundo,1.04,13219
Zaahen,,Nasus,1.83,17518
Zaahen,,Olaf,0.03,8200
Zaahen,,Tryndamere,0.51,12857
Zaahen,,Trundle,-0.91,5849
Zaahen,,Wukong,1.23,2693
Zaahen,,Gangplank,0.07,13470
Zaahen,,Malzahar,0.39,1673
Zaahen,,Sejuani,0.02,739
Zaahen,,Aatrox,-0.18,18254
Zaahen,,Zilean,1.89,728
Zaahen,,Kennen,-0.61,3224
Zaahen,,Yone,0.49,23946
Zaahen,,Vladimir,-1.00,2668
Zaahen,,Rek'Sai,1.38,308
Zaahen,,Veigar,0.85,622
Zaahen,,Gnar,-1.19,8443
Zaahen,,Kog'Maw,0.19,302
Zaahen,,Ornn,1.76,9152
Zaahen,,Akshan,-0.02,349
Zaahen,,Pantheon,0.20,7762
Zaahen,,Kassadin,1.82,245
Zaahen,,Warwick,2.42,4407
Zaahen,,Hwei,2.46,219
Zaahen,,Anivia,1.57,1257
Zaahen,,Lissandra,2.07,692
Zaahen,,Fiora,0.10,10286
Zaahen,,Camille,-0.08,6367
Zaahen,,Darius,0.01,25113
Zaahen,,Akali,0.18,6288
Zaahen,,Azir,0.68,263
Zaahen,,Kayn,-1.09,1364
Zaahen,,Quinn,1.20,2089
Zaahen,,Zac,2.96,1332
Zaahen,,Twisted Fate,-1.30,648
Zaahen,,Cho'Gath,1.21,8570
Zaahen,,Senna,-0.70,277
Zaahen,,Naafiri,2.57,1082
Zaahen,,Varus,-0.46,1676
Zaahen,,Fiddlesticks,2.17,900
Zaahen,,Tahm Kench,2.18,7773
Zaahen,,Alistar,-3.45,258
Zaahen,,Shyvana,-1.43,696
Zaahen,,Briar,2.80,1034
Zaahen,,Karma,-0.38,353
Zaahen,,Swain,1.11,1905
Zaahen,,Talon,-1.68,140
Zaahen,,Gragas,0.75,4837
Zaahen,,Gwen,0.99,6990
Zaahen,,Ambessa,0.68,11377
Zaahen,,Rumble,-0.13,3666
Zaahen,,Ekko,0.47,425
Zaahen,,Udyr,0.95,1413
Zaahen,,Viego,0.15,456
Zaahen,,Soraka,-1.84,113
Zaahen,,Smolder,-1.13,817
Zaahen,,Maokai,2.49,1511
Zaahen,,Miss Fortune,-4.52,122
Zaahen,,Elise,2.67,180
Zaahen,,Sion,3.50,12430
Zaahen,,Nautilus,-1.41,253
Zaahen,,Jhin,0.16,363
Zaahen,,Jayce,0.80,9565
Zaahen,,Fizz,1.83,349
Zaahen,,Aurelion Sol,4.33,330
Zaahen,,Kalista,1.90,456
Zaahen,,Ziggs,1.29,132
Zaahen,,Lux,2.60,184
Zaahen,,Master Yi,1.20,2288
Zaahen,,Irelia,3.71,9997
Zaahen,,Caitlyn,-0.18,618
Zaahen,,Yasuo,2.95,10235
Zaahen,,Tristana,0.48,442
Zaahen,,Vex,4.90,110
Zaahen,,Kai'Sa,1.07,557
Zaahen,,Morgana,4.01,392
Zaahen,,K'Sante,0.96,8839
Zaahen,,Nocturne,5.05,260
Zaahen,,Ashe,0.03,498
Zaahen,,LeBlanc,4.24,194
Zaahen,,Diana,3.15,339
Zaahen,,Sylas,4.96,2217
Zaahen,,Draven,2.34,244
Zaahen,,Xin Zhao,4.26,1004
Zaahen,,Mel,0.10,217
Zaahen,,Riven,3.70,8871
Zaahen,,Ezreal,-1.78,294
Zaahen,,Graves,2.75,667
Zaahen,,Locke,1.86,1592
Zaahen,,Skarner,1.04,558
Zaahen,,Jarvan IV,2.29,191
Zaahen,,Katarina,6.64,302
Zaahen,,Rengar,2.84,882
Zaahen,,Nidalee,1.19,202
Zaahen,,Galio,8.08,493
Zaahen,,Lee Sin,3.32,567
Zaahen,,Vi,5.68,396
Zaahen,,Shaco,7.14,570
Zaahen,,Lucian,3.93,229
Zaahen,,Rammus,9.19,218
Zaahen,,Bel'Veth,7.57,198
Zaahen,,Thresh,4.79,147
Zed,,Nasus,-5.68,10242
Zed,,Rakan,-8.65,232
Zed,,Singed,-1.68,1743
Zed,,Poppy,-6.58,237
Zed,,Malphite,-5.17,32950
Zed,,Rumble,-5.24,1201
Zed,,Tryndamere,-2.02,4526
Zed,,Rek'Sai,-3.59,155
Zed,,Garen,-2.56,7460
Zed,,Wukong,-4.11,1467
Zed,,Warwick,-4.28,476
Zed,,Camille,-6.14,633
Zed,,Heimerdinger,-1.40,5766
Zed,,Yorick,-4.29,2147
Zed,,Tahm Kench,-3.33,1249
Zed,,Jarvan IV,-4.48,737
Zed,,Zac,-1.40,872
Zed,,Fiora,-2.23,687
Zed,,Gragas,-2.14,3900
Zed,,Briar,0.18,2673
Zed,,Mordekaiser,-0.13,2544
Zed,,Kennen,-1.70,3008
Zed,,Sejuani,-3.92,429
Zed,,Zilean,-0.60,2260
Zed,,Xin Zhao,-2.41,2117
Zed,,Quinn,-1.10,2748
Zed,,Kled,0.47,998
Zed,,Malzahar,-0.73,66395
Zed,,Fiddlesticks,-0.68,875
Zed,,Shen,-1.37,1190
Zed,,Fizz,-0.54,69898
Zed,,Zaahen,-3.00,714
Zed,,Irelia,-2.63,31484
Zed,,Pantheon,-0.48,14545
Zed,,Kayle,-0.55,3007
Zed,,Gwen,0.06,7360
Zed,,Master Yi,-2.41,1758
Zed,,Maokai,-3.58,234
Zed,,Sylas,-2.65,78370
Zed,,Sion,-0.37,7650
Zed,,Lux,-0.44,45361
Zed,,Trundle,-3.49,332
Zed,,Diana,-1.24,43998
Zed,,Xerath,0.48,36210
Zed,,Kalista,-1.37,608
Zed,,Sett,1.58,2121
Zed,,Ekko,-1.05,36885
Zed,,Cho'Gath,-1.36,5873
Zed,,Darius,-2.20,922
Zed,,Evelynn,-1.95,146
Zed,,Jax,-1.79,1099
Zed,,Renekton,0.29,3139
Zed,,Vladimir,-0.05,37710
Zed,,Vi,-1.88,932
Zed,,Swain,0.68,6497
Zed,,Ziggs,-0.70,8027
Zed,,Viktor,0.26,59395
Zed,,Katarina,-1.39,68690
Zed,,Teemo,0.47,3443
Zed,,Dr. Mundo,-1.86,1663
Zed,,Ambessa,0.26,2483
Zed,,Illaoi,1.20,1086
Zed,,Vex,0.83,34201
Zed,,Riven,-0.19,5739
Zed,,Gangplank,-0.53,5565
Zed,,Lissandra,0.41,52661
Zed,,Elise,-0.62,305
Zed,,Neeko,0.04,3155
Zed,,Kog'Maw,0.84,1726
Zed,,Yasuo,-0.95,116537
Zed,,Olaf,1.41,427
Zed,,Morgana,1.17,5619
Zed,,Akshan,-0.66,17789
Zed,,Nocturne,1.67,685
Zed,,Urgot,0.37,703
Zed,,Annie,0.82,17353
Zed,,Anivia,0.53,16855
Zed,,Rammus,-1.14,206
Zed,,Zoe,-0.54,22325
Zed,,Vayne,-0.92,1295
Zed,,Graves,-2.26,869
Zed,,Veigar,2.79,59565
Zed,,Ahri,1.47,87277
Zed,,Brand,1.59,9436
Zed,,LeBlanc,0.10,38356
Zed,,Viego,0.50,1798
Zed,,Ornn,0.15,889
Zed,,Jayce,-0.78,5654
Zed,,Kindred,-3.98,251
Zed,,Hwei,2.00,27724
Zed,,Naafiri,1.65,25219
Zed,,Nunu & Willump,-0.34,1740
Zed,,Yone,1.07,76344
Zed,,Twisted Fate,1.74,32699
Zed,,Vel'Koz,2.21,7102
Zed,,Lee Sin,-3.70,1514
Zed,,Karthus,0.95,1266
Zed,,Shaco,-2.73,369
Zed,,Talon,0.57,20027
Zed,,Akali,0.42,68390
Zed,,Locke,0.18,55457
Zed,,Karma,-0.67,1426
Zed,,Qiyana,-1.15,19567
Zed,,Syndra,2.73,51700
Zed,,Nautilus,-3.94,451
Zed,,Zyra,1.81,1790
Zed,,Galio,2.06,29693
Zed,,Kayn,1.03,394
Zed,,Lillia,0.28,142
Zed,,Aurora,2.07,15094
Zed,,Aatrox,1.91,1267
Zed,,Xayah,0.09,175
Zed,,Orianna,-0.17,20421
Zed,,Ryze,0.62,21856
Zed,,Udyr,-1.45,312
Zed,,Cassiopeia,0.98,12494
Zed,,Aurelion Sol,3.96,11807
Zed,,Azir,-0.05,13346
Zed,,Varus,-0.55,2227
Zed,,Jhin,1.19,2166
Zed,,Nidalee,-0.13,495
Zed,,Mel,0.18,28594
Zed,,Seraphine,2.32,1932
Zed,,Senna,-0.86,355
Zed,,Alistar,-2.60,275
Zed,,Kassadin,4.66,14483
Zed,,Gnar,0.78,308
Zed,,Tristana,2.27,5930
Zed,,Draven,1.87,713
Zed,,Skarner,1.04,116
Zed,,Corki,-0.25,1794
Zed,,Miss Fortune,0.92,1589
Zed,,Lulu,-1.48,303
Zed,,Shyvana,-0.30,167
Zed,,Volibear,3.80,644
Zed,,K'Sante,3.05,1228
Zed,,Samira,0.03,397
Zed,,Twitch,3.18,1354
Zed,,Caitlyn,1.65,2641
Zed,,Soraka,-0.84,208
Zed,,Aphelios,3.18,378
Zed,,Zeri,3.71,329
Zed,,Ivern,3.87,160
Zed,,Ezreal,0.41,5217
Zed,,Kai'Sa,3.08,2476
Zed,,Jinx,4.49,360
Zed,,Janna,-1.29,100
Zed,,Taliyah,5.79,6124
Zed,,Smolder,5.01,3922
Zed,,Lucian,0.92,1850
Zed,,Thresh,0.77,262
Zed,,Ashe,3.92,1409
Zed,,Blitzcrank,-2.63,192
Zed,,Yunara,1.93,244
Zed,,Pyke,6.48,580
Zed,,Kha'Zix,2.71,109
Zed,,Leona,1.19,106
Zed,,Bel'Veth,4.47,214
Zed,,Sivir,6.52,303
Zeri,,Fizz,-6.57,119
Zeri,,Vel'Koz,-3.77,1752
Zeri,,Master Yi,-2.92,352
Zeri,,Singed,-2.80,175
Zeri,,Katarina,-0.34,1882
Zeri,,Fiora,-0.61,238
Zeri,,Twitch,-1.50,13890
Zeri,,Seraphine,0.71,6379
Zeri,,Jinx,-0.85,35736
Zeri,,Nilah,0.38,2916
Zeri,,Kog'Maw,-0.10,4771
Zeri,,Brand,0.72,2675
Zeri,,Heimerdinger,1.22,543
Zeri,,Hwei,0.84,3432
Zeri,,Teemo,-0.12,765
Zeri,,Annie,-2.25,194
Zeri,,Tristana,-1.16,23014
Zeri,,Darius,-6.78,107
Zeri,,Draven,-2.63,8689
Zeri,,Viktor,0.35,8579
Zeri,,Karthus,2.16,1233
Zeri,,Senna,0.48,5846
Zeri,,Aphelios,-1.54,11619
Zeri,,Veigar,2.14,6029
Zeri,,Xayah,-0.03,10446
Zeri,,Smolder,0.47,12487
Zeri,,Syndra,-0.96,6758
Zeri,,Caitlyn,-1.39,42817
Zeri,,Tahm Kench,2.41,669
Zeri,,Cassiopeia,-2.42,1027
Zeri,,Swain,2.25,2940
Zeri,,Ahri,-0.51,374
Zeri,,Lux,1.82,2809
Zeri,,Kalista,-1.94,4413
Zeri,,Aurelion Sol,2.76,1391
Zeri,,Ashe,-0.59,21996
Zeri,,Vayne,-0.20,14672
Zeri,,Yone,-0.53,803
Zeri,,Miss Fortune,0.46,35399
Zeri,,Ziggs,1.67,12032
Zeri,,Yasuo,0.96,4973
Zeri,,Xerath,2.19,7436
Zeri,,Samira,0.28,14392
Zeri,,Lucian,-1.31,20368
Zeri,,Viego,1.80,611
Zeri,,Zed,-0.81,225
Zeri,,Yunara,-0.32,18493
Zeri,,Taliyah,-1.35,608
Zeri,,Malphite,-5.10,106
Zeri,,Jhin,0.54,39018
Zeri,,Nasus,-1.35,107
Zeri,,Vladimir,2.89,1487
Zeri,,Locke,-1.75,561
Zeri,,Varus,-1.82,6475
Zeri,,Kai'Sa,1.07,57686
Zeri,,Sivir,1.93,9966
Zeri,,Corki,0.41,3671
Zeri,,Mordekaiser,1.08,106
Zeri,,Dr. Mundo,0.16,126
Zeri,,Twisted Fate,-1.14,433
Zeri,,Ekko,2.04,210
Zeri,,Quinn,1.77,205
Zeri,,Ezreal,-0.09,33059
Zeri,,Malzahar,4.59,1214
Zeri,,Anivia,1.95,357
Zeri,,Azir,-2.20,160
Zeri,,Aurora,1.98,238
Zeri,,Zyra,4.94,420
Zeri,,Irelia,2.43,448
Zeri,,Ryze,2.03,222
Zeri,,Kindred,0.33,156
Zeri,,Gwen,6.72,143
Zeri,,Sion,3.39,295
Zeri,,Mel,1.46,8877
Zeri,,Morgana,2.11,259
Zeri,,Naafiri,5.02,214
Zeri,,Sett,5.70,122
Zeri,,Vex,4.16,177
Zeri,,Orianna,1.51,234
Zeri,,Lissandra,2.98,186
Zeri,,Akshan,3.77,354
Zeri,,Briar,6.39,115
Zeri,,Olaf,8.15,250
Zeri,,Riven,5.67,131
Zeri,,Sylas,2.66,614
Zeri,,Zoe,2.85,160
Zeri,,Neeko,2.55,110
Zeri,,LeBlanc,1.45,122
Zeri,,Pantheon,4.15,196
Zeri,,Jayce,3.86,276
Zeri,,Cho'Gath,5.65,228
Zeri,,Rengar,4.18,150
Zeri,,Graves,8.66,103
Zeri,,Akali,6.47,221
Ziggs,,Shen,-9.19,120
Ziggs,,Briar,-7.15,192
Ziggs,,Singed,-5.70,308
Ziggs,,Tahm Kench,-3.91,1050
Ziggs,,Nasus,-8.72,164
Ziggs,,Viego,-4.77,1517
Ziggs,,Kassadin,-9.39,133
Ziggs,,Wukong,-6.19,111
Ziggs,,Heimerdinger,-1.58,995
Ziggs,,Galio,-8.08,292
Ziggs,,Fiora,-2.37,450
Ziggs,,Jarvan IV,-8.12,135
Ziggs,,Aurelion Sol,-1.18,2694
Ziggs,,Karthus,-0.79,2307
Ziggs,,Ahri,-3.96,1017
Ziggs,,Zed,-5.44,587
Ziggs,,Master Yi,-1.62,548
Ziggs,,Xin Zhao,-7.67,138
Ziggs,,Ambessa,-5.30,138
Ziggs,,Katarina,-1.58,3320
Ziggs,,Jax,-6.34,141
Ziggs,,Yone,-3.83,1833
Ziggs,,Sett,-2.44,215
Ziggs,,Brand,-0.50,6368
Ziggs,,Mordekaiser,-3.78,238
Ziggs,,Vayne,-2.95,23691
Ziggs,,Vladimir,-1.30,3069
Ziggs,,Ekko,-3.46,546
Ziggs,,Zeri,-1.68,12032
Ziggs,,Yasuo,-1.58,10361
Ziggs,,Xerath,-0.35,25733
Ziggs,,Riven,-3.05,213
Ziggs,,Veigar,0.85,13533
Ziggs,,Vex,-3.17,557
Ziggs,,Vel'Koz,-0.17,4321
Ziggs,,Smolder,-0.78,22799
Ziggs,,Senna,-0.50,12612
Ziggs,,Malzahar,-0.90,3077
Ziggs,,Kai'Sa,-2.68,86896
Ziggs,,Annie,-2.85,423
Ziggs,,Teemo,-0.63,1655
Ziggs,,Hwei,0.52,8213
Ziggs,,Twitch,-0.93,21945
Ziggs,,Jayce,-6.11,1017
Ziggs,,Urgot,-4.35,110
Ziggs,,Lux,0.73,7426
Ziggs,,Swain,1.30,5844
Ziggs,,Ryze,-3.59,563
Ziggs,,Nilah,0.88,4425
Ziggs,,Kog'Maw,0.48,7273
Ziggs,,Sivir,-1.19,24227
Ziggs,,Zilean,-2.89,216
Ziggs,,Olaf,1.16,344
Ziggs,,Qiyana,-2.98,164
Ziggs,,Seraphine,1.89,17532
Ziggs,,Dr. Mundo,-3.04,410
Ziggs,,Kalista,-2.52,6836
Ziggs,,Gwen,1.55,299
Ziggs,,Quinn,-2.29,348
Ziggs,,Viktor,0.98,22493
Ziggs,,Twisted Fate,-4.17,1059
Ziggs,,Tristana,-0.23,37504
Ziggs,,Jhin,-0.90,78251
Ziggs,,Locke,-3.60,1280
Ziggs,,Fizz,-0.51,438
Ziggs,,Graves,-2.72,231
Ziggs,,Irelia,-1.65,1062
Ziggs,,Diana,-4.16,217
Ziggs,,LeBlanc,-5.85,362
Ziggs,,Aurora,-1.60,525
Ziggs,,Xayah,1.07,14164
Ziggs,,Jinx,1.59,52131
Ziggs,,Naafiri,0.82,458
Ziggs,,Anivia,-0.97,843
Ziggs,,Syndra,0.33,20994
Ziggs,,Samira,0.61,22856
Ziggs,,Rengar,-6.26,281
Ziggs,,Garen,-3.04,208
Ziggs,,Lucian,-1.01,34029
Ziggs,,Zyra,2.03,916
Ziggs,,Ashe,0.60,38166
Ziggs,,Kayle,0.49,184
Ziggs,,Cassiopeia,-0.69,2376
Ziggs,,Miss Fortune,1.63,73453
Ziggs,,Yunara,0.48,22542
Ziggs,,Sion,0.64,550
Ziggs,,Draven,0.33,14985
Ziggs,,Sylas,-2.61,2009
Ziggs,,Aphelios,1.24,17201
Ziggs,,Ezreal,-1.44,74964
Ziggs,,Akshan,0.17,708
Ziggs,,Corki,0.51,5347
Ziggs,,Gangplank,-2.61,179
Ziggs,,Caitlyn,2.02,118560
Ziggs,,Gnar,-6.02,101
Ziggs,,Zoe,-1.49,429
Ziggs,,Akali,-4.70,760
Ziggs,,Taliyah,0.86,1685
Ziggs,,Aatrox,-2.39,276
Ziggs,,Pantheon,-0.08,355
Ziggs,,Cho'Gath,0.08,501
Ziggs,,Lissandra,1.17,509
Ziggs,,Kindred,-0.09,247
Ziggs,,Morgana,1.32,637
Ziggs,,Neeko,-0.52,247
Ziggs,,Mel,1.89,27559
Ziggs,,Varus,1.42,12264
Ziggs,,Azir,-0.32,342
Ziggs,,Darius,0.48,179
Ziggs,,Tryndamere,4.45,123
Ziggs,,Orianna,2.93,582
Ziggs,,Pyke,0.53,116
Ziggs,,Kennen,2.83,182
Ziggs,,Camille,-0.10,117
Ziggs,,Lee Sin,0.65,132
Ziggs,,Malphite,4.32,203
Ziggs,,Yorick,7.84,176
Ziggs,,Karma,8.43,122
Ziggs,,Nidalee,6.73,147
Ziggs,,Thresh,7.08,103
Zilean,,Fizz,-4.69,260
Zilean,,Sona,-0.60,8953
Zilean,,Kennen,-3.72,216
Zilean,,Elise,-1.81,1150
Zilean,,Senna,-1.11,16874
Zilean,,Janna,-0.35,8278
Zilean,,Gragas,-3.73,528
Zilean,,Soraka,-0.61,12273
Zilean,,Sylas,-2.99,3838
Zilean,,Quinn,-3.01,210
Zilean,,Maokai,-0.56,4959
Zilean,,Xin Zhao,-5.90,135
Zilean,,Milio,-0.32,12995
Zilean,,Amumu,0.14,1530
Zilean,,Shaco,-1.56,4206
Zilean,,Taric,1.27,3452
Zilean,,Nami,-0.14,21600
Zilean,,Leona,0.56,21108
Zilean,,Zyra,0.01,9784
Zilean,,LeBlanc,-1.27,1684
Zilean,,Ahri,-3.53,397
Zilean,,Thresh,0.44,29929
Zilean,,Vel'Koz,0.03,9312
Zilean,,Alistar,0.06,7718
Zilean,,Tahm Kench,-0.53,8602
Zilean,,Seraphine,0.52,30993
Zilean,,Lux,-0.43,30790
Zilean,,Pyke,-1.65,16425
Zilean,,Poppy,1.61,5691
Zilean,,Galio,0.78,3349
Zilean,,Morgana,0.73,18913
Zilean,,Rakan,0.55,7280
Zilean,,Brand,0.70,10205
Zilean,,Xerath,0.61,8948
Zilean,,Teemo,0.96,2578
Zilean,,Viego,-5.30,113
Zilean,,Shen,0.48,4334
Zilean,,Blitzcrank,0.47,13973
Zilean,,Zac,-0.46,703
Zilean,,Braum,1.41,7716
Zilean,,Nautilus,0.39,24764
Zilean,,Rell,2.07,7677
Zilean,,Lulu,0.22,18401
Zilean,,Karma,-0.40,13320
Zilean,,Evelynn,-0.26,112
Zilean,,Syndra,-0.84,526
Zilean,,Fiddlesticks,0.86,1389
Zilean,,Pantheon,0.23,11370
Zilean,,Jarvan IV,-0.22,1021
Zilean,,Jax,-1.68,317
Zilean,,Zoe,-1.40,1785
Zilean,,Sion,0.87,790
Zilean,,Bard,0.23,11223
Zilean,,Yuumi,-1.48,11897
Zilean,,Malphite,-0.83,2568
Zilean,,Ziggs,-0.77,784
Zilean,,Renata Glasc,2.29,2312
Zilean,,Orianna,-4.18,252
Zilean,,Neeko,-0.10,5092
Zilean,,Swain,1.25,10625
Zilean,,Rammus,2.81,303
Zilean,,Karthus,-1.85,168
Zilean,,Aatrox,-4.35,123
Zilean,,Camille,0.38,12405
Zilean,,Skarner,0.15,555
Zilean,,Annie,2.59,803
Zilean,,Malzahar,-0.74,485
Zilean,,Nasus,-4.71,234
Zilean,,Jhin,-4.72,298
Zilean,,Anivia,0.49,1221
Zilean,,Lissandra,0.84,568
Zilean,,Ivern,0.52,466
Zilean,,Twisted Fate,1.67,564
Zilean,,Hwei,3.02,1723
Zilean,,Kai'Sa,-6.44,105
Zilean,,Ashe,-0.95,3106
Zilean,,Cho'Gath,0.23,568
Zilean,,Trundle,-0.48,284
Zilean,,Qiyana,0.06,216
Zilean,,Taliyah,1.10,292
Zilean,,Vex,0.66,266
Zilean,,Kayle,0.61,165
Zilean,,Master Yi,0.38,192
Zilean,,Locke,-1.00,407
Zilean,,Kog'Maw,1.86,144
Zilean,,Heimerdinger,3.07,559
Zilean,,Wukong,2.66,190
Zilean,,Aurelion Sol,2.60,231
Zilean,,Veigar,2.40,2147
Zilean,,Ekko,2.04,229
Zilean,,Vi,2.07,567
Zilean,,Mel,-0.74,7380
Zilean,,Singed,2.22,363
Zilean,,Rengar,-1.01,269
Zilean,,Dr. Mundo,1.66,189
Zilean,,Nunu & Willump,1.65,415
Zilean,,Lee Sin,-0.40,652
Zilean,,Nidalee,3.31,669
Zilean,,Caitlyn,-6.16,183
Zilean,,Volibear,-1.55,102
Zilean,,Viktor,1.32,135
Zilean,,Ornn,2.31,267
Zilean,,Sett,3.24,516
Zilean,,Diana,-0.10,113
Zilean,,Jayce,2.02,158
Zilean,,Sejuani,5.07,272
Zilean,,Zed,0.58,296
Zilean,,Mordekaiser,0.24,179
Zilean,,Briar,4.29,234
Zilean,,Twitch,2.13,1171
Zilean,,Miss Fortune,2.63,1073
Zilean,,Katarina,2.52,133
Zilean,,Darius,3.48,171
Zilean,,Naafiri,3.53,117
Zilean,,Aurora,3.34,112
Zilean,,Ezreal,2.99,509
Zilean,,Yone,0.28,161
Zilean,,Yasuo,3.37,249
Zilean,,Varus,2.04,109
Zoe,,Warwick,-12.00,100
Zoe,,Sejuani,-7.54,102
Zoe,,Malzahar,-4.25,18672
Zoe,,Nasus,-2.49,1669
Zoe,,Naafiri,-4.90,7240
Zoe,,Heimerdinger,-1.91,1403
Zoe,,Teemo,-3.86,920
Zoe,,Zyra,-5.60,568
Zoe,,Kennen,-2.65,775
Zoe,,Karthus,-4.53,393
Zoe,,Yorick,-3.38,596
Zoe,,Kog'Maw,-2.61,574
Zoe,,Zac,-0.91,207
Zoe,,Zilean,-0.70,711
Zoe,,Volibear,-4.09,100
Zoe,,Dr. Mundo,-3.76,465
Zoe,,Singed,2.45,480
Zoe,,Gragas,-1.18,804
Zoe,,Fizz,-0.68,16809
Zoe,,Rumble,-2.13,264
Zoe,,Tryndamere,1.22,864
Zoe,,Shen,-1.14,172
Zoe,,Gwen,-0.18,2267
Zoe,,Fiora,-0.70,163
Zoe,,Gangplank,-2.06,1603
Zoe,,Seraphine,-3.76,640
Zoe,,Briar,1.85,742
Zoe,,Kayle,-0.39,842
Zoe,,Ziggs,-1.48,2388
Zoe,,Jarvan IV,-1.99,170
Zoe,,Viego,-2.33,544
Zoe,,Quinn,-0.04,752
Zoe,,Morgana,-0.86,2348
Zoe,,Annie,-1.42,4967
Zoe,,Kalista,-1.33,157
Zoe,,Lux,-0.16,14214
Zoe,,Xerath,0.61,11253
Zoe,,Kassadin,-1.45,5551
Zoe,,Veigar,0.40,17780
Zoe,,Diana,-0.90,10576
Zoe,,Twitch,-3.78,401
Zoe,,Tahm Kench,0.01,219
Zoe,,Sion,0.33,1430
Zoe,,Ekko,-0.52,8799
Zoe,,Malphite,0.09,1831
Zoe,,Garen,1.78,920
Zoe,,Yasuo,-1.63,25206
Zoe,,Twisted Fate,-0.14,10639
Zoe,,Swain,1.14,1845
Zoe,,Vex,0.81,9691
Zoe,,Sett,2.75,348
Zoe,,Nocturne,0.80,176
Zoe,,Katarina,-0.91,17429
Zoe,,Hwei,0.59,9660
Zoe,,Galio,-0.42,10596
Zoe,,Syndra,0.51,18862
Zoe,,Wukong,0.89,230
Zoe,,Neeko,0.09,1126
Zoe,,Kled,3.15,244
Zoe,,Ahri,0.65,28535
Zoe,,Anivia,0.01,5060
Zoe,,Talon,-0.80,4945
Zoe,,Shaco,-4.06,102
Zoe,,Aurelion Sol,0.73,3864
Zoe,,Jhin,-2.30,629
Zoe,,LeBlanc,-0.57,11463
Zoe,,Viktor,1.68,20329
Zoe,,Irelia,0.12,6732
Zoe,,Nunu & Willump,-0.96,558
Zoe,,Vi,-0.17,196
Zoe,,Pantheon,2.39,2311
Zoe,,Lissandra,1.48,9554
Zoe,,Yone,0.56,20714
Zoe,,Zed,0.54,22325
Zoe,,Master Yi,0.76,358
Zoe,,Fiddlesticks,3.07,180
Zoe,,Zaahen,0.55,138
Zoe,,Brand,1.92,2852
Zoe,,Vladimir,2.33,8922
Zoe,,Locke,-0.07,15879
Zoe,,Graves,-1.58,207
Zoe,,Vel'Koz,2.34,2407
Zoe,,Nidalee,-2.53,151
Zoe,,Jayce,-0.39,1563
Zoe,,Akshan,0.54,5501
Zoe,,Ornn,0.67,119
Zoe,,Ryze,-0.98,6093
Zoe,,Cho'Gath,2.05,1156
Zoe,,Riven,2.24,1133
Zoe,,Akali,0.84,17228
Zoe,,Xin Zhao,2.54,488
Zoe,,Sylas,1.48,19234
Zoe,,Kayn,0.86,100
Zoe,,Aurora,1.32,5529
Zoe,,Mel,-1.53,12099
Zoe,,Taliyah,0.41,2353
Zoe,,Tristana,0.33,2091
Zoe,,Vayne,1.17,376
Zoe,,Camille,1.61,118
Zoe,,Darius,2.35,160
Zoe,,Samira,-2.38,106
Zoe,,Varus,-0.95,624
Zoe,,Cassiopeia,0.88,3925
Zoe,,Zeri,0.87,141
Zoe,,Mordekaiser,7.14,493
Zoe,,Renekton,5.63,343
Zoe,,Caitlyn,0.10,715
Zoe,,Olaf,5.25,104
Zoe,,Ambessa,5.33,545
Zoe,,Orianna,1.31,6819
Zoe,,Azir,1.63,4372
Zoe,,Karma,2.86,377
Zoe,,Aphelios,2.52,110
Zoe,,Lee Sin,0.69,291
Zoe,,Ezreal,-0.68,1308
Zoe,,Illaoi,7.71,181
Zoe,,Qiyana,3.13,4440
Zoe,,Smolder,3.11,1058
Zoe,,Pyke,1.74,180
Zoe,,Kai'Sa,1.89,774
Zoe,,Miss Fortune,2.24,446
Zoe,,K'Sante,3.98,192
Zoe,,Ashe,0.93,437
Zoe,,Corki,1.48,667
Zoe,,Draven,4.59,160
Zoe,,Aatrox,6.33,270
Zoe,,Senna,2.68,104
Zoe,,Lucian,2.05,591
Zoe,,Urgot,9.46,139
Zoe,,Jinx,7.09,112
Zoe,,Sivir,4.64,180
Zoe,,Jax,12.46,167
Zyra,,Fizz,-6.32,412
Zyra,,Rumble,-9.58,145
Zyra,,Taric,-0.84,4696
Zyra,,Rammus,-2.91,402
Zyra,,Sejuani,-4.70,392
Zyra,,Milio,-1.09,16504
Zyra,,Amumu,-0.70,2208
Zyra,,Sona,-0.48,11421
Zyra,,Leona,-0.47,34663
Zyra,,Galio,-1.30,5463
Zyra,,Twisted Fate,-3.10,657
Zyra,,Xerath,-0.99,15456
Zyra,,Rell,0.13,10580
Zyra,,Shen,-1.19,6247
Zyra,,Shaco,-1.47,6158
Zyra,,Nautilus,-1.26,35052
Zyra,,Alistar,-0.67,9858
Zyra,,Zilean,-0.03,9784
Zyra,,Evelynn,-2.06,148
Zyra,,LeBlanc,-1.45,2129
Zyra,,Soraka,0.05,16901
Zyra,,Maokai,-0.04,7612
Zyra,,Nami,0.06,27428
Zyra,,Janna,0.79,7887
Zyra,,Hwei,-0.51,2727
Zyra,,Heimerdinger,-1.99,1182
Zyra,,Blitzcrank,-0.29,19218
Zyra,,Fiddlesticks,-0.45,1921
Zyra,,Kled,-4.21,124
Zyra,,Sion,-0.72,1265
Zyra,,Rakan,0.22,8975
Zyra,,Teemo,0.60,4432
Zyra,,Syndra,-1.75,847
Zyra,,Seraphine,0.66,55993
Zyra,,Vel'Koz,0.38,15198
Zyra,,Thresh,0.90,38943
Zyra,,Braum,0.90,10228
Zyra,,Poppy,1.68,7478
Zyra,,Ivern,-2.32,640
Zyra,,Lux,0.01,58674
Zyra,,Zed,-5.68,427
Zyra,,Morgana,1.06,37139
Zyra,,Pantheon,-0.11,16339
Zyra,,Karma,-0.40,16688
Zyra,,Brand,1.17,19909
Zyra,,Sylas,-0.70,3911
Zyra,,Zac,-0.18,1010
Zyra,,Tahm Kench,0.50,13451
Zyra,,Briar,-3.66,397
Zyra,,Rek'Sai,-1.76,106
Zyra,,Jayce,-3.61,229
Zyra,,Bard,-0.33,11341
Zyra,,Senna,1.58,24761
Zyra,,Lulu,0.63,21894
Zyra,,Yuumi,-2.02,17292
Zyra,,Pyke,-0.45,22585
Zyra,,Ornn,-2.76,402
Zyra,,Jarvan IV,0.26,1517
Zyra,,Vex,-1.63,460
Zyra,,Camille,-0.69,14997
Zyra,,Master Yi,-2.16,317
Zyra,,Elise,1.77,1178
Zyra,,Renata Glasc,1.99,2891
Zyra,,Annie,1.60,1098
Zyra,,Malphite,-0.91,4668
Zyra,,Swain,0.83,18751
Zyra,,Twitch,-4.75,1654
Zyra,,Vi,-0.61,772
Zyra,,Qiyana,-1.17,249
Zyra,,Zoe,-0.31,2210
Zyra,,Anivia,-0.08,1864
Zyra,,Sett,-0.54,836
Zyra,,Dr. Mundo,-1.36,347
Zyra,,Akshan,-6.14,110
Zyra,,Ekko,-0.21,382
Zyra,,Jax,-0.38,503
Zyra,,Warwick,-3.47,108
Zyra,,Rengar,-3.81,363
Zyra,,Ziggs,-0.10,1619
Zyra,,Viego,-2.74,154
Zyra,,Karthus,-1.51,293
Zyra,,Katarina,-4.44,215
Zyra,,Kennen,1.15,304
Zyra,,Ashe,-1.21,5459
Zyra,,Viktor,-1.41,243
Zyra,,Gragas,1.22,695
Zyra,,Nunu & Willump,-0.58,612
Zyra,,Trundle,-0.60,380
Zyra,,Zaahen,-0.36,141
Zyra,,Veigar,1.15,3669
Zyra,,Malzahar,0.20,966
Zyra,,Lissandra,1.59,832
Zyra,,Lee Sin,-2.34,1016
Zyra,,Neeko,1.59,9099
Zyra,,Yorick,-2.37,233
Zyra,,Kayle,0.40,222
Zyra,,Xin Zhao,-0.45,216
Zyra,,Nidalee,1.64,983
Zyra,,Locke,-1.00,633
Zyra,,Ahri,1.70,658
Zyra,,Miss Fortune,-2.59,2379
Zyra,,Cho'Gath,1.40,1146
Zyra,,Urgot,-0.71,123
Zyra,,Darius,-1.65,247
Zyra,,Kog'Maw,2.59,254
Zyra,,Naafiri,-1.45,198
Zyra,,Aurelion Sol,3.86,415
Zyra,,Yone,-4.70,245
Zyra,,Skarner,3.90,604
Zyra,,Mel,0.42,14756
Zyra,,Singed,3.22,508
Zyra,,Quinn,5.07,276
Zyra,,Aurora,-0.39,133
Zyra,,Volibear,-0.48,214
Zyra,,Taliyah,4.43,332
Zyra,,Illaoi,-1.64,153
Zyra,,Wukong,5.25,310
Zyra,,Nasus,-0.16,339
Zyra,,Jhin,-0.25,482
Zyra,,Aatrox,1.48,200
Zyra,,Akali,-0.43,131
Zyra,,Vayne,-2.73,124
Zyra,,Orianna,2.37,370
Zyra,,Ezreal,0.75,827
Zyra,,Kai'Sa,-0.74,190
Zyra,,Cassiopeia,2.87,140
Zyra,,Diana,2.60,176
Zyra,,Garen,0.94,178
Zyra,,Mordekaiser,3.63,282
Zyra,,K'Sante,3.57,132
Zyra,,Yasuo,2.88,374
Zyra,,Caitlyn,-0.14,280
Zyra,,Varus,2.89,173
Zyra,,Jinx,-0.09,136
Zyra,,Tristana,6.56,119
